Date,Time,TOTAL_DEMAND,SOLAR_GEN,MEJA_DC,MEJA_SG,MEJA_AG,LANCO_DC,LANCO_SG,LANCO_AG,BARA_DC,BARA_SG,BARA_AG,TANDA_DC,TANDA_SG,TANDA_AG,LALITPUR_DC,LALITPUR_SG,LALITPUR_AG,Harduaganj Ex2_DC,Harduaganj Ex2_SG,Harduaganj Ex2_AG,ROSA 1_DC,ROSA 1_SG,ROSA 1_AG,ROSA 2_DC,ROSA 2_SG,ROSA 2_AG
23-Aug-26,19:00,24699,6,615,615,590,968,968,1032,945,945,1043,1060,1060,1104,1238,1237,1205,610,610,614,275,274,267,549,549,545
23-Aug-26,20:00,27493,5,615,612,613,968,922,1043,948,942,1084,1060,1059,1080,1237,1195,1244,610,575,613,275,268,275,549,535,570
23-Aug-26,21:00,27117,4,615,609,601,968,913,1007,950,938,1074,1060,1058,1052,1236,1153,1244,610,540,608,275,262,279,549,522,570
23-Aug-26,22:00,27311,4,615,606,603,968,905,1028,952,935,1080,1060,1058,1069,1234,1111,1243,609,504,603,276,256,280,548,508,565
23-Aug-26,23:00,27347,3,615,602,640,967,896,1002,955,932,1083,1061,1057,1094,1233,1070,1243,609,469,598,276,251,279,548,494,570
24-Aug-26,00:00,27575,2,615,599,614,966,888,990,958,928,1076,1062,1056,1042,1232,1028,1235,608,434,593,276,245,275,548,481,570
24-Aug-26,01:00,26502,1,615,596,624,966,855,974,960,925,1085,1062,1055,1053,1231,986,1228,608,399,419,277,239,279,547,467,471
24-Aug-26,02:00,25511,1,615,593,633,966,822,990,962,922,1083,1062,1054,1087,1230,944,1250,608,436,343,277,233,237,547,384,408
24-Aug-26,03:00,24494,0,615,590,584,966,790,984,965,919,1077,1062,1054,1080,1229,902,932,607,473,371,278,151,177,546,302,334
24-Aug-26,04:00,23727,-1,615,587,563,965,757,991,968,915,1085,1063,1053,1072,1228,1088,1079,607,511,384,278,192,189,546,384,375
24-Aug-26,05:00,23433,0,615,584,560,964,724,981,970,912,1093,1064,1052,1076,1226,1238,1203,606,548,400,278,151,173,546,302,331
24-Aug-26,06:00,21436,9,615,580,570,964,692,986,972,909,1097,1064,1051,1099,1225,1238,1250,606,585,579,279,275,270,545,549,549
24-Aug-26,07:00,19973,166,615,577,591,964,659,1005,975,905,1101,1064,1050,1090,1224,1052,1087,606,563,332,279,263,165,545,525,326
24-Aug-26,08:00,19697,416,615,574,608,964,626,703,978,902,1084,1064,1049,1026,1223,681,677,605,540,342,280,251,158,544,502,315
24-Aug-26,09:00,20721,766,615,571,591,963,538,676,983,937,1084,1065,1049,1046,1222,681,716,605,518,342,280,239,159,544,478,308
24-Aug-26,10:00,23065,1095,615,564,579,962,900,1006,988,1008,1097,1066,1048,1051,1220,866,861,604,495,341,280,228,157,544,455,309
24-Aug-26,11:00,23449,1238,615,576,617,962,922,1001,992,1008,1080,1066,1047,1037,1219,1150,1171,604,473,340,281,216,157,543,431,326
24-Aug-26,12:00,23408,1374,615,532,557,962,626,733,997,1007,1093,1066,1047,1005,1218,681,691,604,450,343,281,204,162,543,408,307
24-Aug-26,13:00,23532,1584,615,530,385,961,658,1059,1002,990,1088,1066,677,769,1217,1237,1204,603,428,458,282,192,216,542,384,455
24-Aug-26,14:00,22962,1405,615,528,368,961,691,1032,1006,972,1089,1067,770,1062,1216,1238,1242,603,428,432,282,233,234,542,467,470
24-Aug-26,15:00,22623,1166,615,527,353,961,724,1002,1011,954,1085,1068,862,991,1215,1238,1158,602,451,337,282,192,184,542,384,352
24-Aug-26,16:00,21528,856,615,525,564,960,756,806,1016,937,1047,1068,955,1072,1214,681,685,602,474,342,283,151,165,541,302,319
24-Aug-26,17:00,20613,482,615,605,625,960,538,692,1052,937,1058,1068,978,1098,1212,681,708,602,498,342,283,151,167,541,302,319
24-Aug-26,18:00,21682,155,615,339,442,959,871,1031,1089,980,1125,1069,1002,1116,1211,1052,1087,601,521,527,284,154,267,540,308,508
24-Aug-26,19:00,23718,150,615,351,647,959,884,1040,1125,1125,1393,1069,1026,1116,1231,1098,1226,601,535,558,284,157,281,540,315,565
24-Aug-26,20:00,26163,144,615,363,618,958,896,1014,1124,1124,1424,1069,1026,1049,1251,1145,1233,600,550,572,284,160,274,540,321,562
24-Aug-26,21:00,26851,139,615,376,579,958,908,1024,1123,1123,1389,1070,1027,1042,1270,1191,1226,600,565,570,285,164,270,539,327,556
24-Aug-26,22:00,26508,134,615,388,576,958,921,1039,1122,1122,1354,1070,1027,1017,1290,1237,1202,600,554,581,285,167,269,539,334,555
24-Aug-26,23:00,26140,128,615,400,580,958,921,1040,1120,1120,1363,1071,1028,1010,1310,1284,1210,599,543,584,286,170,270,538,340,549
25-Aug-26,00:00,26648,123,615,412,617,957,920,1046,1119,1119,1436,1071,1028,1046,1330,1330,1336,599,532,585,286,173,282,538,346,564
25-Aug-26,00:15,26297,118,615,424,624,956,920,1054,1118,1118,1435,1071,1029,1078,1360,1360,1382,598,520,583,286,176,274,538,352,569
25-Aug-26,00:30,25973,113,615,437,625,956,920,1058,1117,1117,1438,1072,1029,1063,1390,1390,1421,598,509,587,287,179,273,537,359,567
25-Aug-26,00:45,25535,107,615,449,599,956,919,1040,1116,1116,1400,1072,1030,1009,1420,1420,1429,598,498,586,287,183,276,537,365,565
25-Aug-26,01:00,25175,102,615,461,582,956,919,1039,1115,1115,1401,1073,1030,1019,1450,1450,1382,597,487,496,288,186,263,536,371,544
25-Aug-26,01:15,24755,97,615,473,590,955,918,1045,1113,1113,1408,1073,1031,1054,1458,1294,1212,597,394,393,288,189,220,536,378,444
25-Aug-26,01:30,24362,91,615,485,590,954,918,1050,1112,1112,1396,1073,1031,1061,1466,1139,1073,596,400,335,288,190,197,536,380,407
25-Aug-26,01:45,24127,86,615,498,587,954,917,1049,1111,1111,1407,1074,1032,1059,1473,983,964,596,405,339,289,191,161,535,383,307
25-Aug-26,02:00,23834,81,615,510,582,954,917,1036,1110,1110,1391,1074,1032,1022,1475,1039,995,596,411,343,289,192,155,535,385,303
25-Aug-26,02:15,23569,75,615,522,499,954,916,1046,1109,1109,1413,1075,1033,1036,1478,1095,1017,595,417,343,290,194,159,534,387,304
25-Aug-26,02:30,23399,70,615,429,452,953,916,1048,1108,1108,1386,1075,1033,1031,1480,1151,1041,595,422,379,290,195,178,534,390,330
25-Aug-26,02:45,22929,65,615,419,458,952,916,1046,1107,1107,1406,1075,1034,1057,1480,1182,1195,594,421,443,290,196,196,534,392,383
25-Aug-26,03:00,22711,59,615,409,463,952,915,1040,1105,1105,1414,1076,1034,1056,1481,1213,1219,594,420,430,291,199,200,533,399,394
25-Aug-26,03:15,22509,54,615,399,460,952,915,1043,1104,1104,1404,1076,1035,1058,1481,1245,1219,594,419,341,291,203,197,533,407,401
25-Aug-26,03:30,22317,49,615,389,462,951,914,1043,1103,1103,1412,1077,1035,1052,1482,1276,1257,593,418,343,292,207,199,532,414,403
25-Aug-26,03:45,22159,43,615,380,428,951,914,1046,1102,1102,1404,1077,1036,1067,1482,1307,1342,593,417,336,292,211,201,532,422,399
25-Aug-26,04:00,22035,38,615,370,429,951,914,1025,1101,1101,1397,1077,1036,1051,1482,1307,1311,592,417,340,292,214,200,532,429,403
25-Aug-26,04:15,21792,33,615,360,429,950,913,1049,1100,1100,1419,1078,1036,1052,1483,1383,1442,592,416,341,293,218,199,531,437,397
25-Aug-26,04:30,21535,28,615,350,408,950,913,1040,1098,1098,1400,1078,1037,1075,1483,1458,1411,592,415,341,293,222,205,531,444,399
25-Aug-26,04:45,21524,22,615,340,374,949,911,1041,1097,1097,1427,1079,1038,1059,1484,1534,1442,591,414,340,294,226,204,530,452,409
25-Aug-26,05:00,21424,17,615,432,438,949,909,1050,1096,1096,1282,1079,1038,1068,1484,1609,1457,591,413,385,294,229,221,530,459,413
25-Aug-26,05:15,20949,12,615,455,537,948,906,1051,1095,1095,1239,1079,1038,1081,1484,1657,1657,590,412,439,294,223,232,530,446,485
25-Aug-26,05:30,20882,6,615,478,582,948,904,1052,1085,1056,1213,1080,1039,1064,1485,1704,1711,590,397,438,295,217,244,529,434,481
25-Aug-26,05:45,20589,1,615,501,582,948,902,1027,1076,1018,1139,1080,1039,1066,1485,1752,1734,590,382,444,295,210,246,529,422,482
25-Aug-26,06:00,20164,4,615,524,580,948,892,1020,1066,979,1174,1081,1040,1066,1486,1800,1812,589,366,441,296,204,247,528,409,483
25-Aug-26,06:15,18780,15,615,524,593,947,881,1003,1057,941,1106,1081,1040,1067,1486,1800,1766,589,350,438,296,198,234,528,396,444
25-Aug-26,06:30,18611,44,615,523,605,946,871,888,1047,940,1116,1081,1041,1080,1486,1522,1619,588,356,352,296,197,207,528,394,415
25-Aug-26,06:45,18352,69,615,523,605,946,830,873,1038,940,1112,1082,1041,1079,1487,1427,1341,588,361,346,297,196,162,527,391,318
25-Aug-26,07:00,18004,113,615,504,597,946,789,860,1028,940,1116,1082,1042,1076,1487,1332,1311,588,367,341,297,195,160,527,389,309
25-Aug-26,07:15,17749,160,615,484,598,945,749,851,1018,939,1111,1083,1042,1080,1488,1238,1272,587,372,342,298,193,163,526,387,314
25-Aug-26,07:30,17639,228,615,465,591,945,708,859,1009,940,1079,1083,1043,1041,1488,1143,1163,587,378,340,298,192,157,526,385,308
25-Aug-26,07:45,17567,286,615,445,515,945,667,790,999,942,1023,1083,1043,994,1488,1160,1040,586,383,342,298,191,154,526,382,309
25-Aug-26,08:00,17697,342,615,426,384,944,626,711,990,943,1023,1083,1044,966,1489,1178,1036,586,389,341,299,190,155,525,380,310
25-Aug-26,08:15,18225,439,615,339,356,944,538,724,992,944,1036,1084,1044,975,1489,1195,1032,586,395,342,299,189,155,525,378,312
25-Aug-26,08:30,18420,482,615,342,356,943,572,604,994,950,1036,1084,1045,975,1490,1212,1029,585,400,342,300,188,154,524,375,313
25-Aug-26,08:45,18831,553,615,386,395,943,598,635,997,956,1029,1085,1045,985,1490,1230,1025,585,406,339,300,187,152,524,373,314
25-Aug-26,09:00,19128,652,615,381,385,943,625,636,999,962,1027,1085,1046,980,1490,1247,1025,584,411,341,300,185,152,524,371,310
25-Aug-26,09:15,20116,621,615,376,386,942,651,635,1001,968,1065,1085,1046,1046,1491,1264,1032,584,417,340,301,184,159,523,369,315
25-Aug-26,09:30,20471,656,615,372,402,942,678,687,1004,974,1090,1086,1023,1084,1491,1282,1171,584,422,365,301,183,168,523,366,333
25-Aug-26,09:45,21187,712,615,367,386,941,704,793,1006,980,1105,1086,1000,1055,1492,1217,1324,583,428,420,302,182,201,522,364,391
25-Aug-26,10:00,21306,745,615,362,378,941,704,823,1010,985,1045,1087,977,1025,1492,1152,1309,583,428,440,302,172,203,522,343,391
25-Aug-26,10:15,21849,897,615,357,386,941,871,974,1014,991,1099,1087,954,1101,1492,1086,1316,582,425,363,302,161,191,522,322,394
25-Aug-26,10:30,22086,1013,615,352,376,940,912,974,1018,996,1104,1087,932,1048,1493,1110,1062,582,421,360,303,168,156,521,336,314
25-Aug-26,10:45,22101,962,615,348,385,940,912,944,1021,1002,1042,1088,909,1055,1493,1133,1031,582,418,356,303,175,161,521,350,312
25-Aug-26,11:00,22085,1100,615,343,375,939,746,824,1025,1003,1075,1088,886,1038,1494,1157,1016,581,414,353,304,182,160,520,365,315
25-Aug-26,11:15,22179,1113,615,343,375,939,579,692,1029,1004,1081,1089,863,917,1494,1181,1031,581,411,350,304,189,157,520,379,311
25-Aug-26,11:30,22253,1079,615,342,384,938,538,646,1033,1005,1140,1089,873,890,1494,1204,1085,580,408,346,304,196,158,520,393,312
25-Aug-26,11:45,22173,1222,615,342,381,938,538,702,1037,1005,1136,1089,884,877,1495,1228,1054,580,404,345,305,203,156,519,407,311
25-Aug-26,12:00,22400,1103,615,342,376,938,704,876,1041,1006,1079,1089,894,807,1495,1252,1031,580,401,344,305,210,157,519,421,310
25-Aug-26,12:15,22325,1156,615,341,375,938,871,962,1044,1007,1067,1090,905,828,1496,1275,1100,579,397,344,306,218,153,518,436,309
25-Aug-26,12:30,22281,1241,615,341,377,937,865,954,1048,1013,1063,1090,915,742,1496,1299,1300,579,394,343,306,225,157,518,450,308
25-Aug-26,12:45,22420,1288,615,340,376,936,859,958,1052,1018,1068,1091,926,743,1496,1299,1215,578,390,342,306,232,157,518,464,306
25-Aug-26,13:00,22371,1196,615,340,368,936,853,962,1056,1024,1043,1091,936,751,1497,1021,1037,578,387,342,307,239,156,517,478,305
25-Aug-26,13:15,22113,1089,615,340,368,936,854,944,1060,1029,1058,1091,946,752,1497,1021,1022,578,384,341,307,246,154,517,492,304
25-Aug-26,13:30,22008,962,615,339,372,935,854,944,1064,1035,1056,1092,957,807,1498,1299,1268,577,380,341,308,253,157,516,506,312
25-Aug-26,13:45,22355,982,615,339,380,935,855,949,1067,1041,1110,1092,967,840,1498,1299,1401,577,377,343,308,260,157,516,521,311
25-Aug-26,14:00,22394,915,615,338,370,935,855,950,1071,1046,1065,1093,978,847,1498,1449,1532,576,373,341,308,267,158,516,535,311
25-Aug-26,15:00,22447,643,615,347,369,934,856,950,1075,1052,1128,1093,988,1041,1499,1856,1828,576,370,376,309,274,279,515,549,553
25-Aug-26,15:15,21968,620,615,357,368,934,856,951,1079,1058,1084,1094,989,1063,1499,1824,1619,576,375,361,309,233,237,515,467,487
25-Aug-26,15:30,21941,549,615,366,358,933,857,944,1083,1063,1060,1094,989,1037,1500,1792,1565,575,380,358,310,217,195,514,434,390
25-Aug-26,15:45,21816,492,615,376,356,933,858,940,1087,1069,1037,1094,990,1006,1500,1760,1572,575,384,357,310,200,191,514,401,384
25-Aug-26,16:00,21499,411,615,385,354,932,858,950,1090,1074,1088,1094,991,1076,1500,1728,1735,574,389,357,310,184,203,514,368,396
25-Aug-26,16:15,20742,356,615,394,353,932,859,944,1094,1080,1065,1095,991,1060,1501,1728,1696,574,394,356,311,167,186,513,335,378
25-Aug-26,16:30,20627,279,615,404,351,932,859,937,1098,1086,1042,1095,992,983,1501,1578,1495,574,399,355,311,171,149,513,342,295
25-Aug-26,16:45,20335,205,615,413,354,932,860,939,1102,1091,1042,1096,992,1022,1502,1490,1378,573,404,356,312,174,159,512,349,298
25-Aug-26,17:00,20338,181,615,423,379,931,861,944,1106,1097,1099,1096,993,1080,1502,1403,1371,573,409,356,312,178,162,512,356,311
25-Aug-26,17:15,20253,121,615,432,430,930,861,948,1110,1103,1088,1096,994,1083,1502,1316,1348,572,414,356,312,181,157,512,363,331
25-Aug-26,17:30,20473,80,615,525,495,930,862,949,1113,1108,1097,1096,994,1074,1503,1228,1239,572,418,357,313,185,168,511,370,320
25-Aug-26,17:45,20849,55,615,526,548,930,862,950,1117,1114,1121,1097,995,1090,1503,1228,1262,572,423,375,313,188,169,511,377,339
25-Aug-26,18:00,21277,34,615,527,579,929,863,953,1121,1119,1259,1097,996,1111,1504,1506,1548,571,428,459,314,192,219,510,384,441
25-Aug-26,18:15,22225,11,615,529,574,929,864,910,1149,1147,1290,1098,996,1105,1504,1785,1779,571,521,539,314,233,248,510,387,509
25-Aug-26,18:30,22185,10,615,530,564,929,864,958,1177,1175,1333,1098,997,1104,1504,1780,1871,570,580,586,314,274,275,510,390,552
25-Aug-26,18:45,22500,9,615,531,583,928,865,964,1204,1204,1315,1098,998,1098,1505,1775,1887,570,540,599,315,272,279,509,393,561
25-Aug-26,19:00,22878,9,615,532,591,928,865,965,1232,1232,1323,1098,998,1109,1505,1770,1879,570,558,595,315,270,278,509,396,566
25-Aug-26,19:15,25023,10,615,533,592,927,866,970,1228,1228,1387,1099,999,1101,1506,1765,1856,569,575,595,316,268,278,508,399,562
25-Aug-26,19:30,24878,10,615,535,597,927,866,966,1223,1223,1393,1100,1000,1102,1506,1760,1872,569,580,606,316,266,278,508,402,561
25-Aug-26,19:45,24894,10,615,536,614,927,864,980,1219,1219,1410,1100,1000,1089,1506,1755,1879,568,584,618,316,264,277,508,405,558
25-Aug-26,20:00,25124,11,615,537,627,926,862,976,1214,1214,1379,1100,1001,1060,1507,1750,1887,568,588,615,317,262,276,507,408,560
25-Aug-26,20:15,25122,12,615,538,596,926,860,951,1210,1210,1365,1100,1001,1014,1507,1746,1848,568,589,613,317,260,276,507,411,558
25-Aug-26,20:30,25374,12,615,540,589,925,857,959,1205,1205,1371,1101,1002,1035,1508,1741,1856,567,590,612,318,258,276,506,414,550
25-Aug-26,20:45,25627,12,615,541,605,925,855,969,1201,1201,1368,1101,1003,1063,1508,1736,1841,567,591,617,318,256,275,506,417,552
25-Aug-26,21:00,25920,13,615,542,628,925,853,967,1196,1196,1393,1102,1003,1070,1508,1731,1856,566,592,615,318,254,275,506,420,561
25-Aug-26,21:15,26045,13,615,543,624,924,851,967,1192,1192,1401,1102,1004,1084,1509,1726,1872,566,593,615,319,253,274,505,423,560
25-Aug-26,21:30,26572,14,615,544,625,924,849,975,1187,1187,1406,1102,1005,1071,1509,1721,1864,566,593,617,319,251,274,505,426,560
25-Aug-26,21:45,26259,14,615,546,627,923,847,970,1183,1183,1399,1102,1005,1027,1510,1716,1848,565,594,613,320,249,273,504,429,559
25-Aug-26,22:00,26140,14,615,547,596,923,844,967,1178,1178,1376,1103,1006,1009,1510,1711,1848,565,594,614,320,247,272,504,432,552
25-Aug-26,22:15,26281,15,615,548,588,922,842,964,1174,1174,1384,1103,1007,1050,1510,1706,1833,564,594,614,320,245,273,504,435,562
25-Aug-26,22:30,26323,15,615,549,591,922,840,973,1169,1169,1410,1103,1007,1046,1511,1701,1848,564,595,610,321,243,275,503,437,559
25-Aug-26,22:45,26180,16,615,550,582,922,838,967,1165,1165,1400,1103,1008,1041,1511,1696,1856,564,576,609,321,241,273,503,440,559
25-Aug-26,23:00,26192,16,615,552,586,922,836,975,1160,1160,1409,1103,1008,1046,1512,1691,1852,563,558,610,322,239,275,502,443,561
25-Aug-26,23:15,26488,16,615,553,586,921,834,976,1156,1156,1415,1103,1009,1072,1512,1686,1848,563,539,598,322,237,276,502,446,564
25-Aug-26,23:30,26580,17,615,554,588,920,831,963,1152,1152,1421,1104,1010,1094,1512,1682,1845,562,521,597,322,235,269,502,449,552
25-Aug-26,23:45,26800,17,615,555,590,920,829,962,1147,1147,1412,1104,1010,1072,1513,1677,1841,562,502,551,323,236,249,501,452,489
26-Aug-26,00:00,26559,18,615,556,592,920,827,979,1143,1143,1388,1104,1011,1050,1513,1672,1826,562,502,576,323,236,255,501,455,507
26-Aug-26,00:15,26245,18,615,558,594,920,825,973,1138,1138,1393,1104,1012,1053,1514,1667,1857,561,580,584,324,237,259,500,458,559
26-Aug-26,00:30,26086,18,615,559,590,919,823,958,1134,1134,1407,1104,1012,1039,1514,1662,1865,561,580,586,324,238,263,500,461,556
26-Aug-26,00:45,25839,19,615,560,590,918,821,956,1129,1129,1387,1104,1013,1026,1514,1657,1849,560,553,579,324,238,267,500,464,557
26-Aug-26,01:00,25599,19,615,561,591,918,818,937,1125,1125,1393,1104,1014,1027,1515,1652,1857,560,526,571,325,239,271,499,467,556
26-Aug-26,01:15,25355,20,615,563,591,918,816,911,1120,1120,1387,1104,1014,1043,1515,1647,1849,560,499,570,325,240,270,499,470,559
26-Aug-26,01:30,25060,20,615,564,592,918,814,907,1116,1116,1413,1104,1015,1077,1516,1642,1842,559,472,484,326,241,273,498,473,560
26-Aug-26,01:45,24693,20,615,565,601,917,825,915,1111,1111,1409,1104,1016,1044,1516,1637,1857,559,472,505,326,241,274,498,476,566
26-Aug-26,02:00,24434,21,615,566,591,916,835,922,1107,1107,1389,1104,1016,1015,1516,1632,1865,558,449,569,326,242,273,498,479,569
26-Aug-26,02:15,24293,21,615,567,620,916,846,893,1102,1102,1402,1104,1017,1032,1517,1627,1834,558,426,575,327,243,267,497,482,558
26-Aug-26,02:30,24006,22,615,569,619,916,856,915,1098,1098,1402,1104,1017,1043,1517,1622,1834,558,402,574,327,243,255,497,485,561
26-Aug-26,04:30,22245,22,615,570,623,916,846,980,1093,1093,1447,1104,1018,1032,1518,1617,1865,557,420,391,328,244,238,496,488,483
26-Aug-26,04:45,22128,22,615,571,608,915,837,983,1089,1089,1432,1104,1019,1031,1518,1612,1857,557,437,393,328,254,250,496,508,481
26-Aug-26,05:00,21929,23,615,571,602,914,827,974,1084,1084,1326,1104,1019,1037,1518,1608,1865,556,454,410,328,264,259,496,528,507
26-Aug-26,05:15,21489,24,615,564,625,914,817,976,1080,1080,1240,1104,1021,1035,1519,1603,1840,556,442,492,329,259,274,495,518,548
26-Aug-26,05:30,21412,24,615,557,628,914,808,986,1074,1050,1178,1104,1024,1034,1519,1598,1832,556,429,485,329,254,269,495,508,561
26-Aug-26,05:45,20989,24,615,550,628,913,798,981,1067,1020,1134,1105,1026,1023,1520,1593,1840,555,416,486,330,248,267,494,498,550
26-Aug-26,06:00,20493,25,615,543,635,913,788,975,1061,990,1117,1105,1029,1023,1520,1588,1825,555,404,483,330,243,266,494,487,554
26-Aug-26,06:15,19344,25,615,536,635,913,778,972,1055,959,1133,1105,1031,1035,1520,1583,1748,554,392,479,330,238,259,494,477,551
26-Aug-26,06:30,19046,51,615,529,615,912,769,981,1048,929,1121,1105,1033,1038,1521,1578,1547,554,379,379,331,233,237,493,467,468
26-Aug-26,06:45,18875,89,615,522,522,912,759,983,1042,899,1156,1105,1036,1011,1521,1350,1369,554,373,338,331,228,210,493,457,389
26-Aug-26,07:00,18705,122,615,429,433,911,749,984,1035,921,1107,1105,1038,986,1522,1450,1462,553,368,358,332,223,219,492,447,403
26-Aug-26,07:15,18456,190,615,339,368,911,740,975,1029,943,1081,1105,1041,1031,1522,1728,1739,553,362,449,332,218,239,492,437,487
26-Aug-26,07:30,18524,259,615,339,353,911,730,973,1023,966,1064,1105,1043,1014,1522,1690,1832,552,356,434,332,214,254,492,428,536
26-Aug-26,07:45,18524,339,615,358,405,910,720,973,1016,988,1045,1105,1046,1005,1523,1653,1847,552,350,435,333,209,258,492,418,543
26-Aug-26,08:00,18567,425,615,376,354,910,711,931,1020,1010,1033,1105,1048,1002,1523,1616,1724,552,345,431,333,204,261,492,408,535
26-Aug-26,08:15,18647,469,615,395,350,909,690,769,1024,1004,1017,1105,1050,990,1524,1537,1515,551,339,342,334,199,223,492,398,440
26-Aug-26,08:30,18774,528,615,413,373,909,668,811,1029,997,1058,1105,1053,1006,1524,1458,1546,551,344,341,334,194,193,492,388,408
26-Aug-26,08:45,19233,569,615,432,368,909,647,759,1033,991,1125,1105,1055,1027,1524,1378,1561,550,348,344,334,196,178,492,392,392
26-Aug-26,09:00,19374,620,615,451,371,908,626,731,1037,985,1074,1105,1058,985,1525,1299,1322,550,353,343,335,198,157,492,395,318
26-Aug-26,09:15,20154,545,615,469,358,908,626,664,1041,978,1064,1105,1060,1064,1525,1299,1237,550,357,345,335,199,154,492,399,316
26-Aug-26,09:30,20622,581,615,488,367,907,639,648,1045,972,1097,1105,1060,1075,1526,1281,1045,549,362,344,336,201,158,492,403,317
26-Aug-26,09:45,20939,645,615,506,483,907,652,642,1050,981,1106,1105,875,944,1526,1262,1029,549,366,343,336,203,156,492,407,316
26-Aug-26,10:00,21170,651,615,525,593,906,665,645,1054,990,1120,1105,854,858,1526,1244,1029,548,370,344,336,205,157,492,410,322
26-Aug-26,10:15,21615,658,615,561,608,906,678,644,1058,998,1118,1105,832,885,1527,1226,1037,548,375,344,337,207,155,492,414,321
26-Aug-26,10:30,21688,630,615,561,560,906,691,672,1062,1000,1102,1105,811,789,1527,1208,1037,548,379,345,337,209,156,492,418,320
26-Aug-26,10:45,21748,647,615,468,492,906,704,853,1066,1001,1116,1105,836,826,1528,1189,1083,547,384,346,338,211,157,492,422,319
26-Aug-26,11:00,21762,734,615,375,379,905,871,955,1070,1003,1138,1105,861,900,1528,1171,1191,547,388,343,338,212,159,492,426,318
26-Aug-26,11:15,21595,757,615,339,369,904,887,984,1075,1005,1083,1105,886,792,1528,1171,1105,546,393,343,338,214,160,492,429,316
26-Aug-26,11:30,21652,761,615,339,361,904,887,965,1079,1006,1089,1105,911,867,1529,1196,1028,546,397,342,339,216,156,492,433,315
26-Aug-26,11:45,21728,801,615,338,389,904,721,809,1083,1007,1145,1105,936,887,1529,1222,1059,546,401,350,339,218,156,492,437,315
26-Aug-26,12:00,21885,800,615,354,393,904,554,657,1087,1008,1156,1105,960,908,1530,1247,1082,545,406,359,340,220,160,492,441,321
26-Aug-26,12:15,21915,791,615,369,362,903,538,677,1091,1008,1105,1105,985,860,1530,1273,1043,545,410,367,340,222,159,492,444,326
26-Aug-26,12:30,21837,859,615,385,369,902,704,832,1096,1009,1131,1105,1010,863,1530,1298,1043,544,415,375,340,224,156,492,448,330
26-Aug-26,12:45,21984,967,615,401,373,902,704,813,1100,1010,1138,1105,1016,871,1531,1324,1059,544,419,384,341,226,155,492,452,335
26-Aug-26,17:00,20848,808,615,416,388,902,887,1009,1104,1029,1132,1105,1022,1083,1531,1349,1451,544,424,392,341,227,176,492,456,340
26-Aug-26,17:15,20995,648,615,432,470,902,887,1003,1108,1048,1105,1105,1028,1067,1532,1628,1643,543,428,431,342,229,199,492,459,399
26-Aug-26,17:30,21097,630,615,445,562,901,891,1018,1112,1068,1078,1105,1029,1072,1532,1628,1682,543,428,464,342,231,219,492,463,439
26-Aug-26,17:45,21532,612,615,458,586,901,895,1015,1117,1087,1080,1106,1030,1056,1532,1626,1837,542,521,497,342,233,247,492,463,495
26-Aug-26,18:00,22094,594,615,471,592,900,899,1005,1121,1106,1091,1106,1032,1018,1533,1625,1845,542,534,545,343,274,269,492,462,527
26-Aug-26,18:15,23018,576,615,485,592,900,903,1005,1149,1137,1200,1106,1033,1030,1533,1623,1845,542,548,574,343,273,273,492,462,557
26-Aug-26,18:30,23145,576,615,498,583,900,907,1007,1177,1168,1248,1106,1033,1001,1534,1621,1853,541,551,578,344,271,270,492,461,553
26-Aug-26,18:45,23461,575,615,511,586,900,911,1010,1204,1198,1315,1106,1032,1074,1534,1620,1837,541,553,580,344,270,271,492,461,557
26-Aug-26,19:00,23901,575,615,512,591,899,915,1017,1232,1229,1380,1106,1032,1072,1534,1618,1844,540,556,581,344,268,261,492,460,555
26-Aug-26,19:15,25670,574,615,513,586,899,919,998,1233,1230,1411,1106,1032,1064,1535,1616,1844,540,557,579,345,267,266,492,460,558
26-Aug-26,19:30,26174,574,615,513,626,898,923,1031,1234,1231,1427,1106,1031,1054,1535,1615,1875,540,558,580,345,265,268,492,460,555
26-Aug-26,19:45,25879,573,615,514,614,898,924,1015,1235,1232,1417,1106,1031,1031,1536,1613,1860,539,558,575,346,264,273,492,459,553
26-Aug-26,20:00,25907,573,615,514,621,898,925,1019,1236,1233,1387,1106,1030,1072,1536,1611,1829,539,558,575,346,262,276,492,459,549
26-Aug-26,20:15,25831,572,615,514,632,898,926,1022,1237,1235,1447,1106,1030,1073,1536,1610,1845,538,559,574,346,261,275,492,458,548
26-Aug-26,20:30,26838,572,615,515,641,897,927,1040,1238,1236,1445,1106,1030,1112,1537,1608,1868,538,559,574,347,259,272,492,458,554
26-Aug-26,20:45,26201,572,615,515,642,896,928,1044,1239,1237,1448,1106,1029,1090,1537,1606,1868,538,558,573,347,258,275,492,457,557
26-Aug-26,21:00,26909,571,615,516,635,896,929,1021,1240,1238,1463,1106,1028,1053,1538,1605,1877,537,558,573,348,256,274,492,457,560
26-Aug-26,21:15,27576,570,615,516,637,896,930,1008,1241,1239,1426,1106,1028,1068,1538,1603,1863,537,557,575,348,255,268,492,456,559
26-Aug-26,21:30,27588,570,615,516,595,896,931,1020,1242,1240,1449,1106,1028,1048,1538,1601,1855,536,556,574,348,254,271,492,456,553
26-Aug-26,21:45,27351,570,615,517,598,895,932,1025,1244,1241,1438,1106,1027,1068,1539,1600,1847,536,555,574,349,252,265,492,456,549
26-Aug-26,22:00,27389,569,615,517,594,895,933,1032,1245,1242,1422,1106,1027,1047,1539,1598,1847,536,553,569,349,251,268,492,455,548
26-Aug-26,22:15,27576,569,615,518,631,894,934,1026,1246,1244,1458,1106,1026,1123,1540,1596,1855,535,546,562,350,249,275,492,455,550
26-Aug-26,22:30,27998,568,615,518,639,894,935,1048,1247,1245,1466,1106,1026,1110,1540,1595,1870,535,539,564,350,248,275,492,454,560
26-Aug-26,22:45,27959,568,615,518,632,894,936,1042,1248,1246,1466,1106,1026,1078,1540,1593,1878,534,531,564,350,246,273,492,454,560
26-Aug-26,23:00,27999,567,615,519,635,894,937,1023,1249,1247,1463,1106,1025,1073,1541,1591,1863,534,524,566,351,245,273,492,454,558
26-Aug-26,23:15,27748,567,615,519,638,893,938,1013,1250,1248,1468,1106,1025,1087,1541,1590,1855,534,517,568,351,243,278,492,453,557
26-Aug-26,23:30,27556,566,615,520,638,892,939,1016,1251,1249,1425,1106,1024,1085,1542,1588,1863,533,510,567,352,242,278,492,452,565
26-Aug-26,23:45,27363,566,615,520,635,892,940,1008,1252,1250,1415,1106,1024,1080,1542,1586,1862,533,503,568,352,240,261,492,452,563
27-Aug-26,00:00,27180,566,615,520,631,892,941,1044,1253,1251,1409,1106,1024,1040,1542,1585,1862,532,496,566,352,239,269,492,452,564
27-Aug-26,00:15,26881,565,615,521,632,892,936,1056,1254,1253,1454,1106,1023,1061,1543,1583,1863,532,488,544,353,237,273,492,451,557
27-Aug-26,00:30,26805,565,615,521,643,891,931,1050,1255,1254,1432,1106,1023,1036,1543,1581,1862,532,481,522,353,236,270,492,451,554
27-Aug-26,00:45,26556,564,615,522,634,891,926,1052,1256,1255,1408,1106,1022,1033,1544,1580,1785,531,474,499,354,234,274,492,450,561
27-Aug-26,01:00,26142,564,615,522,635,890,920,1049,1257,1256,1394,1106,1022,1045,1544,1614,1585,531,454,477,354,226,255,492,450,487
27-Aug-26,01:15,25764,563,615,522,638,890,915,1053,1258,1257,1360,1106,1022,1040,1544,1649,1577,530,434,474,354,217,254,492,434,476
27-Aug-26,01:30,25546,563,615,523,607,890,910,1067,1259,1258,1371,1106,1021,1030,1545,1684,1608,530,414,476,355,209,251,492,417,478
27-Aug-26,01:45,25379,562,615,523,520,890,905,1049,1260,1259,1373,1106,1021,1044,1545,1718,1615,530,394,475,355,200,252,492,401,481
27-Aug-26,02:00,25005,562,615,524,449,889,900,1051,1261,1260,1421,1106,1019,1023,1546,1752,1623,529,412,398,356,208,214,492,418,406
27-Aug-26,02:15,24878,561,615,524,443,888,895,1050,1262,1262,1405,1106,1018,1020,1546,1787,1607,529,430,389,356,216,204,492,434,408
27-Aug-26,02:30,24530,561,615,524,449,888,889,1054,1263,1263,1391,1106,1016,1029,1546,1822,1661,528,449,453,356,225,205,492,450,439
27-Aug-26,02:45,24251,562,615,525,455,888,884,1063,1265,1264,1424,1106,1014,1006,1547,1789,1831,528,467,490,357,220,259,492,441,515
27-Aug-26,03:00,24037,564,615,525,447,888,879,1053,1266,1265,1419,1106,1009,987,1547,1756,1854,528,560,575,357,216,274,492,431,546
27-Aug-26,03:15,23776,566,615,526,464,887,874,1043,1267,1266,1429,1106,1003,993,1548,1722,1862,527,580,585,358,211,274,492,422,553
27-Aug-26,03:30,23540,567,615,526,558,887,869,1051,1268,1267,1413,1106,998,978,1548,1689,1730,527,580,584,358,206,264,492,412,558
27-Aug-26,03:45,23332,569,615,526,613,886,864,1032,1269,1268,1421,1106,992,983,1548,1656,1622,526,487,504,358,201,246,492,403,454
27-Aug-26,04:00,23144,571,615,527,625,886,858,1037,1270,1269,1417,1106,987,992,1549,1656,1568,526,487,499,359,197,243,492,393,450
27-Aug-26,04:15,22897,572,615,527,631,886,853,1045,1271,1271,1420,1106,981,964,1549,1688,1522,526,394,398,359,203,207,492,405,375
27-Aug-26,04:30,22777,574,615,528,630,886,848,1048,1272,1272,1419,1106,976,961,1550,1720,1522,525,402,347,360,209,161,492,418,310
27-Aug-26,04:45,22612,576,615,528,635,885,843,1059,1273,1273,1433,1106,976,960,1550,1753,1592,525,411,349,360,215,163,492,430,306
27-Aug-26,05:00,22544,577,615,528,621,885,838,1038,1274,1274,1425,1106,975,961,1550,1785,1785,524,420,387,360,221,174,492,442,318
27-Aug-26,05:15,22221,579,615,529,631,884,833,1038,1275,1275,1395,1106,975,966,1551,1750,1800,524,428,431,361,227,227,492,455,405
27-Aug-26,05:30,22175,581,615,529,628,884,828,1036,1271,1271,1416,1106,974,973,1551,1716,1816,524,428,514,361,233,253,492,452,467
27-Aug-26,05:45,21701,582,615,530,625,884,822,1044,1268,1268,1409,1106,974,984,1552,1682,1832,523,430,534,362,274,270,492,450,541
27-Aug-26,06:00,21218,584,615,530,629,884,817,1048,1264,1264,1416,1106,974,974,1552,1647,1847,523,431,526,362,275,275,492,448,562
27-Aug-26,06:15,19600,586,615,530,628,883,812,1052,1268,1268,1423,1106,973,978,1552,1612,1723,522,433,448,362,275,265,492,445,558
27-Aug-26,06:30,19197,587,615,531,650,883,807,1049,1272,1272,1433,1106,973,991,1553,1578,1615,522,435,347,363,233,255,492,442,478
27-Aug-26,06:45,19105,589,615,531,637,882,802,1053,1276,1276,1448,1107,972,993,1553,1299,1306,522,437,345,363,219,203,492,440,405
27-Aug-26,07:00,18849,591,615,532,635,882,797,1042,1280,1280,1421,1107,972,996,1554,1299,1329,521,438,344,364,206,201,492,412,398
27-Aug-26,07:15,18619,592,615,532,629,882,791,1045,1284,1284,1391,1107,972,994,1554,1280,1475,521,440,344,364,192,192,492,384,383
27-Aug-26,07:30,18402,594,615,532,618,882,786,1034,1288,1288,1392,1107,971,983,1554,1260,1476,520,442,343,364,178,191,492,357,386
27-Aug-26,07:45,18521,596,615,533,607,881,781,1018,1292,1292,1289,1107,971,964,1555,1240,1420,520,443,343,365,165,171,492,330,342
27-Aug-26,08:00,18544,597,615,533,598,881,776,798,1292,1018,1142,1107,970,887,1555,1242,1082,520,445,342,365,166,152,492,331,299
27-Aug-26,08:15,18686,599,615,534,599,880,626,673,1282,1046,1064,1107,970,875,1556,1244,1028,519,447,342,366,166,153,492,333,298
27-Aug-26,08:30,18871,601,615,534,499,880,639,621,1273,1073,1056,1107,970,798,1556,1246,1012,519,448,342,366,167,152,492,334,300
27-Aug-26,08:45,19235,602,615,534,403,880,652,627,1263,1101,1051,1107,969,688,1556,1248,1020,518,450,341,366,168,148,492,335,302
27-Aug-26,09:00,19514,604,615,535,343,880,665,621,1253,1129,1034,1107,969,679,1557,1250,1020,518,452,340,367,168,147,492,336,304
27-Aug-26,09:15,20137,606,615,535,373,879,678,644,1243,1157,1096,1107,968,731,1557,1252,1035,518,454,340,367,169,153,492,338,306
27-Aug-26,09:30,20629,607,615,536,387,879,691,670,1234,1184,1175,1107,968,780,1558,1254,1089,517,455,341,368,170,163,492,339,318
27-Aug-26,09:45,21087,609,615,536,359,878,704,818,1224,1212,1297,1107,968,777,1558,1256,1082,517,457,341,368,170,154,492,340,319
27-Aug-26,10:00,21232,774,615,536,353,878,871,974,1214,1212,1254,1107,967,676,1558,1258,1028,516,459,342,368,171,149,492,342,310
27-Aug-26,10:15,21656,671,615,537,373,878,900,1031,1204,1201,1166,1107,967,779,1559,1260,1043,516,460,342,369,171,158,492,343,310
27-Aug-26,10:30,21585,784,615,537,374,878,733,803,1195,1190,1173,1107,966,845,1559,1262,1043,516,462,341,369,172,155,492,344,314
27-Aug-26,10:45,21757,771,615,538,361,877,626,721,1185,1179,1118,1107,966,818,1560,1264,1051,515,464,341,370,173,156,492,345,318
27-Aug-26,11:00,21684,760,615,538,360,877,626,717,1175,1168,1102,1107,966,827,1560,1266,1089,515,465,343,370,173,158,492,347,309
27-Aug-26,11:15,21717,792,615,538,374,876,637,636,1166,1157,1113,1107,965,828,1560,1268,1082,514,467,344,370,174,156,492,348,314
27-Aug-26,11:30,21875,853,615,539,360,876,648,656,1156,1146,1103,1107,965,817,1561,1270,1089,514,469,340,371,175,158,492,349,313
27-Aug-26,11:45,22227,1032,615,539,376,876,659,614,1146,1135,1059,1107,964,704,1561,1272,1028,514,471,342,371,175,154,492,351,306
27-Aug-26,12:00,22318,972,615,540,360,876,671,615,1136,1124,1045,1107,964,729,1562,1274,1028,513,472,343,372,176,156,492,352,308
27-Aug-26,12:15,22190,859,615,540,361,875,682,632,1127,1113,1049,1107,964,729,1562,1276,1036,513,474,343,372,177,153,492,353,309
27-Aug-26,12:30,22119,898,615,540,353,875,693,681,1117,1102,1055,1107,963,725,1562,1278,1028,512,476,342,372,177,149,492,354,305
27-Aug-26,12:45,22127,867,615,541,363,874,711,789,1107,1091,1100,1107,963,673,1563,1280,1036,512,477,338,373,178,152,492,356,308
27-Aug-26,13:00,22236,874,615,541,357,874,729,759,1098,1080,1068,1107,962,693,1563,1281,1036,512,479,339,373,178,154,492,357,308
27-Aug-26,13:15,21669,871,615,542,356,874,746,640,1088,1069,1083,1107,962,673,1564,1283,1029,511,481,340,374,179,155,492,358,303
27-Aug-26,13:30,22030,916,615,542,351,874,764,623,1078,1058,1078,1107,962,674,1564,1285,1075,511,483,341,374,180,156,492,360,302
27-Aug-26,13:45,22039,844,615,542,346,873,782,622,1068,1047,1091,1107,961,721,1564,1287,1021,510,484,342,374,180,155,492,361,308
27-Aug-26,14:00,22105,863,615,543,360,872,800,653,1059,1036,1097,1107,961,730,1565,1289,1022,510,486,341,375,181,154,492,362,308
27-Aug-26,14:15,21976,906,615,543,354,872,818,638,1049,1025,1084,1107,960,730,1565,1291,1037,510,488,339,375,182,154,492,363,303
27-Aug-26,14:30,21993,950,615,544,357,872,835,689,1039,1014,1113,1107,960,727,1566,1293,1030,509,489,340,376,182,153,492,365,308
27-Aug-26,14:45,21768,838,615,544,371,872,853,810,1029,1003,1128,1107,960,676,1566,1295,1053,509,491,341,376,183,158,492,366,307
27-Aug-26,15:00,21815,798,615,544,354,871,871,965,1020,992,1025,1107,959,687,1566,1297,1075,508,493,341,376,184,153,492,367,313
27-Aug-26,15:15,21005,739,615,545,376,871,942,1051,1016,981,1053,1107,959,687,1567,1299,1083,508,494,343,377,184,155,492,369,313
27-Aug-26,15:30,20565,695,615,545,371,870,942,1047,1012,970,1071,1107,958,695,1567,1301,1038,508,496,343,377,185,153,492,370,309
27-Aug-26,15:45,20132,672,615,546,374,870,842,933,1008,959,1083,1107,958,694,1568,1303,1068,507,498,344,378,186,156,492,371,313
27-Aug-26,16:00,20083,629,615,546,371,870,676,728,1004,948,1072,1107,958,696,1568,1305,1068,507,500,344,378,186,157,492,372,313
27-Aug-26,16:15,19906,522,615,546,373,870,682,628,1000,958,1054,1107,957,696,1568,1307,1038,506,501,344,378,187,155,492,374,317
27-Aug-26,16:30,20038,465,615,547,363,869,687,643,996,969,1072,1107,957,695,1569,1309,1022,506,503,345,379,188,154,492,375,308
27-Aug-26,16:45,19957,433,615,547,370,869,693,648,992,979,1050,1107,956,691,1569,1311,1075,506,505,346,379,188,163,492,376,314
27-Aug-26,17:00,20184,353,615,548,359,868,698,658,988,989,1045,1107,956,690,1570,1313,1029,505,506,346,380,189,157,492,378,314
27-Aug-26,17:15,20346,240,615,548,358,868,704,832,984,1000,1073,1107,956,700,1570,1315,1037,505,508,346,380,189,154,492,379,317
27-Aug-26,17:30,20690,145,615,548,352,868,871,1003,980,1010,1087,1107,955,696,1570,1317,1199,504,510,347,380,190,155,492,380,314
27-Aug-26,17:45,20813,114,615,549,352,868,878,1045,976,1010,1095,1107,955,692,1571,1319,1199,504,511,347,381,191,158,492,381,307
27-Aug-26,18:00,21363,75,615,549,471,867,885,1031,972,972,1161,1107,954,689,1571,1321,1306,504,513,409,381,191,171,492,383,328
27-Aug-26,18:15,22175,74,615,550,556,867,892,1040,1030,1030,1235,1107,954,685,1572,1499,1498,503,515,460,382,192,208,492,384,417
27-Aug-26,18:30,22716,72,615,550,603,866,899,1035,1087,1087,1265,1107,954,686,1572,1778,1684,503,517,545,382,233,241,492,394,492
27-Aug-26,18:45,23585,71,615,550,634,866,906,1039,1145,1145,1316,1107,953,684,1572,1773,1739,502,518,599,382,274,267,492,403,560
27-Aug-26,19:00,23935,70,615,551,644,866,913,1055,1202,1202,1371,1107,953,685,1573,1768,1815,502,520,610,383,269,267,492,413,566
27-Aug-26,19:15,26087,69,615,551,636,866,920,1052,1200,1200,1410,1107,952,684,1573,1763,1831,502,520,607,383,264,268,492,423,562
27-Aug-26,19:30,26276,67,615,552,630,865,926,1070,1198,1198,1438,1107,952,685,1574,1758,1839,501,519,614,384,259,273,492,432,566
27-Aug-26,19:45,26228,66,615,552,621,865,933,1053,1196,1196,1401,1107,952,683,1574,1753,1839,501,519,615,384,254,276,492,442,562
27-Aug-26,20:00,26273,65,615,552,614,864,940,1055,1194,1194,1409,1107,951,681,1574,1748,1800,500,518,614,384,248,276,492,452,566
27-Aug-26,20:15,26426,64,615,553,618,864,947,1046,1193,1193,1375,1107,951,686,1575,1742,1823,500,518,613,385,243,274,492,462,564
27-Aug-26,20:30,26523,62,615,553,607,864,954,1029,1191,1191,1381,1107,950,694,1575,1737,1816,500,517,611,385,238,260,492,471,548
27-Aug-26,20:45,26635,61,615,554,579,864,961,1058,1189,1189,1397,1107,950,693,1576,1732,1823,499,498,555,386,244,232,492,481,481
27-Aug-26,21:00,26577,60,615,554,532,863,963,1075,1187,1187,1422,1107,950,694,1576,1727,1823,499,480,529,386,250,237,492,494,487
27-Aug-26,21:15,26569,59,615,554,492,863,966,1071,1185,1185,1422,1107,949,695,1576,1722,1839,498,461,526,386,256,237,492,508,475
27-Aug-26,21:30,26757,57,615,555,346,862,968,1072,1183,1183,1431,1107,949,693,1577,1717,1839,498,443,526,387,263,238,492,522,475
27-Aug-26,21:45,26765,56,615,555,356,862,971,1072,1181,1181,1440,1107,948,692,1577,1712,1846,498,424,500,387,269,255,492,535,522
27-Aug-26,22:00,26900,55,615,556,345,862,973,1093,1179,1179,1422,1107,948,702,1578,1707,1854,497,490,511,388,263,274,492,524,561
27-Aug-26,22:15,26864,53,615,556,348,862,976,1066,1178,1178,1432,1107,948,690,1578,1702,1846,497,583,582,388,257,277,492,512,561
27-Aug-26,22:30,26802,52,615,556,344,861,978,1075,1176,1176,1429,1107,947,682,1578,1697,1846,496,566,613,389,251,275,492,501,555
27-Aug-26,22:45,26747,51,615,557,351,861,980,1089,1174,1174,1425,1107,947,683,1579,1692,1838,496,550,612,389,245,275,492,490,556
27-Aug-26,23:00,26687,50,615,557,347,860,983,1081,1172,1172,1414,1107,946,684,1579,1686,1823,496,534,601,390,239,267,492,478,555
27-Aug-26,23:15,26465,48,615,558,347,860,985,1091,1170,1170,1381,1107,946,688,1580,1681,1831,495,517,534,390,231,249,492,462,489
27-Aug-26,23:30,26419,47,615,558,346,860,986,1093,1168,1168,1383,1107,946,689,1580,1676,1831,495,472,442,390,223,238,492,447,475
27-Aug-26,23:45,26220,46,615,558,344,860,987,1097,1166,1166,1397,1107,945,688,1580,1671,1823,494,426,435,391,216,239,492,431,474
28-Aug-26,00:00,26037,45,615,559,347,859,988,1098,1164,1164,1413,1107,945,691,1581,1666,1823,494,380,415,391,208,237,492,416,467
28-Aug-26,00:15,25650,43,615,559,360,859,989,1103,1163,1163,1424,1107,944,701,1581,1661,1832,494,385,332,392,200,199,492,400,406
28-Aug-26,00:30,25544,42,615,560,352,858,989,1102,1161,1161,1425,1107,944,705,1582,1656,1661,493,391,341,392,159,167,492,318,327
28-Aug-26,00:45,25283,41,615,560,346,858,990,1109,1159,1159,1435,1108,944,686,1582,1378,1406,493,396,339,392,164,158,492,327,313
28-Aug-26,01:00,24990,39,615,560,347,858,990,1085,1157,1157,1387,1108,943,685,1582,1378,1407,492,401,341,393,168,158,492,337,298
28-Aug-26,01:15,24766,38,615,561,345,858,990,1093,1155,1155,1371,1108,943,685,1583,1474,1576,492,407,342,393,173,159,492,346,302
28-Aug-26,01:30,24551,37,615,561,346,857,991,1100,1153,1153,1382,1108,942,684,1583,1569,1630,492,412,344,394,178,158,492,356,300
28-Aug-26,01:45,24252,36,615,562,353,857,992,1092,1151,1151,1416,1108,942,684,1584,1665,1653,491,417,346,394,183,159,492,365,308
28-Aug-26,02:00,23968,34,615,562,351,856,992,1093,1149,1149,1393,1108,942,683,1584,1760,1700,491,423,347,394,184,167,492,375,329
28-Aug-26,02:15,23760,33,615,562,343,856,992,1105,1148,1148,1394,1108,941,683,1584,1730,1784,490,448,437,395,184,200,492,398,394
28-Aug-26,02:30,23609,32,615,563,349,856,993,1097,1146,1146,1396,1108,941,682,1585,1699,1815,490,472,441,395,185,199,492,421,395
28-Aug-26,02:45,23275,31,615,563,347,856,993,1098,1144,1144,1426,1108,940,682,1585,1669,1831,490,496,487,396,185,222,492,444,426
28-Aug-26,03:00,23079,29,615,564,347,855,994,1100,1142,1142,1410,1108,940,687,1586,1639,1814,489,497,521,396,186,235,492,454,478
28-Aug-26,03:15,22930,28,615,564,348,855,994,1095,1140,1140,1430,1108,940,692,1586,1608,1776,489,497,528,396,186,229,492,465,460
28-Aug-26,03:30,22723,27,615,564,347,854,994,1073,1138,1138,1445,1108,939,692,1586,1578,1560,488,498,421,397,186,189,492,476,367
28-Aug-26,03:45,22620,26,615,565,354,854,995,1097,1136,1136,1443,1108,939,687,1587,1299,1351,488,499,320,397,187,165,492,486,316
28-Aug-26,04:00,22473,24,615,565,352,854,995,1094,1134,1134,1394,1108,938,688,1587,1349,1427,488,500,340,398,187,161,492,496,314
28-Aug-26,04:15,22360,23,615,566,358,854,996,1107,1133,1133,1390,1108,938,724,1588,1628,1728,487,500,341,398,188,165,492,507,317
28-Aug-26,04:30,22339,23,615,566,354,853,996,1110,1131,1131,1423,1108,938,687,1588,1641,1851,487,501,341,398,188,184,492,518,343
28-Aug-26,04:45,22316,24,615,566,347,853,990,1091,1129,1129,1396,1108,937,690,1588,1654,1851,486,502,351,399,188,205,492,528,426
28-Aug-26,05:00,22395,24,615,567,342,852,984,1102,1127,1127,1366,1108,937,689,1589,1667,1850,486,502,447,399,189,241,492,538,481
28-Aug-26,05:15,21911,25,615,567,343,852,978,1087,1125,1125,1418,1108,936,681,1589,1680,1850,486,503,498,400,189,261,492,549,522
28-Aug-26,05:30,21898,27,615,568,343,852,972,1093,1119,1119,1322,1108,936,685,1590,1693,1842,485,504,534,400,190,258,492,549,539
28-Aug-26,05:45,21596,29,615,568,344,852,965,1095,1112,1112,1133,1108,936,684,1590,1706,1579,485,504,437,400,190,233,492,534,460
28-Aug-26,06:00,21162,32,615,568,344,851,959,1077,1106,1106,1102,1108,935,683,1590,1428,1308,484,505,349,401,190,203,492,519,397
28-Aug-26,06:15,19870,34,615,569,345,851,953,1083,1100,1100,1096,1108,935,685,1591,1350,1316,484,506,343,401,191,200,492,504,390
28-Aug-26,06:30,19624,36,615,569,345,850,947,1104,1094,1094,1135,1108,934,717,1591,1350,1424,484,507,341,402,191,210,492,489,403
28-Aug-26,06:45,19374,64,615,570,346,850,941,1110,1088,1088,1118,1108,934,682,1592,1628,1633,483,507,341,402,192,238,492,474,482
28-Aug-26,07:00,19255,103,615,570,346,850,935,1109,1081,1081,1081,1108,934,683,1592,1620,1810,483,508,350,402,192,265,492,470,518
28-Aug-26,07:15,19225,133,615,570,347,850,929,1097,1075,1075,1083,1108,934,681,1592,1611,1833,482,509,431,403,192,270,492,466,559
28-Aug-26,07:30,19289,181,615,571,347,849,923,1098,1069,1069,1069,1108,933,685,1593,1603,1833,482,509,431,403,193,264,492,462,538
28-Aug-26,07:45,19422,230,615,571,348,848,917,1090,1062,1062,1066,1108,932,684,1593,1595,1864,482,510,354,404,193,232,492,461,501
28-Aug-26,08:00,19449,267,615,572,348,848,910,1084,1056,1056,1065,1108,932,684,1594,1586,1771,481,511,338,404,194,207,492,460,423
28-Aug-26,08:15,19707,311,615,572,348,848,904,1080,1058,1054,1049,1108,932,685,1594,1578,1523,481,512,339,404,194,169,492,458,337
28-Aug-26,08:30,19651,355,615,572,349,847,898,1093,1061,1051,1027,1108,932,684,1594,1299,1237,480,512,340,405,195,152,492,458,304
28-Aug-26,08:45,19889,418,615,573,349,847,892,1063,1063,1049,1035,1108,931,686,1595,1273,1021,480,513,354,405,195,152,492,457,308
28-Aug-26,09:00,19905,450,615,573,350,847,886,935,1065,1046,1034,1108,930,684,1595,1248,1006,480,514,355,406,196,154,492,457,307
28-Aug-26,09:15,20361,496,615,574,350,847,720,830,1068,1044,1062,1108,930,694,1596,1222,1006,479,514,352,406,196,149,492,456,311
28-Aug-26,09:30,20550,535,615,574,350,846,720,854,1070,1041,1090,1108,930,697,1596,1197,1044,479,515,351,406,196,157,492,456,319
28-Aug-26,09:45,20629,604,615,574,351,846,886,997,1072,1039,1116,1108,930,683,1596,1153,1229,478,516,354,407,197,158,492,456,324
28-Aug-26,10:00,20742,639,615,575,351,845,996,1072,1075,1028,1087,1108,929,684,1597,1109,1175,478,517,356,407,197,155,492,455,322
28-Aug-26,10:15,21127,673,615,575,352,845,996,1094,1077,1018,1048,1108,928,683,1597,1065,1129,478,517,356,408,198,158,492,454,323
28-Aug-26,10:30,20952,674,615,576,352,845,913,944,1080,1019,1071,1108,928,684,1598,1067,1052,477,518,357,408,198,162,492,454,323
28-Aug-26,10:45,21066,758,615,576,352,845,830,933,1082,1021,1098,1108,928,685,1598,1070,1052,477,519,356,408,198,161,492,454,325
28-Aug-26,11:00,21148,814,615,576,353,844,746,884,1084,1022,1077,1108,928,685,1598,1072,1036,476,519,357,409,199,164,492,453,321
28-Aug-26,11:15,21408,753,615,577,353,844,663,730,1087,1023,1052,1108,927,684,1599,1074,1059,476,520,356,409,199,158,492,453,320
28-Aug-26,11:30,21393,846,615,577,354,843,668,628,1089,1025,1040,1108,926,682,1599,1077,1021,476,521,356,410,200,158,492,452,314
28-Aug-26,11:45,21423,836,615,578,354,843,672,638,1091,1026,1090,1108,926,682,1600,1079,1044,475,521,357,410,200,166,492,452,318
28-Aug-26,12:00,21666,876,615,578,354,842,677,645,1094,1027,1095,1108,926,681,1600,1081,1067,475,522,356,410,200,159,492,452,322
28-Aug-26,12:15,21534,907,615,578,355,842,681,647,1096,1029,1067,1108,926,680,1600,1084,1074,474,523,356,411,201,158,492,451,319
28-Aug-26,12:30,21668,988,615,579,355,842,686,641,1098,1030,1045,1108,925,681,1601,1086,1036,474,524,357,411,201,161,492,451,319
28-Aug-26,12:45,21929,1047,615,579,356,842,690,635,1101,1031,1041,1108,924,682,1601,1088,1036,474,524,356,412,202,160,492,450,326
28-Aug-26,13:00,21874,1112,615,580,356,842,695,640,1103,1033,1079,1108,924,682,1602,1091,1028,473,525,356,412,202,164,492,450,321
28-Aug-26,13:15,21651,1261,615,580,356,842,699,669,1105,1034,1052,1108,924,683,1602,1093,1052,473,526,358,412,202,162,492,450,319
28-Aug-26,13:30,21782,1338,615,580,357,842,687,805,1108,1035,1031,1108,924,683,1602,1095,1029,472,526,356,413,203,157,492,449,315
28-Aug-26,13:45,21950,1157,615,581,357,841,675,810,1110,1037,1024,1108,923,684,1603,1098,1029,472,527,357,413,203,157,492,449,310
28-Aug-26,14:00,21854,1256,615,581,358,841,662,791,1112,1038,1033,1108,922,683,1603,1100,1036,472,528,358,414,204,158,492,448,325
28-Aug-26,14:15,21719,1319,615,582,358,841,650,809,1115,1039,1037,1108,922,681,1604,1102,1029,471,529,357,414,204,161,492,448,328
28-Aug-26,14:30,21663,1227,615,582,358,841,638,778,1117,1041,1061,1108,922,681,1604,1105,1052,471,529,354,414,204,161,492,448,321
28-Aug-26,14:45,21576,1221,615,582,359,841,676,711,1119,1042,1060,1108,922,682,1604,1107,1036,470,530,338,415,205,159,492,447,319
28-Aug-26,15:00,21628,1010,615,583,359,841,715,721,1122,1043,1055,1108,921,682,1605,1109,1036,470,531,343,415,205,159,492,447,318
28-Aug-26,15:15,21053,959,615,583,360,841,754,780,1124,1045,1069,1108,920,683,1605,1112,1051,470,531,342,416,206,158,492,446,318
28-Aug-26,15:30,20875,922,615,584,360,841,805,894,1126,1046,1073,1108,920,683,1606,1114,1050,469,532,342,416,206,165,492,446,317
28-Aug-26,15:45,20963,805,615,584,360,841,856,879,1129,1047,1048,1108,920,684,1606,1116,1043,469,533,342,416,206,160,492,446,309
28-Aug-26,16:00,20735,653,615,584,361,841,908,945,1131,1049,1113,1108,920,684,1606,1119,1074,468,534,341,417,207,162,492,445,315
28-Aug-26,16:15,20400,613,615,585,361,841,959,1075,1134,1038,1122,1108,919,685,1607,1121,1143,468,534,342,417,207,154,492,445,322
28-Aug-26,16:30,20180,552,615,585,362,841,961,1100,1136,1028,1138,1108,918,686,1607,1399,1383,468,535,342,418,208,163,492,444,315
28-Aug-26,16:45,20112,469,615,586,362,841,962,1101,1138,1018,1059,1108,918,685,1608,1678,1554,467,536,341,418,208,187,492,444,315
28-Aug-26,17:00,20115,363,615,586,362,840,964,1101,1141,1026,1089,1108,918,686,1608,1399,1307,467,536,342,418,208,155,492,444,318
28-Aug-26,17:15,20052,269,615,586,363,840,966,1088,1143,1034,1078,1108,918,685,1608,1121,1098,466,537,343,419,209,153,492,443,309
28-Aug-26,17:30,20143,185,615,587,363,840,967,1102,1145,1042,1102,1108,917,685,1609,1121,1120,466,538,343,419,209,153,492,443,311
28-Aug-26,17:45,20136,140,615,587,364,840,969,1094,1148,1050,1129,1108,916,684,1609,1399,1444,466,538,342,420,210,150,492,442,318
28-Aug-26,18:00,20600,98,615,588,364,840,971,1100,1150,1150,1229,1108,916,683,1610,1513,1631,465,539,342,420,210,193,492,442,379
28-Aug-26,18:15,21462,40,615,588,364,840,972,1098,1172,1172,1288,1108,916,682,1610,1628,1662,465,540,341,420,210,209,492,441,408
28-Aug-26,18:30,22201,11,615,588,365,840,974,1106,1194,1194,1308,1108,915,681,1610,1742,1708,464,541,340,421,211,208,492,440,420
28-Aug-26,18:45,23231,12,615,589,365,840,976,1098,1216,1216,1282,1108,915,682,1611,1734,1847,464,541,342,421,211,248,492,439,506
28-Aug-26,19:00,24603,13,615,589,366,840,977,1083,1238,1238,1258,1108,915,681,1611,1726,1840,464,542,343,422,212,270,492,432,553
28-Aug-26,19:15,25413,14,615,590,366,840,979,1100,1235,1226,1288,1108,914,680,1612,1719,1832,463,543,367,422,212,278,492,425,560
28-Aug-26,19:30,25968,14,615,590,366,840,981,1094,1232,1214,1371,1108,914,679,1612,1711,1836,463,543,431,422,212,274,492,418,558
28-Aug-26,19:45,26293,15,615,590,367,840,982,1115,1230,1202,1389,1108,913,683,1612,1703,1840,462,544,437,423,213,271,492,412,559
28-Aug-26,20:00,26484,16,615,591,367,840,984,1100,1227,1189,1356,1108,913,679,1613,1695,1844,462,545,385,423,213,256,492,405,545
28-Aug-26,20:15,26535,17,615,591,368,840,986,1087,1224,1177,1338,1108,913,682,1613,1687,1843,462,546,342,424,214,228,492,398,481
28-Aug-26,20:30,26791,18,615,592,368,840,987,1094,1221,1165,1365,1108,912,680,1614,1680,1842,461,546,342,424,214,222,492,391,458
28-Aug-26,20:45,26785,18,615,592,368,840,989,1101,1219,1153,1380,1108,912,681,1614,1672,1841,461,547,340,424,214,196,492,384,393
28-Aug-26,21:00,26904,19,615,592,369,840,990,1109,1216,1141,1400,1108,911,680,1614,1664,1840,460,548,336,425,215,213,492,384,433
28-Aug-26,21:15,27149,20,615,593,369,840,992,1099,1213,1129,1378,1108,911,681,1615,1656,1847,460,548,353,425,215,248,492,467,503
28-Aug-26,21:30,27207,21,615,593,370,840,994,1105,1210,1116,1395,1108,911,681,1615,1648,1847,460,549,425,426,216,266,492,549,546
28-Aug-26,21:45,27427,22,615,594,370,840,995,1102,1208,1104,1406,1108,910,680,1616,1640,1816,459,550,441,426,216,274,492,549,546
28-Aug-26,22:00,27438,23,615,594,370,840,997,1088,1205,1092,1391,1108,910,679,1616,1633,1831,459,551,382,426,216,278,492,544,487
28-Aug-26,22:15,27358,24,615,594,371,840,999,1110,1202,1080,1401,1108,909,681,1616,1625,1839,458,551,353,427,217,269,492,540,407
28-Aug-26,22:30,27377,24,615,595,371,840,1000,1110,1199,1068,1421,1108,909,687,1617,1617,1870,458,552,343,427,217,279,492,535,441
28-Aug-26,22:45,27351,25,615,595,372,840,1002,1109,1197,1056,1383,1108,908,689,1617,1609,1863,458,553,340,428,218,275,492,531,483
28-Aug-26,23:00,27213,26,615,596,372,840,1004,1120,1194,1043,1369,1108,908,688,1618,1601,1863,457,553,340,428,218,274,492,526,485
28-Aug-26,23:15,27026,27,615,596,372,840,1005,1101,1191,1031,1409,1108,908,693,1618,1594,1870,457,554,339,428,219,271,492,522,475
28-Aug-26,23:30,26828,28,615,596,373,839,1007,1075,1188,1019,1309,1108,908,691,1618,1586,1769,456,555,339,429,220,275,492,517,384
28-Aug-26,23:45,26660,28,615,597,373,839,1009,1098,1186,1007,1183,1108,907,689,1619,1559,1584,456,555,342,429,223,241,492,512,314
29-Aug-26,00:00,26432,29,615,597,374,839,1010,1099,1183,1007,1182,1108,906,690,1619,1532,1576,456,556,341,430,212,232,492,508,311
29-Aug-26,00:15,26102,30,615,598,374,839,1004,1106,1180,1107,1240,1108,906,683,1620,1505,1561,455,557,342,430,202,224,492,503,312
29-Aug-26,00:30,25812,31,615,598,374,839,999,1114,1177,1107,1125,1108,906,685,1620,1478,1368,455,558,342,430,205,178,492,499,313
29-Aug-26,00:45,25693,32,615,598,375,839,993,1120,1175,867,1022,1108,906,685,1620,1199,1128,454,558,341,431,209,154,492,494,319
29-Aug-26,01:00,25546,33,615,599,375,839,987,1109,1172,867,1079,1109,905,686,1621,1216,1051,454,559,343,431,212,154,492,489,325
29-Aug-26,01:15,25294,34,615,599,376,839,982,1084,1169,965,1217,1109,905,688,1621,1232,1028,454,560,342,432,216,160,492,485,335
29-Aug-26,01:30,25060,34,615,600,376,839,976,1108,1166,1064,1191,1109,904,687,1622,1249,1012,453,560,343,432,219,160,492,480,311
29-Aug-26,01:45,24850,35,615,600,376,839,970,1106,1164,1162,1317,1109,904,688,1622,1266,1035,453,561,341,432,223,158,492,476,310
29-Aug-26,02:00,24712,36,615,600,377,839,964,1105,1161,1145,1420,1109,904,689,1622,1282,1113,452,562,341,433,226,158,492,471,343
29-Aug-26,02:15,24481,37,615,601,377,839,959,1093,1158,1128,1433,1109,903,687,1623,1299,1415,452,563,342,433,230,209,492,467,402
29-Aug-26,02:30,24226,38,615,601,378,839,953,1122,1155,1110,1425,1109,903,689,1623,1342,1608,452,563,342,434,233,248,492,466,470
29-Aug-26,02:45,23956,38,615,602,378,839,947,1117,1153,1093,1436,1109,903,689,1624,1384,1747,451,564,341,434,274,276,492,465,528
29-Aug-26,03:00,23774,39,615,602,378,839,942,1124,1150,1076,1411,1109,902,687,1624,1427,1832,451,565,378,434,266,277,492,464,557
29-Aug-26,03:15,23749,40,615,602,379,839,936,1114,1147,1059,1385,1109,902,689,1624,1470,1847,450,565,443,435,258,276,492,464,557
29-Aug-26,03:30,23474,41,615,603,379,839,930,1101,1144,1041,1393,1109,901,688,1625,1513,1824,450,566,436,435,249,272,492,464,550
29-Aug-26,03:45,23328,42,615,603,380,839,925,1103,1142,1024,1295,1109,901,691,1625,1555,1708,450,567,340,436,241,265,492,463,459
29-Aug-26,04:00,23156,43,615,604,380,839,919,1116,1139,1007,1189,1109,901,690,1626,1598,1553,449,568,328,436,247,225,492,463,382
29-Aug-26,04:15,23042,44,615,604,380,839,913,1099,1136,1007,1228,1109,900,690,1626,1618,1569,449,568,341,436,252,230,492,462,376
29-Aug-26,04:30,23032,44,615,604,381,839,908,1114,1133,1036,1347,1109,900,691,1626,1638,1554,448,569,338,437,258,231,492,462,375
29-Aug-26,04:45,22928,45,615,605,381,839,902,1110,1131,1066,1329,1109,899,690,1627,1658,1561,448,570,338,437,264,231,492,462,376
29-Aug-26,05:00,22743,46,615,605,382,839,896,1103,1128,1096,1158,1109,899,693,1627,1678,1654,448,570,352,438,269,230,492,461,401
29-Aug-26,05:15,22203,47,615,606,382,839,891,1114,1125,1125,1104,1109,899,696,1628,1664,1731,447,571,431,438,262,258,492,461,484
29-Aug-26,05:30,22127,48,615,606,382,839,885,1128,1115,1097,1078,1109,899,698,1628,1649,1800,447,572,529,438,255,268,492,460,540
29-Aug-26,05:45,21568,48,615,606,383,839,879,1114,1104,1069,1047,1109,898,701,1628,1635,1823,446,572,535,439,247,269,492,460,559
29-Aug-26,06:00,20822,49,615,607,383,839,873,1116,1094,1041,1053,1109,898,704,1629,1621,1839,446,573,525,439,240,258,492,460,533
29-Aug-26,06:15,19433,50,615,607,384,839,868,1115,1083,1014,1110,1109,897,707,1629,1607,1870,446,574,461,440,241,241,492,459,472
29-Aug-26,06:30,19033,51,615,608,384,839,862,1116,1073,986,1068,1109,897,720,1630,1592,1777,445,575,398,440,241,237,492,459,432
29-Aug-26,06:45,18681,99,615,608,385,839,856,1124,1062,958,1103,1109,897,716,1630,1593,1506,445,575,355,440,242,193,492,458,377
29-Aug-26,07:00,18510,150,615,608,385,839,851,1112,1052,930,1064,1109,896,688,1630,1593,1274,444,576,352,441,243,162,492,458,324
29-Aug-26,07:15,18329,198,615,609,386,839,845,930,1041,939,1075,1109,896,699,1631,1594,1041,444,577,340,441,243,162,492,458,312
29-Aug-26,07:30,18309,260,615,609,386,839,679,738,1031,948,1124,1109,895,686,1631,1594,1042,444,577,345,442,244,158,492,457,310
29-Aug-26,07:45,18290,336,615,610,386,839,682,648,1020,958,1071,1109,895,688,1632,1595,1027,443,578,346,442,245,158,492,457,312
29-Aug-26,08:00,18424,395,615,610,387,839,685,623,1018,968,1046,1109,895,687,1632,1595,1027,443,579,342,442,245,157,492,456,299
29-Aug-26,08:15,18796,515,615,610,387,839,687,631,1017,978,1039,1109,895,686,1632,1596,1019,442,580,343,443,246,149,492,456,314
29-Aug-26,08:30,18880,547,615,611,388,839,690,619,1015,987,1045,1109,894,686,1633,1596,1019,442,580,344,443,247,147,492,456,305
29-Aug-26,08:45,19193,599,615,611,388,838,693,627,1014,997,1078,1109,894,687,1633,1597,1034,442,581,346,444,247,162,492,455,314
29-Aug-26,09:00,19619,627,615,612,388,838,696,643,1012,998,1038,1109,893,685,1634,1597,1034,441,582,347,444,248,159,492,455,314
29-Aug-26,09:15,20443,715,615,612,389,838,698,636,1011,998,1070,1109,893,692,1634,1598,1040,441,582,347,444,248,162,492,454,315
29-Aug-26,09:30,20847,773,615,612,389,838,701,695,1009,999,1061,1109,893,691,1634,1598,1046,440,583,346,445,249,161,492,454,316
29-Aug-26,09:45,21252,797,615,613,390,838,704,809,1008,999,1060,1109,893,692,1635,1599,1051,440,584,347,445,250,161,492,454,318
29-Aug-26,10:00,21472,840,615,613,390,838,704,789,1006,1000,1082,1109,892,691,1635,1599,1057,440,585,346,446,250,163,492,453,319
29-Aug-26,10:15,22154,904,615,614,390,838,604,683,1005,1000,1079,1109,892,690,1636,1600,1065,439,585,347,446,251,161,492,453,319
29-Aug-26,10:30,22276,1010,615,614,391,838,538,674,1003,1001,1098,1109,891,693,1636,1600,1049,439,586,339,446,252,162,492,452,318
29-Aug-26,10:45,22342,1122,615,614,391,838,638,757,1001,1001,1084,1109,891,690,1636,1601,1064,438,587,339,447,252,161,492,452,318
29-Aug-26,11:00,22513,1190,615,615,392,838,804,886,1000,1002,1052,1109,891,688,1637,1601,1057,438,587,340,447,253,162,492,452,316
29-Aug-26,11:15,22524,1313,615,615,392,838,804,850,998,1002,1029,1109,890,691,1637,1602,1026,438,588,340,448,254,151,492,451,308
29-Aug-26,11:30,22425,1285,615,616,392,838,754,773,997,1003,1023,1109,890,686,1638,1602,1026,437,589,340,448,254,154,492,451,311
29-Aug-26,11:45,22698,1376,615,616,393,838,760,725,995,1003,1089,1109,889,681,1638,1603,1041,437,589,341,448,255,156,492,450,314
29-Aug-26,12:00,22551,1383,615,616,393,838,767,732,994,1004,1107,1109,889,689,1638,1603,1042,436,590,341,449,256,161,492,450,317
29-Aug-26,12:15,22666,1435,615,617,394,838,773,729,992,1004,1037,1109,889,690,1639,1604,1072,436,591,342,449,256,155,492,450,317
29-Aug-26,12:30,22728,1451,615,617,394,838,779,733,991,1005,1118,1109,889,687,1639,1604,1065,436,592,342,450,257,157,492,449,316
29-Aug-26,12:45,22882,1450,615,618,394,838,786,770,989,1005,1074,1109,888,688,1640,1605,1041,435,592,342,450,258,162,492,449,316
29-Aug-26,13:00,22783,1433,615,618,395,838,746,901,988,1006,1052,1109,888,691,1640,1605,1034,435,593,343,450,258,158,492,448,311
29-Aug-26,13:15,22549,1508,615,618,395,838,706,861,986,1006,1026,1109,887,684,1640,1606,1034,434,594,343,451,259,151,492,448,307
29-Aug-26,13:30,22516,1451,615,619,396,838,666,854,984,1006,1081,1109,887,683,1641,1606,1041,434,594,344,451,260,154,492,448,314
29-Aug-26,13:45,22517,1365,615,619,396,838,698,749,983,1007,1106,1109,887,683,1641,1607,1095,434,595,344,452,260,155,492,447,315
29-Aug-26,14:00,22848,1302,615,620,396,838,729,731,981,1007,1105,1109,887,689,1642,1607,1087,433,596,344,452,261,166,492,447,317
29-Aug-26,14:15,22565,1245,615,620,397,838,760,761,980,1008,1101,1109,886,686,1642,1608,1103,433,597,345,452,262,158,492,446,316
29-Aug-26,14:30,22698,1104,615,620,397,838,792,951,978,1008,1107,1109,886,687,1642,1608,1072,432,597,346,453,262,163,492,446,317
29-Aug-26,14:45,22916,896,615,621,398,838,959,1068,977,1008,1096,1109,885,690,1643,1609,1357,432,598,346,453,263,174,492,446,339
29-Aug-26,15:00,22758,878,615,621,398,838,959,1112,975,1009,1089,1109,885,688,1643,1609,1575,432,599,346,454,264,193,492,445,386
29-Aug-26,15:15,22077,754,615,622,398,838,936,1114,974,1009,1088,1109,885,688,1644,1610,1814,431,599,347,454,264,225,492,445,422
29-Aug-26,15:30,22075,683,615,622,399,838,913,1098,972,1010,1081,1109,885,698,1644,1642,1822,431,600,347,454,265,232,492,444,449
29-Aug-26,15:45,21572,586,615,622,399,838,891,1106,970,1010,1043,1109,884,690,1644,1674,1776,430,601,348,455,266,202,492,444,393
29-Aug-26,16:00,21297,527,615,623,400,838,868,1069,969,1010,1068,1109,884,691,1645,1706,1605,430,602,348,455,266,193,492,444,377
29-Aug-26,16:15,20352,448,615,623,400,838,845,892,967,1011,1088,1109,883,692,1645,1428,1396,430,602,348,456,267,159,492,443,309
29-Aug-26,16:30,20165,410,615,624,400,838,679,749,966,1013,1119,1109,883,692,1646,1149,1157,429,603,349,456,267,155,492,443,313
29-Aug-26,16:45,20179,323,615,624,401,838,626,692,964,1014,1102,1109,883,693,1646,1168,1088,429,604,349,456,268,158,492,442,324
29-Aug-26,17:00,20133,261,615,624,401,838,646,649,963,1016,1103,1109,883,696,1646,1186,1095,428,604,351,457,269,164,492,442,328
29-Aug-26,17:15,20257,199,615,625,402,838,665,644,961,1017,1091,1109,882,696,1647,1205,1056,428,605,353,457,269,167,492,442,329
29-Aug-26,17:30,20332,149,615,625,402,838,684,687,960,1024,1090,1109,882,692,1647,1224,1087,428,606,355,458,270,160,492,441,324
29-Aug-26,17:45,20696,94,615,626,402,838,704,836,958,1032,1146,1109,881,694,1648,1243,1057,427,606,368,458,271,156,492,441,324
29-Aug-26,18:00,21177,93,615,626,403,838,871,999,957,1039,1097,1109,881,692,1648,1262,1049,427,607,380,458,271,155,492,440,319
29-Aug-26,18:15,22441,92,615,626,403,838,871,999,1006,1046,1085,1109,880,690,1648,1280,1072,426,608,392,459,272,171,492,440,334
29-Aug-26,18:30,23738,91,615,627,404,838,870,1103,1056,1082,1092,1109,880,690,1649,1299,1327,426,609,484,459,273,213,492,440,430
29-Aug-26,18:45,24041,90,615,627,404,838,870,1101,1106,1119,1131,1109,880,692,1649,1303,1643,426,609,581,460,273,240,492,439,514
29-Aug-26,19:00,24384,89,615,628,404,838,870,1111,1155,1155,1204,1109,880,692,1650,1307,1829,425,610,577,460,274,258,492,439,548
29-Aug-26,19:15,26858,88,615,628,405,838,869,1099,1160,1160,1300,1109,879,688,1650,1311,1852,425,570,575,460,272,275,492,438,554
29-Aug-26,19:30,27427,87,615,628,405,838,868,1141,1166,1166,1387,1109,879,684,1650,1316,1860,424,570,591,461,271,275,492,438,568
29-Aug-26,19:45,27659,86,615,629,406,838,868,1116,1171,1171,1420,1109,878,689,1651,1320,1852,424,585,593,461,269,278,492,438,564
29-Aug-26,20:00,27856,85,615,629,406,838,868,1123,1176,1176,1434,1109,878,688,1651,1324,1859,424,585,596,462,268,272,492,437,565
29-Aug-26,20:15,27989,84,615,630,406,838,867,1116,1181,1181,1402,1109,878,684,1652,1328,1813,423,492,505,462,266,269,492,437,564
29-Aug-26,20:30,27990,83,615,630,407,838,866,1112,1186,1186,1425,1109,878,688,1652,1332,1819,423,492,544,462,265,272,492,436,570
29-Aug-26,20:45,28034,82,615,630,407,838,866,1112,1192,1192,1450,1109,877,688,1652,1336,1824,422,585,606,463,263,274,492,436,565
29-Aug-26,21:00,28217,81,615,631,408,838,866,1124,1197,1197,1441,1109,876,689,1653,1341,1830,422,585,615,463,262,278,492,435,566
29-Aug-26,21:15,28292,80,615,631,408,837,865,1126,1202,1202,1404,1109,876,690,1653,1345,1836,422,580,612,464,260,279,492,435,570
29-Aug-26,21:30,28327,79,615,632,408,837,864,1102,1208,1208,1420,1109,876,689,1654,1349,1851,421,576,614,464,259,281,492,434,568
29-Aug-26,21:45,27966,78,615,632,409,837,864,1105,1213,1213,1456,1109,875,688,1654,1353,1857,421,571,622,464,257,275,492,434,567
29-Aug-26,22:00,27960,77,615,632,409,837,864,1114,1218,1218,1439,1109,875,688,1654,1357,1862,420,567,619,465,256,271,492,434,553
29-Aug-26,22:15,28300,76,615,633,410,837,863,1117,1223,1223,1442,1109,875,687,1655,1361,1868,420,562,619,465,254,272,492,433,561
29-Aug-26,22:30,28378,75,615,633,410,837,862,1125,1228,1228,1480,1109,874,693,1655,1366,1874,420,558,618,466,253,274,492,433,556
29-Aug-26,22:45,28412,74,615,634,410,837,862,1124,1234,1234,1483,1109,874,693,1656,1370,1874,419,553,620,466,251,275,492,432,549
29-Aug-26,23:00,28253,74,615,634,411,837,862,1107,1239,1239,1467,1109,874,691,1656,1374,1866,419,549,619,466,250,276,492,432,551
29-Aug-26,23:15,28125,73,615,634,411,837,861,1120,1244,1244,1449,1109,874,693,1656,1378,1859,418,544,622,467,248,276,492,432,555
29-Aug-26,23:30,27845,72,615,635,412,837,860,1126,1250,1250,1450,1109,873,694,1657,1382,1851,418,540,621,467,247,277,492,431,557
29-Aug-26,23:45,27689,71,615,635,412,837,860,1099,1255,1255,1413,1109,872,694,1657,1386,1812,418,535,620,468,245,275,492,431,555
30-Aug-26,00:15,27223,70,615,636,412,837,860,1114,1251,1251,1378,1109,872,694,1658,1391,1858,417,531,620,468,244,273,492,430,551
30-Aug-26,00:30,27071,69,615,636,413,837,859,1125,1248,1248,1363,1109,872,695,1658,1395,1858,417,526,621,468,242,274,492,430,556
30-Aug-26,00:45,26778,68,615,636,413,837,858,1128,1244,1244,1382,1109,872,694,1658,1399,1866,416,522,621,469,241,275,492,430,563
30-Aug-26,01:00,26568,67,615,637,414,837,858,1132,1241,1241,1391,1109,871,694,1659,1403,1866,416,517,526,469,239,276,492,429,553
30-Aug-26,01:15,26190,66,615,637,414,837,858,1111,1237,1237,1372,1109,871,696,1659,1407,1858,416,424,443,470,238,277,492,429,562
30-Aug-26,01:30,26006,65,615,638,414,837,857,1127,1234,1234,1365,1109,871,695,1660,1411,1873,415,424,389,470,236,278,492,428,563
30-Aug-26,01:45,25790,64,615,638,415,837,856,1110,1230,1230,1362,1109,871,694,1660,1416,1858,415,425,367,470,236,274,492,428,557
30-Aug-26,02:00,25561,63,615,638,415,837,856,1116,1226,1226,1337,1109,871,698,1660,1420,1812,414,426,365,471,235,248,492,428,512
30-Aug-26,02:15,25225,62,615,639,416,837,856,1104,1223,1223,1361,1109,871,696,1661,1424,1573,414,426,363,471,235,194,492,427,400
30-Aug-26,02:30,25013,61,615,640,416,837,855,1123,1219,1219,1349,1109,870,696,1661,1428,1434,414,426,367,472,234,169,492,427,337
30-Aug-26,02:45,24671,60,615,640,416,837,854,1122,1216,1216,1340,1109,870,693,1662,1428,1496,413,427,367,472,234,161,492,426,318
30-Aug-26,03:00,24453,59,615,640,417,837,854,1125,1212,1212,1349,1109,870,694,1662,1528,1627,413,436,391,472,234,178,492,426,344
30-Aug-26,03:15,24185,58,615,641,417,837,854,1126,1209,1209,1350,1109,870,695,1662,1806,1851,412,446,435,473,233,206,492,426,389
30-Aug-26,03:30,24044,57,615,641,418,837,853,1129,1205,1205,1347,1109,870,695,1663,1856,1849,412,455,402,473,232,197,492,425,388
30-Aug-26,03:45,23823,56,615,642,418,837,852,1131,1201,1201,1347,1109,870,696,1663,1656,1702,412,465,373,474,232,166,492,425,312
30-Aug-26,04:00,23678,55,615,642,418,837,852,1117,1198,1198,1340,1109,870,696,1664,1656,1740,411,474,339,474,232,162,492,424,316
30-Aug-26,04:15,23355,54,615,642,419,837,852,1118,1194,1194,1324,1109,870,694,1664,1756,1810,411,483,348,474,231,164,492,424,317
30-Aug-26,04:30,23287,53,615,643,419,837,851,1127,1191,1191,1324,1109,870,695,1664,1734,1822,410,493,357,475,231,172,492,424,322
30-Aug-26,04:45,23267,53,615,643,420,837,850,1125,1187,1187,1331,1109,870,695,1665,1712,1835,410,502,433,475,230,217,492,423,392
30-Aug-26,05:00,23136,54,615,644,420,837,850,1123,1184,1184,1275,1109,870,696,1665,1689,1847,410,512,478,476,230,255,492,423,473
30-Aug-26,05:15,22424,54,615,644,420,837,850,1117,1180,1180,1237,1109,870,695,1666,1667,1860,409,521,542,476,229,274,492,422,545
30-Aug-26,05:30,22380,56,615,644,421,837,849,1121,1177,1145,1154,1109,870,694,1666,1645,1872,409,610,619,476,228,280,492,422,557
30-Aug-26,05:45,21736,58,615,645,421,837,848,1117,1174,1111,1088,1109,870,697,1666,1622,1872,408,610,619,477,226,282,492,422,560
30-Aug-26,06:00,21352,60,615,645,422,837,848,1084,1171,1076,1066,1109,870,698,1667,1600,1740,408,586,527,477,225,269,492,421,551
30-Aug-26,06:15,19496,69,615,646,422,837,848,1113,1168,1041,1067,1109,869,691,1667,1525,1563,408,563,460,478,223,236,492,416,479
30-Aug-26,06:30,19043,79,615,646,422,837,847,1109,1165,1006,1071,1109,869,691,1668,1450,1547,407,563,441,478,212,241,492,410,468
30-Aug-26,06:45,18677,88,615,646,423,837,846,1098,1162,972,1035,1109,869,694,1668,1374,1447,407,562,395,478,202,219,492,405,460
30-Aug-26,07:00,18521,148,615,647,423,837,846,1112,1159,976,1029,1109,869,691,1668,1299,1177,406,562,374,479,192,183,492,404,383
30-Aug-26,07:15,18256,200,615,647,424,837,846,1105,1156,980,1080,1110,869,692,1669,1290,1031,406,561,372,479,191,156,492,402,319
30-Aug-26,07:30,18123,281,615,648,424,837,845,913,1153,984,1103,1110,869,692,1669,1282,1077,406,561,369,480,190,164,492,401,322
30-Aug-26,07:45,18164,354,615,648,424,837,679,749,1150,988,1081,1110,869,692,1670,1273,1070,405,560,362,480,188,175,492,399,321
30-Aug-26,08:00,18046,462,615,648,425,837,682,633,1147,991,1041,1110,869,693,1670,1265,1067,405,560,365,480,187,168,492,398,319
30-Aug-26,08:15,18412,548,615,649,425,837,685,618,1144,995,1040,1110,869,693,1670,1256,1064,404,559,370,481,186,152,492,397,299
30-Aug-26,08:30,18642,632,615,649,426,837,688,621,1141,999,1032,1110,869,694,1671,1248,1061,404,559,367,481,185,152,492,395,299
30-Aug-26,08:45,18963,693,615,650,426,837,692,612,1138,1003,1036,1110,869,693,1671,1239,1058,404,558,366,482,183,163,492,394,305
30-Aug-26,09:00,19030,818,615,650,426,837,695,627,1135,1004,1035,1110,869,692,1672,1231,1054,403,558,366,482,182,169,492,392,304
30-Aug-26,09:15,19887,914,615,650,427,837,698,627,1132,1005,1040,1110,869,693,1672,1222,1051,403,557,367,482,181,167,492,391,308
30-Aug-26,09:30,20166,971,615,651,427,837,701,683,1129,1006,1045,1110,869,681,1672,1214,1048,402,557,367,483,180,155,492,389,304
30-Aug-26,09:45,20568,1065,615,651,428,837,704,863,1126,1006,1047,1110,869,684,1673,1205,1045,402,556,366,483,178,155,492,388,306
30-Aug-26,10:00,20785,1152,615,652,428,837,871,1027,1123,1007,1039,1110,869,681,1673,1197,1042,402,556,367,484,177,169,492,387,313
30-Aug-26,10:15,21216,1226,615,652,428,837,864,1108,1120,1008,1046,1110,869,682,1674,1188,1039,401,555,367,484,176,208,492,385,312
30-Aug-26,10:30,21445,1312,615,652,429,837,858,1108,1117,1008,1053,1110,869,680,1674,1180,1108,401,555,366,484,196,225,492,384,320
30-Aug-26,10:45,21615,1372,615,653,429,837,852,1076,1113,1009,1057,1110,869,679,1674,1171,1192,400,554,362,485,216,244,492,382,321
30-Aug-26,11:00,21712,1364,615,653,430,837,845,919,1110,1010,1066,1110,869,684,1675,1181,1038,400,554,357,485,236,278,492,381,317
30-Aug-26,11:15,21750,1484,615,654,430,837,679,791,1107,1010,1058,1110,869,685,1675,1191,1039,400,553,352,486,256,293,492,380,313
30-Aug-26,11:30,21705,1475,615,654,430,837,679,822,1104,1010,1064,1110,869,686,1676,1201,1040,399,553,348,486,276,296,492,378,309
30-Aug-26,11:45,21986,1455,615,654,431,837,681,950,1101,1011,1063,1110,869,686,1676,1210,1041,399,552,348,486,287,298,492,377,305
30-Aug-26,12:00,22126,1458,615,655,431,837,683,990,1098,1011,1053,1110,869,687,1676,1220,1043,398,552,344,487,298,298,492,375,302
30-Aug-26,12:15,22028,1344,615,655,432,837,685,1092,1095,1012,1066,1110,869,687,1677,1230,1044,398,552,343,487,308,304,492,374,316
30-Aug-26,12:30,22257,1339,615,656,432,837,687,1103,1092,1012,1055,1110,869,688,1677,1240,1045,398,551,343,488,319,306,492,372,310
30-Aug-26,12:45,22378,1339,615,656,432,836,689,1117,1089,1012,1055,1110,868,688,1678,1250,1046,397,551,342,488,330,307,492,371,310
30-Aug-26,13:00,22419,1333,615,656,433,836,690,1127,1086,1013,1066,1110,868,689,1678,1260,1053,397,550,342,488,341,307,492,370,320
30-Aug-26,13:15,22307,1259,615,657,433,836,692,1108,1083,1013,1065,1110,868,690,1678,1269,1037,396,550,356,489,352,303,492,368,306
30-Aug-26,13:30,22273,1231,615,657,434,836,694,1106,1080,1014,1056,1110,868,687,1679,1279,1022,396,549,361,489,362,307,492,367,312
30-Aug-26,13:45,22454,1148,615,658,434,836,696,1120,1077,1016,1058,1110,868,686,1679,1289,1075,396,549,355,490,373,322,492,365,353
30-Aug-26,14:00,22507,1170,615,658,434,836,698,1109,1074,1018,1052,1110,868,685,1680,1299,1337,395,548,353,490,355,373,492,364,387
30-Aug-26,14:15,22428,1098,615,658,435,836,700,1101,1071,1019,1058,1110,868,691,1680,1578,1568,395,548,351,490,338,402,492,343,396
30-Aug-26,14:30,22271,1098,615,659,435,836,702,1111,1068,1023,1064,1110,868,732,1680,1578,1546,394,547,351,491,320,375,492,322,372
30-Aug-26,14:45,22257,1016,615,659,436,836,704,1121,1065,1028,1050,1110,868,772,1681,1428,1436,394,547,352,491,326,311,492,328,317
30-Aug-26,15:00,22119,977,615,660,436,836,706,1121,1062,1032,1062,1110,868,766,1681,1149,1066,394,546,352,492,332,307,492,333,311
30-Aug-26,15:15,21360,867,615,660,436,836,708,1117,1059,1037,1077,1110,868,763,1682,1021,1074,393,546,351,492,337,309,492,339,326
30-Aug-26,15:30,21184,787,615,660,437,836,710,1116,1056,1041,1054,1110,868,748,1682,1021,1097,393,545,352,492,343,312,492,345,328
30-Aug-26,15:45,20989,669,615,661,437,836,712,1112,1053,1046,1067,1110,868,730,1682,1299,1297,392,545,351,493,349,314,492,350,323
30-Aug-26,16:00,20615,668,615,661,438,836,713,1119,1046,1040,1156,1110,868,719,1683,1299,1220,392,544,349,493,355,313,492,356,330
30-Aug-26,16:15,19820,667,615,662,438,836,715,1111,1039,1034,1089,1110,868,681,1683,1021,1035,392,544,346,494,361,302,492,361,314
30-Aug-26,16:30,19739,667,615,662,438,836,717,1114,1032,1028,1071,1110,868,681,1684,1021,1012,391,543,345,494,367,298,492,367,306
30-Aug-26,16:45,19535,666,615,662,439,836,719,1097,1024,1022,1085,1110,868,691,1684,1171,1159,391,543,344,494,372,298,492,373,305
30-Aug-26,17:00,19305,665,615,663,439,836,721,1096,1017,1016,1133,1110,868,775,1684,1400,1444,390,542,344,495,378,308,492,378,321
30-Aug-26,17:15,19338,664,615,663,440,836,723,1072,1039,1010,1049,1110,868,686,1685,1550,1414,390,542,343,495,384,353,492,391,371
30-Aug-26,17:30,19608,663,615,664,440,836,725,942,1060,1007,1027,1110,868,687,1685,1500,1391,390,541,343,496,376,309,492,403,315
30-Aug-26,17:45,19722,663,615,664,440,836,727,993,1082,1007,1035,1110,868,682,1686,1450,1384,389,541,342,496,368,308,492,416,316
30-Aug-26,18:00,20161,662,615,664,441,836,729,1103,1103,1010,1130,1110,868,685,1686,1400,1307,389,542,342,496,359,310,492,429,318
30-Aug-26,18:15,21870,661,615,665,441,836,731,1111,1134,1060,1216,1110,868,737,1686,1350,1315,388,543,350,497,351,325,492,442,330
30-Aug-26,18:30,22710,660,615,665,442,836,733,1124,1166,1110,1302,1110,868,740,1687,1628,1662,388,566,462,497,343,365,492,454,422
30-Aug-26,18:45,24004,659,615,666,442,836,734,1118,1197,1160,1357,1110,868,720,1687,1626,1839,388,588,520,498,384,398,492,459,499
30-Aug-26,19:00,25201,659,615,666,442,836,736,1113,1229,1210,1302,1110,868,677,1688,1624,1854,387,610,555,498,425,423,492,464,550
30-Aug-26,19:15,26236,658,615,666,443,836,738,1099,1228,1209,1373,1110,868,676,1688,1622,1838,387,517,524,498,415,434,492,469,555
30-Aug-26,19:30,26890,657,615,667,443,836,740,1124,1227,1209,1406,1110,868,676,1688,1620,1830,386,517,523,499,404,448,492,473,555
30-Aug-26,19:45,27129,656,615,667,444,836,742,1119,1225,1208,1420,1110,868,673,1689,1618,1831,386,521,571,499,394,453,492,478,556
30-Aug-26,20:00,27288,655,615,668,444,836,744,1120,1224,1207,1401,1110,868,676,1689,1616,1846,386,524,583,500,383,441,492,483,532
30-Aug-26,20:15,27255,655,615,668,444,836,746,1116,1223,1206,1401,1110,868,677,1690,1615,1838,385,528,536,500,390,382,492,488,478
30-Aug-26,20:30,27350,654,615,668,445,836,748,1114,1222,1206,1402,1110,868,674,1690,1613,1838,385,532,525,500,398,378,492,508,473
30-Aug-26,20:45,27439,653,615,669,445,836,750,1128,1221,1205,1446,1110,868,731,1690,1611,1854,384,535,521,501,406,396,492,528,508
30-Aug-26,21:00,27645,652,615,669,446,836,752,1122,1219,1204,1434,1110,868,769,1691,1609,1877,384,539,522,502,413,423,492,524,538
30-Aug-26,21:15,27753,651,615,670,446,836,754,1123,1218,1203,1440,1110,868,769,1691,1607,1884,384,543,523,502,429,455,492,521,565
30-Aug-26,21:30,27989,651,615,670,446,836,756,1124,1217,1203,1448,1110,868,731,1692,1605,1884,383,546,560,503,446,467,492,517,573
30-Aug-26,21:45,28100,650,615,670,447,836,757,1118,1216,1202,1449,1110,868,732,1692,1603,1869,383,550,563,511,462,469,492,514,574
30-Aug-26,22:00,28041,649,615,671,447,836,759,1115,1215,1201,1434,1110,868,676,1692,1601,1861,382,457,459,519,479,471,492,510,572
30-Aug-26,22:15,27851,648,615,671,448,836,761,1111,1213,1200,1427,1110,868,703,1693,1599,1854,382,364,380,527,495,490,492,506,570
30-Aug-26,22:30,27923,647,615,672,448,836,763,1119,1212,1200,1440,1110,868,691,1693,1597,1869,382,335,348,535,535,534,492,503,573
30-Aug-26,22:45,27947,647,615,672,448,836,765,1116,1211,1199,1430,1110,868,686,1694,1595,1869,381,335,340,534,528,548,492,499,563
30-Aug-26,23:00,27862,646,615,672,449,836,767,1121,1210,1198,1404,1110,867,680,1694,1593,1877,381,428,453,534,521,547,492,496,563
30-Aug-26,23:15,27637,645,615,673,449,836,769,1119,1209,1198,1412,1110,867,695,1694,1591,1854,380,521,544,533,515,556,492,492,565
30-Aug-26,23:30,27516,644,615,673,450,836,771,1119,1207,1197,1403,1110,867,678,1695,1590,1861,380,550,567,532,508,557,492,489,564
30-Aug-26,23:45,27283,644,615,674,450,836,773,1126,1206,1196,1402,1110,867,678,1695,1588,1854,380,550,570,532,501,549,492,485,562
31-Aug-26,00:00,27101,643,615,674,450,836,775,1104,1205,1195,1410,1110,867,675,1696,1586,1853,379,530,567,531,494,548,492,481,564
31-Aug-26,00:15,26844,642,615,674,451,836,777,1125,1204,1195,1421,1110,867,686,1696,1584,1892,379,511,570,530,487,548,492,478,559
31-Aug-26,00:30,26728,641,615,675,451,836,778,1129,1203,1194,1412,1110,867,682,1696,1582,1846,378,492,567,530,481,551,492,474,559
31-Aug-26,00:45,26427,640,615,675,452,836,780,1123,1202,1193,1447,1110,867,737,1697,1580,1838,378,472,472,529,474,543,492,471,548
31-Aug-26,01:00,26184,640,615,676,452,836,782,1135,1200,1192,1438,1110,867,723,1697,1608,1606,378,379,376,528,467,491,492,467,506
31-Aug-26,01:15,25870,639,615,676,452,836,784,1108,1199,1192,1436,1110,867,735,1698,1635,1622,377,384,345,528,467,463,492,467,468
31-Aug-26,01:30,25559,638,615,676,453,836,786,1114,1198,1191,1446,1110,867,730,1698,1663,1630,377,390,342,527,426,410,492,426,408
31-Aug-26,01:45,25441,637,615,677,453,836,788,1122,1197,1190,1444,1110,867,736,1698,1690,1622,376,395,343,526,384,396,492,384,405
31-Aug-26,02:00,25179,636,615,677,454,836,790,1118,1196,1190,1432,1110,867,715,1699,1718,1614,376,401,343,526,343,383,492,343,405
31-Aug-26,02:15,24908,636,615,678,454,836,792,1115,1194,1189,1425,1110,867,719,1699,1746,1607,376,406,339,525,351,308,492,351,316
31-Aug-26,02:30,24759,635,615,678,454,836,794,1119,1193,1188,1436,1110,867,713,1700,1773,1599,375,412,343,524,359,312,492,359,314
31-Aug-26,02:45,24485,634,615,678,455,836,796,1121,1192,1187,1424,1110,867,723,1700,1801,1614,375,417,340,524,368,303,492,368,313
31-Aug-26,03:00,24280,633,615,679,455,836,798,1117,1191,1187,1413,1110,867,712,1700,1828,1684,374,423,362,523,376,317,492,376,348
31-Aug-26,03:15,24126,632,615,679,456,836,800,1121,1190,1186,1420,1110,867,722,1701,1766,1884,374,401,449,523,358,388,492,358,395
31-Aug-26,03:30,23800,632,615,680,456,836,801,1121,1188,1185,1407,1110,867,724,1701,1703,1884,374,379,443,522,339,381,492,339,394
31-Aug-26,03:45,23625,631,615,680,456,836,803,1126,1187,1184,1389,1110,867,693,1702,1640,1853,373,357,440,521,320,358,492,320,384
31-Aug-26,04:00,23340,630,615,680,457,836,805,1124,1186,1184,1414,1110,867,713,1702,1578,1528,373,369,343,521,333,304,492,333,328
31-Aug-26,04:15,23253,629,615,681,457,836,807,1119,1185,1183,1418,1110,867,739,1702,1478,1544,372,381,339,520,346,302,492,346,316
31-Aug-26,04:30,23245,628,615,681,458,836,809,1129,1184,1182,1428,1110,867,728,1703,1478,1629,372,392,342,519,358,305,492,358,317
31-Aug-26,04:45,23105,628,615,682,458,836,811,1131,1182,1181,1376,1110,867,707,1703,1756,1791,372,404,340,519,371,313,492,371,310
31-Aug-26,05:00,23124,627,615,682,458,836,813,1114,1181,1181,1289,1110,867,691,1704,1741,1861,371,416,358,518,384,420,492,384,393
31-Aug-26,05:15,22594,627,615,682,459,836,815,1108,1180,1180,1188,1110,867,722,1704,1726,1853,371,428,446,517,389,504,492,389,493
31-Aug-26,05:30,22379,628,615,683,459,836,817,1106,1163,1158,1112,1110,867,687,1704,1712,1868,370,521,530,517,393,538,492,393,553
31-Aug-26,05:45,21969,628,615,683,460,836,819,1111,1147,1136,1053,1110,867,684,1705,1697,1868,370,516,548,516,398,542,492,398,558
31-Aug-26,06:00,21547,628,615,684,460,836,821,1119,1130,1114,1038,1110,867,685,1705,1682,1861,370,510,562,515,403,548,492,403,560
31-Aug-26,06:15,19981,629,615,684,460,836,822,1115,1113,1092,1083,1110,867,733,1706,1667,1861,369,505,564,515,407,556,492,407,557
31-Aug-26,06:30,19656,629,615,684,461,836,824,1123,1096,1070,1090,1110,867,738,1706,1652,1892,369,499,564,514,412,555,492,412,559
31-Aug-26,06:45,19328,630,615,685,461,836,826,1138,1080,1047,1099,1110,867,737,1706,1637,1876,368,494,566,513,417,554,492,417,560
31-Aug-26,07:00,19079,630,615,685,462,836,828,1133,1063,1025,1089,1110,867,694,1707,1622,1876,368,488,563,513,421,554,492,421,561
31-Aug-26,07:15,18905,630,615,686,462,835,830,1120,1046,1003,1077,1110,867,689,1707,1608,1884,368,483,566,512,426,553,492,426,556
31-Aug-26,07:30,18810,631,615,686,462,835,832,1127,1030,981,1065,1110,867,702,1708,1593,1822,367,477,563,511,431,533,492,431,541
31-Aug-26,07:45,18764,631,615,686,463,835,834,1086,1013,959,1085,1110,867,715,1708,1551,1620,367,472,474,511,435,461,492,435,457
31-Aug-26,08:00,18796,632,615,687,463,835,836,959,1015,937,1063,1110,867,694,1708,1509,1287,366,379,392,510,440,398,492,440,391
31-Aug-26,08:15,19254,632,615,687,464,835,838,982,1018,937,1065,1110,867,686,1709,1467,1240,366,379,372,509,412,382,492,412,356
31-Aug-26,08:30,19570,632,615,688,464,835,840,1061,1021,949,1055,1110,867,684,1709,1425,1332,366,378,342,509,384,388,492,384,378
31-Aug-26,08:45,19745,633,615,688,464,835,842,1113,1023,960,1037,1110,867,683,1710,1383,1556,365,378,342,508,357,393,492,357,405
31-Aug-26,09:00,20066,633,615,688,465,835,844,1119,1026,972,1040,1110,867,683,1710,1341,1440,365,377,340,507,330,370,492,330,369
31-Aug-26,09:15,20857,640,615,689,465,835,845,1099,1029,984,1033,1110,867,680,1710,1365,1216,364,377,340,507,332,287,492,332,303
31-Aug-26,09:30,21251,670,615,689,466,835,847,1105,1031,995,1067,1110,867,681,1711,1388,1039,364,376,341,506,333,316,492,333,318
31-Aug-26,09:45,21707,736,615,690,466,835,849,1079,1034,997,1082,1110,867,711,1711,1412,1038,364,376,341,505,335,317,492,335,315
31-Aug-26,10:00,21977,784,615,690,466,835,851,1005,1037,999,1081,1110,867,731,1712,1436,1031,363,375,340,505,337,317,492,337,315
31-Aug-26,10:15,22443,896,615,690,467,835,853,990,1039,1001,1044,1110,867,682,1712,1460,1023,363,375,338,504,338,310,492,338,312
31-Aug-26,10:30,22478,896,615,691,467,835,855,1063,1042,1004,1056,1110,867,688,1712,1483,1031,362,374,339,503,340,307,492,340,312
31-Aug-26,10:45,22535,948,615,691,468,835,866,1097,1045,1004,1072,1110,867,742,1713,1507,1046,362,374,339,503,342,313,492,342,313
31-Aug-26,11:00,22702,889,615,692,468,835,876,1108,1047,1005,1075,1110,867,743,1713,1531,1131,362,373,341,502,344,313,492,344,322
31-Aug-26,11:15,22807,936,615,692,468,835,886,1121,1050,1005,1064,1110,867,681,1714,1554,1385,361,372,352,502,345,312,492,345,316
31-Aug-26,11:30,22764,1038,615,692,469,835,897,1126,1053,1006,1024,1110,867,680,1714,1578,1578,361,372,358,501,347,301,492,347,308
31-Aug-26,11:45,22507,1057,615,693,469,835,907,1102,1055,1006,1030,1110,867,678,1714,1856,1763,360,371,351,500,349,302,492,349,307
31-Aug-26,12:00,22622,1039,615,693,470,835,918,1107,1058,1007,1046,1110,867,679,1715,1800,1699,360,371,342,500,350,310,492,350,318
31-Aug-26,12:15,22632,1043,615,694,470,835,928,1109,1061,1007,1039,1110,867,677,1715,1600,1535,360,370,340,499,352,291,492,352,298
31-Aug-26,12:30,22639,1062,615,694,470,835,938,1115,1063,1006,1046,1110,867,679,1716,1600,1551,359,370,343,498,354,298,492,354,309
31-Aug-26,12:45,22654,1172,615,694,471,835,949,1102,1066,1006,1043,1110,866,677,1716,1800,1728,359,369,344,498,355,299,492,355,319
31-Aug-26,13:00,22664,1123,615,695,471,835,959,1102,1069,1005,1004,1110,866,687,1716,1800,1696,358,369,343,497,357,296,492,357,314
31-Aug-26,13:15,22268,1164,615,695,472,835,969,1105,1072,1005,1044,1110,866,681,1717,1779,1472,358,368,342,496,359,300,492,359,320
31-Aug-26,13:30,22264,1148,615,696,472,835,980,1074,1074,1004,1040,1110,866,680,1717,1757,1464,358,368,342,496,360,293,492,360,303
31-Aug-26,13:45,22210,1064,615,696,472,835,960,1085,1077,1002,1038,1110,866,678,1718,1736,1464,357,367,342,495,362,298,492,362,305
31-Aug-26,14:00,22438,973,615,696,473,835,941,1082,1080,1001,1033,1110,866,676,1718,1715,1518,357,367,341,494,364,303,492,364,311
31-Aug-26,14:15,22332,975,615,697,473,835,921,1090,1082,999,1058,1110,866,710,1718,1693,1518,356,366,342,494,365,307,492,365,316
31-Aug-26,14:30,22315,922,615,697,474,835,902,1089,1085,998,1050,1110,866,713,1719,1672,1703,356,365,349,493,367,325,492,367,322
31-Aug-26,14:45,22613,921,615,698,474,835,882,1089,1088,996,1033,1110,866,696,1719,1750,1773,356,365,352,492,369,316,492,369,313
31-Aug-26,15:00,22570,860,615,698,474,835,862,1096,1090,995,1034,1110,866,741,1720,1600,1594,355,364,353,492,370,316,492,370,314
31-Aug-26,15:15,21707,789,615,698,475,835,843,1077,1093,993,1066,1110,866,712,1720,1322,1317,355,364,352,491,372,318,492,372,318
31-Aug-26,15:30,21402,699,615,699,475,835,823,844,1096,979,1062,1110,866,694,1720,1043,1046,354,363,351,490,374,315,492,374,316
31-Aug-26,15:45,21038,651,615,699,476,835,657,732,1098,965,1092,1110,866,712,1721,1086,1046,354,363,354,490,376,310,492,376,314
31-Aug-26,16:00,21062,588,615,700,476,835,626,716,1101,951,1081,1110,866,720,1721,1128,1030,354,362,357,489,377,309,492,377,313
31-Aug-26,16:15,20041,550,615,700,476,835,538,654,1104,966,1083,1110,866,709,1722,1171,1039,353,362,360,488,379,308,492,379,313
31-Aug-26,16:30,20088,470,615,700,477,835,538,650,1106,980,1076,1110,866,708,1722,1214,1031,353,361,363,488,381,305,492,381,309
31-Aug-26,16:45,19983,405,615,701,477,835,704,835,1109,995,1073,1110,866,688,1723,1256,1054,352,361,366,487,382,337,492,382,342
31-Aug-26,17:00,19947,326,615,701,478,835,871,1010,1112,1017,1077,1110,866,704,1723,1299,1371,352,360,388,486,384,412,492,384,421
31-Aug-26,17:15,20183,257,615,702,478,835,872,1088,1114,1038,1088,1110,866,677,1724,1306,1533,352,453,468,486,387,471,492,385,465
31-Aug-26,17:30,20408,203,615,702,478,835,874,1101,1117,1060,1093,1110,866,679,1724,1314,1633,351,453,479,485,390,485,492,387,507
31-Aug-26,17:45,20939,131,615,702,479,835,875,1099,1120,1082,1163,1110,866,696,1724,1321,1826,351,546,558,484,393,547,492,388,556
31-Aug-26,18:00,21691,61,615,703,479,835,876,1094,1122,1103,1245,1110,866,687,1725,1329,1865,350,549,567,484,396,553,492,390,567
31-Aug-26,18:15,22654,37,615,703,480,835,878,1079,1150,1134,1289,1110,866,696,1725,1336,1811,350,552,585,483,398,555,492,391,560
31-Aug-26,18:30,22718,32,615,704,480,835,879,1107,1177,1166,1305,1110,866,735,1726,1344,1842,350,555,592,482,401,548,492,393,560
31-Aug-26,18:45,22478,27,615,704,480,835,880,1103,1181,1197,1298,1110,866,712,1726,1351,1857,349,558,594,482,404,552,492,394,561
31-Aug-26,19:00,23009,22,615,704,481,835,882,1093,1184,1229,1341,1110,866,732,1726,1358,1857,349,561,603,481,407,558,492,396,559
31-Aug-26,19:15,24334,17,615,705,481,835,883,1095,1188,1231,1340,1111,866,714,1727,1366,1865,348,565,603,481,410,548,492,397,558
31-Aug-26,19:30,25616,17,615,705,482,835,884,1100,1192,1232,1371,1111,866,740,1727,1373,1865,348,568,604,480,413,555,492,399,556
31-Aug-26,19:45,25693,16,615,706,482,835,886,1102,1195,1234,1384,1111,866,678,1728,1381,1872,348,571,597,479,416,552,492,400,554
31-Aug-26,20:00,25369,16,615,706,482,835,887,1101,1199,1235,1394,1111,866,675,1728,1388,1864,347,574,590,479,419,546,492,402,552
31-Aug-26,20:15,25384,16,615,706,483,835,888,1081,1200,1237,1373,1111,866,674,1728,1395,1864,347,577,588,478,422,548,492,403,553
31-Aug-26,20:30,25664,15,615,707,483,835,890,1096,1201,1238,1416,1111,866,673,1729,1403,1862,346,580,576,477,424,557,492,405,562
31-Aug-26,20:45,26119,15,615,707,484,835,891,1100,1202,1240,1435,1111,866,739,1729,1410,1860,346,574,567,477,427,550,492,406,561
31-Aug-26,21:00,25946,14,615,708,484,835,893,1104,1203,1242,1442,1111,866,674,1730,1418,1858,346,569,569,476,430,557,492,407,561
31-Aug-26,21:15,26396,14,615,708,484,835,894,1099,1203,1243,1442,1111,866,674,1730,1425,1856,345,564,568,475,433,550,492,409,555
31-Aug-26,21:30,26159,14,615,708,485,835,895,1094,1204,1245,1443,1111,866,675,1730,1433,1856,345,558,566,475,436,546,492,410,550
31-Aug-26,21:45,26163,13,615,709,485,835,897,1092,1204,1246,1434,1111,866,676,1731,1440,1854,344,553,568,474,439,546,492,412,552
31-Aug-26,22:00,26564,13,615,709,486,835,898,1094,1204,1248,1455,1111,866,681,1731,1447,1852,344,547,568,473,442,543,492,413,555
31-Aug-26,22:15,26546,12,615,710,486,835,899,1098,1205,1249,1474,1111,866,694,1732,1455,1851,344,542,569,473,445,550,492,415,552
31-Aug-26,22:30,26747,12,615,710,486,835,901,1097,1205,1251,1490,1111,866,709,1732,1462,1849,343,537,569,472,448,549,492,416,555
31-Aug-26,22:45,27193,12,615,710,487,835,902,1107,1206,1253,1450,1111,866,715,1732,1470,1856,343,531,562,471,450,553,492,418,553
31-Aug-26,23:00,26541,11,615,711,487,835,903,1106,1206,1254,1428,1111,866,703,1733,1477,1856,342,526,567,471,453,550,492,419,555
31-Aug-26,23:15,26301,10,615,711,488,835,905,1109,1206,1256,1421,1111,866,708,1733,1485,1864,342,521,566,470,456,551,492,421,554
31-Aug-26,23:30,26619,10,615,712,488,835,906,1112,1207,1257,1417,1111,866,702,1734,1492,1856,342,515,570,469,459,554,492,422,560
31-Aug-26,23:45,26760,10,615,712,488,835,907,1109,1207,1259,1402,1111,866,690,1734,1499,1849,341,510,569,469,462,544,492,424,557
01-Sep-26,00:00,26464,9,615,712,489,835,909,1057,1208,1260,1383,1111,866,677,1734,1507,1833,341,505,567,468,465,548,492,425,560
01-Sep-26,00:15,25685,9,615,713,489,835,908,1002,1208,1254,1433,1111,866,725,1735,1514,1834,340,499,567,467,468,544,492,427,560
01-Sep-26,00:30,25624,8,615,713,490,835,907,1012,1208,1247,1427,1111,866,676,1735,1522,1836,340,494,568,467,471,546,492,428,558
01-Sep-26,00:45,25386,8,615,714,490,835,905,1002,1209,1241,1437,1111,866,678,1736,1529,1837,340,488,562,466,474,548,492,429,557
01-Sep-26,01:00,25311,8,615,714,490,835,904,1005,1209,1234,1437,1111,866,692,1736,1536,1839,339,483,568,465,476,545,492,431,560
01-Sep-26,01:15,25463,7,615,714,491,835,903,1013,1210,1228,1431,1111,866,699,1736,1544,1840,339,478,562,465,479,549,492,432,559
01-Sep-26,01:30,25161,7,615,715,491,835,902,1012,1210,1221,1419,1111,866,687,1737,1551,1840,338,472,563,464,482,549,492,434,555
01-Sep-26,01:45,25024,6,615,715,492,835,900,1009,1210,1215,1407,1111,866,691,1737,1559,1817,338,470,466,463,485,534,492,435,467
01-Sep-26,02:00,24594,6,615,716,492,835,899,1009,1211,1209,1402,1111,866,707,1738,1566,1593,338,468,389,463,488,483,492,437,454
01-Sep-26,02:15,24342,6,615,716,492,835,898,1010,1211,1202,1438,1111,866,707,1738,1574,1663,337,465,380,462,508,468,492,438,441
01-Sep-26,02:30,24061,5,615,716,493,835,897,1011,1212,1196,1439,1111,866,714,1738,1581,1848,337,463,378,461,528,496,492,440,427
01-Sep-26,02:45,23716,5,615,717,493,835,895,1020,1212,1189,1436,1111,866,709,1739,1584,1864,336,461,377,461,522,548,492,441,414
01-Sep-26,03:00,23415,4,615,717,494,835,894,1026,1212,1183,1434,1111,866,713,1739,1588,1865,336,459,378,460,517,559,492,443,401
01-Sep-26,03:15,23140,5,615,718,494,835,893,1016,1213,1176,1446,1111,866,705,1740,1591,1866,336,457,380,460,511,554,492,444,402
01-Sep-26,03:30,22907,6,615,718,494,834,892,1013,1213,1170,1447,1111,866,714,1740,1594,1868,335,455,381,459,506,554,492,446,403
01-Sep-26,03:45,22726,7,615,718,495,834,890,1023,1214,1164,1442,1111,866,712,1740,1598,1869,335,452,380,458,500,550,492,447,402
01-Sep-26,04:00,22497,8,615,719,495,834,889,1016,1214,1157,1446,1111,866,712,1741,1601,1870,334,450,406,458,495,554,492,449,404
01-Sep-26,04:15,22207,9,615,719,496,834,888,1005,1214,1151,1443,1111,866,714,1741,1604,1872,334,448,450,457,489,553,492,450,478
01-Sep-26,04:30,22149,10,615,720,496,834,887,999,1215,1144,1446,1111,866,692,1742,1607,1874,334,430,473,456,484,561,492,434,481
01-Sep-26,04:45,21994,11,615,720,496,834,885,984,1215,1138,1443,1111,866,697,1742,1610,1875,333,411,476,456,478,553,492,417,479
01-Sep-26,05:00,22041,12,615,720,497,834,884,992,1216,1131,1345,1111,866,711,1742,1614,1877,333,393,474,455,473,553,492,401,479
01-Sep-26,05:15,21435,13,615,721,497,834,883,1017,1216,1125,1231,1111,866,714,1743,1617,1879,332,374,391,454,467,505,492,384,427
01-Sep-26,05:30,21122,14,615,721,498,834,882,1033,1216,1123,1151,1111,866,713,1743,1620,1879,332,374,412,454,467,496,492,384,416
01-Sep-26,05:45,20618,15,615,722,498,834,880,1017,1217,1121,1139,1111,866,714,1744,1624,1871,332,467,467,453,549,551,492,467,523
01-Sep-26,06:00,20223,16,615,722,498,834,879,1018,1217,1119,1153,1111,866,712,1744,1627,1887,331,467,475,452,549,548,492,549,566
01-Sep-26,06:15,19013,17,615,722,499,834,878,1011,1218,1118,1093,1111,866,715,1744,1630,1879,331,374,428,452,538,519,492,538,507
01-Sep-26,06:30,18617,33,615,723,499,834,877,1022,1218,1116,1094,1111,866,751,1745,1633,1879,330,381,462,451,526,553,492,526,563
01-Sep-26,06:45,18213,53,615,723,500,834,876,1019,1218,1114,1092,1111,865,743,1745,1636,1887,330,389,525,450,514,553,492,514,563
01-Sep-26,07:00,18199,73,615,724,500,834,874,1019,1219,1112,1124,1111,865,745,1746,1640,1903,330,396,548,450,503,558,492,503,565
01-Sep-26,07:15,17917,105,615,724,500,834,873,1021,1219,1110,1137,1111,865,743,1746,1643,1895,329,404,560,449,492,560,492,492,566
01-Sep-26,07:30,17636,145,615,724,501,834,872,1020,1220,1108,1170,1111,865,716,1746,1646,1895,329,411,563,448,480,557,492,480,565
01-Sep-26,07:45,18018,165,615,725,501,834,871,1015,1220,1106,1179,1111,865,675,1747,1650,1887,328,419,562,448,468,551,492,468,565
01-Sep-26,08:00,18256,200,615,725,502,834,869,1009,1220,1104,1189,1111,865,680,1747,1653,1717,328,426,565,447,457,515,492,457,537
01-Sep-26,08:15,18702,235,615,726,502,834,868,1006,1221,1102,1140,1111,865,690,1748,1704,1616,328,434,500,446,446,445,492,446,447
01-Sep-26,08:30,18890,261,615,726,502,834,867,1000,1221,1101,1141,1111,865,680,1748,1754,1578,327,441,395,446,434,369,492,434,384
01-Sep-26,08:45,19364,285,615,726,503,834,866,1011,1222,1099,1143,1111,865,681,1748,1805,1662,327,414,387,445,401,366,492,401,383
01-Sep-26,09:00,19451,311,615,727,503,834,864,1007,1222,1097,1125,1111,865,678,1749,1797,1840,326,388,388,444,368,366,492,368,383
01-Sep-26,09:15,20296,351,615,727,504,834,863,1004,1222,1095,1107,1111,865,678,1749,1789,1832,326,361,377,444,335,369,492,335,356
01-Sep-26,09:30,20629,375,615,728,504,834,862,1008,1223,1093,1094,1111,865,684,1750,1780,1847,326,365,366,443,338,303,492,338,309
01-Sep-26,09:45,20993,436,615,728,504,834,861,1009,1223,1091,1080,1111,865,707,1750,1772,1855,325,368,366,442,340,303,492,340,312
01-Sep-26,10:00,21107,452,615,728,505,834,859,1020,1224,1089,1054,1111,865,691,1750,1764,1863,325,372,368,442,343,297,492,343,316
01-Sep-26,10:15,21248,453,615,729,505,834,858,996,1224,1088,1049,1111,865,707,1751,1756,1740,324,376,368,441,346,303,492,346,317
01-Sep-26,10:30,21559,490,615,729,506,834,857,1013,1224,1086,1038,1111,865,735,1751,1776,1609,324,380,365,440,349,310,492,349,317
01-Sep-26,10:45,21469,611,615,730,506,834,856,1004,1225,1084,1063,1111,865,741,1752,1796,1594,324,383,364,440,351,310,492,351,315
01-Sep-26,11:00,21399,650,615,730,506,834,854,1009,1225,1082,1124,1111,865,700,1752,1815,1663,323,387,365,439,354,314,492,354,317
01-Sep-26,11:15,21276,708,615,730,507,834,853,1008,1226,1080,1179,1111,865,688,1752,1835,1848,323,391,371,439,357,305,492,357,311
01-Sep-26,11:30,21116,747,615,731,507,834,852,1005,1226,1071,1174,1111,865,738,1753,1856,1879,322,394,368,438,360,317,492,360,313
01-Sep-26,11:45,21006,748,615,731,508,834,851,1006,1226,1062,1169,1111,865,736,1753,1856,1871,322,398,368,437,362,315,492,362,319
01-Sep-26,12:00,21171,782,615,732,508,834,849,1000,1226,1053,1180,1111,865,670,1754,1768,1670,322,402,360,437,365,331,492,365,338
01-Sep-26,12:15,20993,893,615,732,508,834,848,995,1226,1044,1140,1111,865,718,1754,1681,1654,321,406,359,436,368,317,492,368,315
01-Sep-26,12:30,20910,913,615,732,509,834,847,998,1226,1035,1131,1111,865,671,1754,1594,1654,321,409,358,435,370,309,492,370,311
01-Sep-26,12:45,20997,998,615,733,509,834,846,1017,1226,1026,1135,1111,865,696,1755,1506,1507,320,413,357,435,373,311,492,373,312
01-Sep-26,13:00,20943,965,615,733,510,834,844,1007,1226,1017,1111,1111,865,699,1755,1228,1283,320,417,356,434,376,309,492,376,313
01-Sep-26,13:15,20613,934,615,734,510,834,843,1001,1226,1011,1040,1111,865,693,1756,1021,1022,320,421,357,433,379,306,492,379,314
01-Sep-26,13:30,20613,985,615,734,510,834,842,1005,1226,1006,1041,1111,865,680,1756,1150,1159,319,424,373,433,381,301,492,381,315
01-Sep-26,13:45,20883,912,615,734,511,834,841,1004,1226,1000,1019,1111,865,725,1756,1300,1321,319,413,431,432,384,413,492,384,413
01-Sep-26,14:00,21144,912,615,735,511,834,840,1010,1226,995,1030,1111,865,687,1757,1306,1676,318,402,441,431,398,453,492,398,475
01-Sep-26,14:15,21178,914,615,735,512,834,838,1011,1226,989,1030,1111,865,728,1757,1312,1846,318,391,441,431,413,473,492,402,483
01-Sep-26,14:30,21234,826,615,736,512,834,837,1005,1226,984,1042,1111,865,693,1758,1318,1861,318,380,438,430,428,474,492,403,478
01-Sep-26,14:45,21364,705,615,736,512,834,836,1006,1226,978,1023,1111,865,675,1758,1324,1862,317,368,439,429,442,472,492,404,476
01-Sep-26,15:00,21197,623,615,736,513,834,835,1017,1226,973,1023,1111,865,680,1758,1329,1854,317,357,438,429,456,460,492,405,471
01-Sep-26,15:15,20627,574,615,737,513,834,833,1023,1226,967,1019,1111,865,680,1759,1335,1869,316,346,438,428,471,471,492,405,486
01-Sep-26,15:30,20694,513,615,737,514,834,832,997,1226,962,1020,1111,865,694,1759,1341,1869,316,335,354,427,486,497,492,406,500
01-Sep-26,15:45,20466,454,615,738,514,834,831,1013,1226,956,1023,1111,865,714,1760,1347,1862,316,335,372,427,500,540,492,406,552
01-Sep-26,16:00,20415,376,615,738,514,834,830,1022,1226,951,1050,1111,865,727,1760,1353,1862,315,382,444,426,499,534,492,406,563
01-Sep-26,16:15,19846,321,615,738,515,834,828,1005,1226,975,1075,1111,865,707,1760,1359,1854,315,428,440,425,498,553,492,407,564
01-Sep-26,16:30,19813,285,615,739,515,834,827,999,1226,1000,1050,1111,865,683,1761,1365,1852,314,474,463,425,498,553,492,408,566
01-Sep-26,16:45,19823,234,615,739,516,834,826,993,1226,1024,1064,1111,865,728,1761,1371,1850,314,521,499,424,497,552,492,408,555
01-Sep-26,17:00,19707,208,615,740,516,834,825,1014,1226,1048,1073,1111,865,724,1762,1377,1848,314,521,559,423,496,542,492,408,564
01-Sep-26,17:15,19710,163,615,740,516,834,823,1010,1226,1072,1071,1111,865,676,1762,1383,1846,313,528,558,423,495,545,492,408,549
01-Sep-26,17:30,19957,162,615,740,517,834,822,999,1226,1096,1091,1111,865,711,1762,1388,1838,313,536,560,422,494,545,492,408,560
01-Sep-26,17:45,20283,161,615,741,517,834,821,1006,1226,1121,1076,1111,865,735,1763,1394,1839,312,543,562,421,494,550,492,408,568
01-Sep-26,18:00,20525,161,615,741,518,834,820,992,1226,1145,1085,1111,865,741,1763,1400,1854,312,546,563,421,493,554,492,408,562
01-Sep-26,18:15,21295,160,615,742,518,834,818,993,1226,1150,1143,1111,865,680,1764,1406,1838,312,550,565,420,492,544,492,408,562
01-Sep-26,18:30,21516,159,615,742,518,834,817,989,1226,1154,1177,1111,865,724,1764,1412,1838,311,553,567,419,491,541,492,408,550
01-Sep-26,18:45,22463,158,615,742,519,834,816,1001,1226,1159,1227,1111,865,729,1764,1418,1862,311,556,568,419,490,549,492,408,566
01-Sep-26,19:00,22552,158,615,743,519,834,815,1016,1226,1164,1219,1111,865,734,1765,1424,1878,310,560,570,418,490,550,492,408,570
01-Sep-26,19:15,23696,157,615,743,520,834,813,1019,1226,1168,1260,1111,865,738,1765,1430,1885,310,563,572,418,489,552,492,408,576
01-Sep-26,19:30,24233,156,615,744,520,834,812,1006,1226,1173,1204,1111,865,743,1766,1436,1885,310,567,576,417,488,554,492,408,572
01-Sep-26,19:45,23951,155,615,744,520,834,811,1012,1226,1178,1199,1111,865,716,1766,1442,1870,309,564,576,416,487,555,492,408,568
01-Sep-26,20:00,24190,154,615,744,521,834,810,1017,1226,1182,1279,1111,865,674,1766,1447,1870,309,560,581,416,486,554,492,408,569
01-Sep-26,20:15,24205,154,615,745,521,834,809,1015,1226,1187,1278,1111,865,741,1767,1453,1854,308,557,581,415,486,557,492,408,568
01-Sep-26,20:30,24491,153,615,745,522,834,807,1010,1226,1192,1300,1111,865,715,1767,1459,1870,308,553,580,414,485,556,492,408,568
01-Sep-26,20:45,24236,152,615,746,522,834,806,1022,1226,1196,1351,1111,865,675,1768,1465,1870,308,550,580,414,484,549,492,408,563
01-Sep-26,21:00,25037,151,615,746,522,834,805,1014,1226,1201,1389,1111,865,725,1768,1471,1873,307,546,580,413,483,554,492,408,568
01-Sep-26,21:15,25019,151,615,746,523,834,804,1034,1226,1206,1425,1111,865,673,1768,1477,1875,307,543,579,412,482,550,492,408,565
01-Sep-26,21:30,25019,150,615,747,523,834,802,1034,1226,1211,1425,1111,865,673,1769,1483,1878,306,539,579,412,481,550,492,408,562
01-Sep-26,21:45,24969,149,615,747,524,834,801,1027,1225,1215,1420,1111,865,737,1769,1489,1880,306,536,578,411,481,557,492,408,558
01-Sep-26,22:00,24671,148,615,748,524,834,800,1023,1225,1220,1406,1111,865,712,1770,1495,1883,306,532,578,410,480,556,492,408,555
01-Sep-26,22:15,24494,148,615,748,524,834,799,1008,1225,1225,1420,1111,865,717,1770,1501,1885,305,529,578,410,479,550,492,408,553
01-Sep-26,22:30,24641,147,615,748,525,834,797,1018,1225,1229,1431,1111,865,741,1770,1506,1888,305,525,577,409,478,558,492,408,562
01-Sep-26,22:45,24144,146,615,749,525,834,796,1017,1225,1234,1435,1111,865,706,1771,1512,1872,304,522,577,408,477,541,492,408,554
01-Sep-26,23:00,24102,145,615,749,526,834,795,1011,1225,1239,1422,1111,865,741,1771,1518,1872,304,519,576,408,477,553,492,408,559
01-Sep-26,23:15,24082,144,615,750,526,834,794,1015,1225,1243,1395,1111,865,740,1772,1524,1888,304,515,576,407,476,550,492,408,557
01-Sep-26,23:30,24123,144,615,750,526,834,792,1015,1225,1248,1426,1111,865,743,1772,1530,1880,303,512,575,406,475,553,492,408,554
01-Sep-26,23:45,24573,143,615,750,527,834,791,1012,1225,1253,1383,1111,865,730,1772,1536,1865,303,508,575,406,474,553,492,408,557
02-Sep-26,00:00,24301,142,615,751,527,834,790,1008,1225,1257,1400,1111,865,730,1773,1542,1872,302,505,574,405,473,557,492,408,556
02-Sep-26,00:15,24232,141,615,751,528,834,789,1008,1225,1237,1394,1111,865,739,1773,1548,1865,302,501,574,404,473,559,492,408,565
02-Sep-26,00:30,24376,141,615,752,528,834,787,1018,1225,1216,1408,1111,865,742,1774,1554,1857,302,498,574,404,472,559,492,408,563
02-Sep-26,00:45,24333,140,615,752,528,834,786,1013,1224,1196,1416,1111,865,741,1774,1560,1865,301,494,573,403,471,552,492,408,567
02-Sep-26,01:00,24330,139,615,752,529,834,785,1025,1224,1175,1402,1111,865,742,1774,1565,1888,301,491,576,402,470,550,492,408,567
02-Sep-26,01:15,24010,138,615,753,529,834,784,1011,1224,1155,1417,1111,865,741,1775,1571,1873,300,487,577,402,469,549,492,408,561
02-Sep-26,01:30,24048,137,615,753,530,834,782,1019,1224,1134,1425,1111,865,742,1775,1577,1873,300,484,576,401,469,548,492,408,565
02-Sep-26,01:45,23701,137,615,754,530,834,781,1013,1224,1114,1421,1111,865,742,1776,1583,1881,300,480,575,400,468,546,492,408,565
02-Sep-26,02:00,23407,136,615,754,530,833,780,1008,1224,1093,1311,1111,865,717,1776,1589,1881,299,477,498,400,460,497,492,408,500
02-Sep-26,02:15,22999,135,615,754,531,833,779,999,1224,1073,1209,1111,865,744,1776,1595,1865,299,477,473,399,453,485,492,408,486
02-Sep-26,02:30,22722,134,615,755,531,833,777,1019,1224,1067,1125,1111,865,745,1777,1601,1872,298,384,400,398,445,489,492,408,500
02-Sep-26,02:45,22405,134,615,755,532,833,776,1020,1224,1060,1068,1111,865,742,1777,1607,1873,298,388,346,398,437,489,492,408,497
02-Sep-26,03:00,22176,133,615,756,532,833,775,1001,1224,1054,1092,1111,865,736,1778,1613,1873,298,391,347,397,430,495,492,408,503
02-Sep-26,03:15,21879,132,615,756,532,833,774,1007,1224,1047,1094,1111,865,745,1778,1619,1872,297,395,345,397,422,488,492,408,504
02-Sep-26,03:30,21665,131,615,756,533,833,773,1012,1224,1041,1092,1111,865,740,1778,1624,1872,297,399,347,396,415,496,492,408,503
02-Sep-26,03:45,21593,131,615,757,534,833,771,1014,1224,1034,1107,1111,865,698,1779,1630,1873,296,402,347,395,407,501,492,408,503
02-Sep-26,04:00,21295,130,615,757,536,833,770,1015,1223,1028,1107,1111,865,703,1779,1636,1874,296,406,365,395,399,507,492,408,510
02-Sep-26,04:15,20998,129,615,758,544,833,769,1016,1223,1022,1106,1111,865,708,1780,1642,1876,296,410,383,394,392,512,492,408,516
02-Sep-26,04:30,20700,128,615,758,553,833,768,1016,1223,1015,1106,1111,864,712,1780,1648,1877,295,413,401,393,407,517,492,408,523
02-Sep-26,04:45,20403,127,615,758,561,833,766,1017,1223,1009,1106,1111,864,717,1780,1717,1878,295,417,419,393,422,522,492,408,530
02-Sep-26,05:00,20105,127,615,759,570,833,765,1017,1223,1002,1105,1111,864,722,1781,1786,1879,294,421,438,392,437,528,492,408,536
02-Sep-26,05:15,19807,126,615,759,579,833,764,1016,1223,994,1104,1111,864,727,1781,1782,1880,294,424,456,391,452,533,492,408,543
02-Sep-26,05:30,19510,125,615,760,587,833,763,1016,1223,987,1104,1111,864,732,1782,1777,1881,294,427,474,391,457,538,492,408,550
02-Sep-26,05:45,19212,124,615,760,596,833,761,1015,1223,980,1104,1111,864,736,1782,1773,1883,293,430,492,390,462,543,492,408,557
02-Sep-26,06:00,18915,124,615,760,604,833,760,1014,1223,972,1103,1111,864,741,1782,1769,1884,293,432,510,389,466,549,492,408,563
02-Sep-26,06:15,18617,123,615,761,613,833,759,1013,1223,964,1103,1111,864,746,1783,1765,1885,292,435,528,389,471,554,492,408,570
02-Sep-26,06:30,18521,122,615,761,631,833,758,1011,1223,957,1105,1111,864,746,1783,1760,1885,292,438,530,388,476,553,492,408,572
02-Sep-26,06:45,18218,122,615,762,634,833,756,1000,1223,955,1106,1111,864,747,1784,1776,1823,292,441,466,387,481,500,492,408,522
02-Sep-26,07:00,17991,123,615,762,635,833,755,1005,1222,953,1090,1111,864,690,1784,1792,1800,291,455,443,387,494,486,492,408,506
02-Sep-26,07:15,17727,123,615,762,639,833,754,1014,1222,953,1104,1111,864,730,1784,1808,1785,291,468,440,386,508,485,492,408,496
02-Sep-26,07:30,17812,125,615,763,634,833,753,1013,1222,952,1059,1111,864,707,1785,1824,1792,290,481,438,385,522,490,492,408,489
02-Sep-26,07:45,17903,127,615,763,637,833,751,1005,1222,952,1031,1111,864,683,1785,1840,1777,290,494,440,385,535,459,492,408,510
02-Sep-26,08:00,17794,137,615,764,644,833,750,1002,1222,952,1040,1111,864,683,1786,1788,1780,290,508,505,384,521,529,492,408,549
02-Sep-26,08:15,18067,179,615,764,640,833,749,1004,1222,951,1036,1111,864,680,1786,1735,1803,289,488,525,383,508,545,492,408,548
02-Sep-26,08:30,18136,208,615,764,637,833,748,1003,1222,951,1032,1111,864,680,1786,1683,1803,289,468,528,383,494,531,492,408,554
02-Sep-26,08:45,18382,211,615,765,639,833,746,1005,1222,950,1029,1111,864,677,1787,1630,1742,288,467,529,382,481,508,492,408,522
02-Sep-26,09:00,18690,238,615,765,632,833,745,1008,1222,950,1025,1111,864,680,1787,1578,1463,288,466,437,381,467,455,492,408,464
02-Sep-26,09:15,19229,295,615,766,633,833,715,830,1222,950,1060,1111,864,729,1788,1299,1293,288,464,414,381,465,393,492,408,392
02-Sep-26,09:30,19450,319,615,766,586,833,686,857,1222,949,1063,1111,864,720,1788,1299,1338,287,463,390,380,463,315,492,408,321
02-Sep-26,09:45,19675,356,615,766,492,833,656,824,1222,949,1055,1111,864,724,1788,1293,1045,287,462,366,379,461,314,492,408,318
02-Sep-26,10:00,19758,406,615,767,425,833,626,674,1222,948,1039,1111,864,677,1789,1286,1043,286,461,360,379,458,308,492,408,308
02-Sep-26,10:15,20092,463,615,767,411,833,631,654,1221,948,1050,1111,864,712,1789,1280,1042,286,460,355,378,456,306,492,408,311
02-Sep-26,10:30,20105,466,615,768,388,833,635,639,1221,948,1039,1111,864,683,1790,1273,1040,286,459,350,377,454,307,492,408,307
02-Sep-26,10:45,20072,505,615,768,377,833,640,648,1221,947,1060,1111,864,716,1790,1267,1038,285,458,349,377,452,309,492,408,308
02-Sep-26,11:00,19790,510,615,768,353,833,645,665,1221,947,1041,1111,864,695,1790,1261,1053,285,456,348,376,450,309,492,408,309
02-Sep-26,11:15,19692,518,615,769,355,833,649,661,1221,946,1040,1111,864,693,1791,1254,1048,284,455,346,376,448,308,492,408,309
02-Sep-26,11:30,19594,526,615,769,357,833,654,657,1221,946,1040,1111,864,691,1791,1248,1043,284,454,345,375,446,307,492,408,310
02-Sep-26,11:45,19496,534,615,770,360,833,659,652,1221,946,1040,1111,864,688,1792,1241,1038,284,453,346,374,444,306,492,408,311
02-Sep-26,12:00,19398,543,615,770,362,833,663,648,1221,945,1039,1111,864,686,1792,1235,1033,283,452,346,374,441,304,492,408,312
02-Sep-26,12:15,19300,551,615,770,364,833,668,644,1221,945,1038,1111,864,684,1792,1229,1028,283,450,346,373,439,303,492,408,312
02-Sep-26,12:30,19202,559,615,771,366,833,673,640,1221,944,1038,1112,864,682,1793,1222,1028,282,449,347,372,437,302,492,408,313
02-Sep-26,12:45,19064,600,615,771,365,833,677,638,1221,944,1039,1112,864,686,1793,1216,1029,282,448,347,372,435,303,492,408,314
02-Sep-26,13:00,18926,642,615,772,364,833,682,636,1221,944,1040,1112,864,691,1794,1209,1029,282,449,348,371,433,304,492,408,312
02-Sep-26,13:15,18788,683,615,772,363,833,687,634,1220,943,1041,1112,864,696,1794,1203,1031,281,450,348,370,431,306,492,408,310
02-Sep-26,13:30,18650,724,615,772,362,833,691,632,1220,943,1042,1112,864,700,1794,1197,1032,281,451,349,370,429,307,492,408,309
02-Sep-26,13:45,18817,677,615,773,360,833,696,636,1220,942,1049,1112,864,695,1795,1190,1034,280,452,350,369,427,307,492,408,314
02-Sep-26,14:00,19119,650,615,773,356,833,701,627,1220,942,1043,1112,864,673,1795,1184,1036,280,453,356,368,424,310,492,408,309
02-Sep-26,14:15,19394,628,615,774,358,833,705,656,1220,942,1033,1112,864,672,1796,1177,1044,280,454,361,368,422,299,492,408,309
02-Sep-26,14:30,19533,639,615,774,354,833,710,806,1220,941,1039,1112,864,689,1796,1171,1144,279,455,366,367,420,319,492,408,350
02-Sep-26,14:45,19602,587,615,774,351,833,738,943,1220,941,1049,1112,864,718,1796,1449,1491,279,456,443,366,418,394,492,408,395
02-Sep-26,15:00,19556,534,615,775,355,833,766,974,1220,940,1044,1112,864,680,1797,1512,1546,278,457,438,366,416,391,492,408,390
02-Sep-26,15:15,19105,497,615,775,347,833,794,989,1220,940,1050,1112,864,678,1797,1574,1523,278,458,355,365,414,291,492,408,301
02-Sep-26,15:30,19142,558,615,776,345,833,821,981,1220,940,1048,1112,864,674,1798,1637,1546,278,459,344,364,412,303,492,408,307
02-Sep-26,15:45,19167,507,615,776,349,833,822,1006,1220,939,1054,1112,864,675,1798,1700,1686,277,460,343,364,410,308,492,408,313
02-Sep-26,16:00,19087,441,615,776,362,833,822,1028,1220,939,1054,1112,864,675,1798,1700,1640,277,461,341,363,407,307,492,408,317
02-Sep-26,16:15,18807,416,615,777,355,833,823,1021,1220,938,1039,1112,864,676,1799,1422,1339,276,462,341,362,405,302,492,408,309
02-Sep-26,16:30,18830,355,615,777,355,833,823,1024,1219,938,1049,1112,864,676,1799,1422,1601,276,463,342,362,403,319,492,408,326
02-Sep-26,16:45,19039,251,615,778,415,833,824,1026,1219,938,1098,1112,864,677,1800,1700,1770,276,464,444,361,401,389,492,408,393
02-Sep-26,17:00,19199,207,615,778,383,833,824,1021,1219,937,1056,1112,864,677,1800,1710,1840,275,465,443,360,417,410,492,408,393
02-Sep-26,17:15,19260,188,615,778,348,833,825,1019,1219,937,1053,1112,864,678,1800,1720,1847,275,484,434,360,434,383,492,408,402
02-Sep-26,17:30,19240,133,615,779,364,833,825,1022,1219,936,1050,1112,864,678,1801,1730,1847,274,502,438,359,450,390,492,408,399
02-Sep-26,17:45,19646,81,615,779,370,833,826,1017,1219,936,1043,1112,864,678,1801,1740,1855,274,521,528,358,470,469,492,408,483
02-Sep-26,18:00,20235,51,615,780,387,833,826,1012,1219,936,1044,1112,864,679,1802,1750,1847,274,521,536,358,490,470,492,408,481
02-Sep-26,18:15,21404,14,615,780,425,833,827,1020,1219,935,1041,1112,864,679,1802,1760,1840,273,428,468,357,509,480,492,408,486
02-Sep-26,18:30,22108,-2,615,780,481,833,827,1019,1219,935,1057,1112,864,680,1802,1769,1846,273,428,479,356,529,480,492,408,485
02-Sep-26,18:45,22840,-1,615,781,538,833,828,1037,1219,934,1046,1112,864,680,1803,1779,1853,272,521,533,356,526,543,492,408,556
02-Sep-26,19:00,23102,-1,615,781,580,833,829,1032,1219,934,1032,1112,864,680,1803,1789,1861,272,525,546,355,523,559,492,408,563
02-Sep-26,19:15,24810,0,615,782,616,833,829,1023,1219,934,1040,1112,864,681,1804,1799,1853,272,525,547,355,521,555,492,408,569
02-Sep-26,19:30,24800,1,615,782,636,833,830,1021,1218,933,1043,1112,864,681,1804,1809,1861,271,529,549,354,518,559,492,408,568
02-Sep-26,19:45,24714,1,615,782,623,833,830,993,1218,933,1050,1112,864,682,1804,1794,1853,271,532,548,353,515,553,492,408,566
02-Sep-26,20:00,24615,2,615,783,625,833,831,990,1218,932,1032,1112,864,682,1805,1779,1838,270,536,549,353,512,552,492,408,563
02-Sep-26,20:15,24522,3,615,783,627,833,831,986,1218,932,1030,1112,864,683,1805,1764,1815,270,539,550,352,509,547,492,408,558
02-Sep-26,20:30,24965,3,615,784,628,833,832,1011,1218,932,1046,1112,864,683,1806,1749,1814,270,543,549,351,506,556,492,408,568
02-Sep-26,20:45,24965,4,615,784,628,833,832,1011,1218,931,1046,1112,864,683,1806,1735,1814,269,546,549,351,504,556,492,408,568
02-Sep-26,21:00,25282,4,615,784,639,833,833,1004,1218,931,1054,1112,864,684,1806,1720,1822,269,539,554,350,501,559,492,408,571
02-Sep-26,21:15,25131,5,615,785,637,833,833,1005,1218,930,1052,1112,864,684,1807,1705,1822,268,531,553,349,498,556,492,408,565
02-Sep-26,21:30,25337,6,615,785,646,833,834,1009,1218,930,1052,1112,864,685,1807,1690,1830,268,524,554,349,495,555,492,408,568
02-Sep-26,21:45,25345,6,615,786,639,833,834,1010,1218,930,1055,1112,864,685,1808,1675,1868,268,516,555,348,492,558,492,408,570
02-Sep-26,22:00,25073,7,615,786,634,833,835,1006,1218,929,1053,1112,864,685,1808,1660,1853,267,509,556,347,490,559,492,408,562
02-Sep-26,22:15,25020,8,615,786,655,833,836,1013,1218,929,1052,1112,864,686,1808,1645,1853,267,502,557,347,487,545,492,408,567
02-Sep-26,22:30,25177,8,615,787,639,833,836,1015,1218,928,1047,1112,864,686,1809,1630,1861,266,494,555,346,484,547,492,408,573
02-Sep-26,22:45,25061,9,615,787,639,833,837,1006,1218,928,1046,1112,864,687,1809,1615,1829,266,487,555,345,481,535,492,408,566
02-Sep-26,23:00,25154,10,615,788,634,833,837,998,1218,928,1038,1112,864,687,1810,1601,1853,266,479,554,345,478,547,492,408,569
02-Sep-26,23:15,24847,10,615,788,642,833,838,977,1217,927,1048,1112,864,688,1810,1586,1807,265,472,554,344,475,543,492,408,565
02-Sep-26,23:30,24493,11,615,788,643,833,838,976,1217,927,1056,1112,864,688,1810,1571,1838,265,464,555,343,473,554,492,408,565
02-Sep-26,23:45,24510,12,615,789,637,833,839,979,1217,926,1039,1112,864,688,1811,1556,1807,264,447,494,343,470,528,492,408,557
03-Sep-26,00:00,24193,12,615,789,638,833,839,976,1217,926,1039,1112,864,688,1811,1541,1544,264,431,418,342,490,461,492,408,477
03-Sep-26,00:15,23922,13,615,790,631,833,840,983,1217,926,1051,1112,864,689,1812,1541,1490,264,414,387,341,510,469,492,408,469
03-Sep-26,00:30,23605,14,615,790,630,833,840,974,1217,925,1048,1112,864,690,1812,1741,1815,263,397,396,341,529,497,492,408,515
03-Sep-26,00:45,23334,14,615,790,630,833,841,983,1217,925,1038,1112,864,690,1812,1752,1807,263,381,446,340,549,539,492,408,557
03-Sep-26,01:00,23011,15,615,791,629,833,842,983,1217,924,1053,1112,864,690,1813,1763,1753,262,364,392,339,549,531,492,408,553
03-Sep-26,01:15,22762,15,615,791,628,833,842,982,1217,924,1057,1112,864,690,1813,1775,1584,262,373,344,339,544,483,492,408,494
03-Sep-26,01:30,22489,16,615,792,635,833,843,983,1217,924,1065,1112,864,691,1814,1786,1591,262,382,345,338,540,440,492,408,461
03-Sep-26,01:45,22352,17,615,792,635,833,843,983,1217,923,1068,1112,864,692,1814,1797,1591,261,391,342,337,535,413,492,408,425
03-Sep-26,02:00,22152,17,615,792,636,833,844,982,1217,923,1067,1112,864,692,1814,1808,1614,261,401,340,337,530,407,492,408,416
03-Sep-26,02:15,21820,18,615,793,642,832,844,990,1217,922,1067,1112,864,692,1815,1820,1607,260,410,341,336,526,417,492,408,413
03-Sep-26,02:30,21593,19,615,793,642,832,845,989,1217,922,1066,1112,864,692,1815,1831,1608,260,419,348,335,521,421,492,408,418
03-Sep-26,02:45,21367,19,615,794,643,832,845,989,1216,922,1066,1112,864,693,1816,1842,1609,260,402,356,335,516,425,492,408,423
03-Sep-26,03:00,21140,20,615,794,643,832,846,988,1216,921,1066,1112,864,694,1816,1827,1609,259,385,363,334,511,429,492,408,428
03-Sep-26,03:15,20914,21,615,794,644,832,846,987,1216,921,1065,1112,864,694,1816,1813,1610,259,369,371,334,507,433,492,408,433
03-Sep-26,03:30,20687,21,615,795,644,832,847,986,1216,920,1065,1112,864,694,1817,1799,1611,258,352,378,333,502,437,492,408,439
03-Sep-26,03:45,20461,22,615,795,644,832,847,986,1216,920,1064,1112,864,695,1817,1785,1612,258,363,386,332,497,441,492,407,444
03-Sep-26,04:00,20234,23,615,796,645,832,848,985,1216,920,1064,1112,864,695,1818,1770,1613,258,374,393,332,493,445,492,407,449
03-Sep-26,04:15,20008,23,615,796,645,832,848,984,1216,919,1064,1112,864,695,1818,1792,1614,257,385,401,331,488,449,492,407,454
03-Sep-26,04:30,19781,24,615,796,646,832,847,984,1216,919,1063,1112,864,696,1818,1813,1614,257,395,408,330,508,453,492,407,459
03-Sep-26,04:45,19555,24,615,797,646,832,844,983,1216,918,1062,1112,864,696,1819,1834,1615,256,406,416,330,528,457,492,407,464
03-Sep-26,05:00,19328,25,615,797,646,832,842,982,1216,918,1062,1112,864,697,1819,1797,1616,256,417,423,329,519,461,492,407,469
03-Sep-26,05:15,19102,26,615,798,647,832,839,982,1216,918,1062,1112,864,697,1820,1761,1617,256,443,431,328,511,465,492,407,474
03-Sep-26,05:30,18875,26,615,798,648,832,828,981,1216,917,1061,1112,864,697,1820,1724,1618,255,469,438,328,502,469,492,407,480
03-Sep-26,05:45,18649,27,615,798,648,832,816,980,1216,917,1061,1112,864,697,1820,1688,1619,255,495,446,327,493,473,492,407,485
03-Sep-26,06:00,18422,28,615,799,648,832,805,979,1216,916,1060,1112,864,698,1821,1651,1619,254,521,453,326,484,477,492,407,490
03-Sep-26,06:15,18196,28,615,799,649,832,794,979,1216,916,1054,1112,863,698,1821,1615,1620,254,521,461,326,476,481,492,407,495
03-Sep-26,06:30,17969,29,615,800,649,832,783,978,1215,916,1048,1112,863,698,1822,1675,1621,254,474,468,325,453,485,492,407,500
03-Sep-26,06:45,17969,66,615,800,642,832,772,971,1215,915,1043,1112,863,698,1822,1736,1598,253,428,457,324,430,472,492,407,485
03-Sep-26,07:00,17796,95,615,800,639,832,761,965,1215,915,1037,1112,863,698,1822,1796,1705,253,382,434,324,407,447,492,407,480
03-Sep-26,07:15,17514,132,615,801,637,832,750,952,1215,914,1058,1112,863,699,1823,1778,1813,252,383,385,323,386,416,492,407,451
03-Sep-26,07:30,17514,132,615,801,637,832,739,952,1215,914,1058,1112,863,699,1823,1760,1813,252,385,385,322,365,416,492,407,451
03-Sep-26,07:45,17458,208,615,802,636,832,727,957,1215,914,1059,1112,863,699,1824,1742,1836,252,386,343,322,344,389,492,407,396
03-Sep-26,08:00,17332,313,615,802,622,832,716,953,1215,913,1042,1112,863,699,1824,1724,1744,251,387,343,321,323,369,492,407,389
03-Sep-26,08:15,17682,375,615,802,570,832,705,928,1215,913,1045,1112,863,699,1824,1706,1566,251,389,341,320,333,289,492,407,300
03-Sep-26,08:30,17864,370,615,803,517,832,694,725,1215,912,1042,1112,863,699,1825,1428,1318,250,390,342,320,343,300,492,407,302
03-Sep-26,08:45,18229,436,615,803,488,832,718,698,1215,912,1036,1112,863,699,1825,1149,1055,250,391,340,319,354,302,492,407,304
03-Sep-26,09:00,18303,511,615,804,422,832,743,711,1215,912,1035,1112,863,699,1826,1021,1024,250,393,341,318,364,293,492,407,304
03-Sep-26,09:15,19008,470,615,804,386,832,747,772,1215,911,1036,1112,863,700,1826,1021,1070,249,394,342,318,374,317,492,407,315
03-Sep-26,09:30,19487,546,615,804,371,832,752,926,1215,911,1041,1112,863,700,1826,1299,1310,249,395,342,317,384,368,492,407,314
03-Sep-26,09:45,19769,586,615,805,373,832,756,948,1215,910,1038,1112,863,700,1827,1578,1572,248,396,343,316,467,476,492,407,394
03-Sep-26,10:00,19948,585,615,805,374,832,760,970,1214,910,1036,1112,863,700,1827,1578,1509,248,398,343,316,467,475,492,407,391
03-Sep-26,10:15,20204,626,615,806,384,832,765,959,1214,910,1039,1112,863,700,1828,1378,1277,248,399,342,315,384,382,492,407,320
03-Sep-26,10:30,20112,687,615,806,385,832,766,756,1214,909,1042,1112,863,700,1828,1099,1108,247,400,342,314,383,310,492,407,314
03-Sep-26,10:45,20228,658,615,806,383,832,766,754,1214,909,1041,1112,863,700,1828,1021,1069,247,402,342,314,383,306,492,407,314
03-Sep-26,11:00,20307,681,615,807,377,832,766,628,1214,908,1040,1112,863,700,1829,928,1015,246,403,341,313,382,305,492,407,315
03-Sep-26,11:15,20315,832,615,807,366,832,767,644,1214,908,1038,1112,863,700,1829,835,960,246,404,341,313,381,303,492,407,311
03-Sep-26,11:30,19806,766,615,808,376,832,767,632,1214,908,1037,1112,863,700,1830,743,776,246,406,340,312,381,304,492,407,312
03-Sep-26,11:45,19810,884,615,808,375,832,768,624,1214,907,1033,1112,863,700,1830,750,753,245,407,341,311,380,302,492,407,313
03-Sep-26,12:00,19838,851,615,808,377,832,768,619,1214,907,1043,1112,863,700,1830,757,730,245,408,342,311,380,303,492,407,315
03-Sep-26,12:15,19838,851,615,809,377,832,768,619,1214,906,1043,1112,863,700,1831,765,706,244,410,342,310,379,303,492,407,316
03-Sep-26,12:30,19837,812,615,809,341,832,769,637,1214,906,1057,1112,863,700,1831,772,683,244,411,343,309,378,307,492,407,317
03-Sep-26,12:45,19663,774,615,810,352,832,769,621,1214,906,1078,1112,863,700,1832,779,683,244,412,344,309,378,299,492,407,307
03-Sep-26,13:00,19656,642,615,810,347,832,770,633,1214,905,1068,1112,863,700,1832,786,690,243,414,341,308,377,296,492,407,307
03-Sep-26,13:15,19139,752,615,810,349,832,770,640,1214,905,1089,1112,863,700,1832,794,698,243,415,342,307,376,295,492,407,305
03-Sep-26,13:30,19176,747,615,811,357,832,770,628,1214,904,1085,1112,863,700,1833,801,683,242,416,342,307,376,300,492,407,307
03-Sep-26,13:45,19257,712,615,811,357,832,771,641,1214,904,1062,1112,863,700,1833,808,714,242,417,341,306,375,304,492,407,307
03-Sep-26,14:00,19447,738,615,812,369,832,771,643,1213,904,1051,1112,863,700,1834,815,698,242,419,344,306,375,302,492,407,306
03-Sep-26,14:15,19497,774,615,812,372,832,772,642,1213,903,1046,1112,863,700,1834,823,698,241,420,333,305,374,303,492,407,314
03-Sep-26,14:30,19718,850,615,812,367,832,772,647,1213,903,1048,1112,863,700,1834,830,721,241,421,347,305,373,303,492,407,313
03-Sep-26,14:45,20039,877,615,813,374,832,772,668,1213,902,1053,1112,863,700,1835,837,729,240,423,347,304,373,309,492,407,315
03-Sep-26,15:00,20125,678,615,813,364,832,773,690,1213,902,1052,1112,863,701,1835,844,690,240,424,349,304,372,304,492,407,307
03-Sep-26,15:15,19541,612,615,814,356,832,773,858,1213,902,1051,1112,863,701,1836,852,682,240,425,347,304,371,303,492,407,307
03-Sep-26,15:30,19452,596,615,814,362,832,774,967,1213,901,1050,1112,863,701,1836,859,705,239,427,390,303,371,305,492,407,308
03-Sep-26,15:45,19402,552,615,814,359,832,774,975,1213,901,1052,1112,863,701,1836,866,876,239,428,461,303,370,303,492,407,310
03-Sep-26,16:00,19385,466,615,815,364,832,774,1002,1213,900,1057,1112,863,701,1837,887,1100,238,521,548,302,369,304,492,407,311
03-Sep-26,16:15,18988,450,615,815,347,832,775,962,1213,900,1061,1112,863,701,1837,907,1208,238,610,580,302,369,298,492,407,303
03-Sep-26,16:30,18954,373,615,816,356,832,775,946,1213,900,1060,1112,863,701,1838,912,1215,238,610,604,302,368,297,492,407,302
03-Sep-26,16:45,18941,304,615,816,412,832,776,983,1213,899,1058,1112,863,701,1838,918,1230,237,579,600,301,368,305,492,407,311
03-Sep-26,17:00,18923,223,615,816,395,832,776,985,1213,899,1065,1112,863,701,1838,924,1238,237,548,588,301,367,313,492,407,316
03-Sep-26,17:15,19187,172,615,817,414,832,776,997,1213,898,1060,1112,863,701,1839,925,1215,236,518,586,300,366,306,492,407,308
03-Sep-26,17:30,19195,171,615,817,464,832,777,970,1213,898,1062,1112,863,701,1839,926,1022,236,534,566,300,366,301,492,407,306
03-Sep-26,17:45,19724,171,615,818,524,832,777,970,1213,898,1060,1112,863,701,1840,927,1099,236,549,545,300,365,311,492,407,312
03-Sep-26,18:00,20320,170,615,818,538,832,778,980,1213,897,1059,1112,863,701,1840,928,1238,235,564,524,299,364,314,492,407,312
03-Sep-26,18:15,21455,169,615,818,582,832,778,952,1213,897,1062,1112,863,701,1840,928,1191,235,566,519,299,364,315,492,407,318
03-Sep-26,18:30,21478,168,615,819,598,832,778,975,1213,896,1064,1112,863,701,1841,928,1237,234,567,514,298,363,309,492,407,316
03-Sep-26,18:45,21918,168,615,819,581,832,779,979,1212,896,1068,1112,863,701,1841,929,1245,234,569,508,298,362,311,492,407,316
03-Sep-26,19:00,21879,167,615,820,600,832,779,968,1212,896,1070,1112,863,701,1842,929,1237,234,571,507,298,362,309,492,407,312
03-Sep-26,19:15,23920,166,615,820,603,832,780,967,1212,895,1067,1112,863,701,1842,930,1237,233,573,506,297,361,308,492,407,313
03-Sep-26,19:45,23208,165,615,820,560,832,780,945,1212,895,1055,1112,863,701,1842,930,1232,233,574,505,297,361,307,492,407,312
03-Sep-26,20:00,23478,165,615,821,568,832,780,944,1212,894,1057,1112,863,701,1843,930,1239,232,576,504,296,360,306,492,407,306
03-Sep-26,20:15,23618,164,615,821,563,832,781,934,1212,894,1057,1112,863,701,1843,931,1224,232,578,504,296,359,307,492,407,311
03-Sep-26,20:30,23897,163,615,822,582,832,781,949,1212,894,1051,1112,863,701,1844,931,1239,232,580,504,296,359,309,492,407,314
03-Sep-26,20:45,23981,162,615,822,577,832,782,965,1212,893,1059,1112,863,701,1844,932,1242,231,581,503,295,358,307,492,407,309
03-Sep-26,21:00,23930,162,615,822,578,832,782,954,1212,893,1058,1112,863,701,1844,932,1244,231,583,503,295,357,305,492,407,304
03-Sep-26,21:15,24470,161,615,823,594,832,782,967,1212,892,1057,1112,863,701,1845,932,1246,230,585,502,294,357,306,492,407,310
03-Sep-26,21:30,24446,160,615,823,605,832,783,958,1212,892,1055,1112,863,701,1845,933,1249,230,586,502,294,356,303,492,407,312
03-Sep-26,21:45,24269,159,615,824,607,832,783,961,1212,892,1054,1112,863,701,1846,933,1244,230,588,502,294,356,306,492,407,310
03-Sep-26,22:00,24269,159,615,824,607,832,784,964,1212,891,1053,1112,863,701,1846,934,1239,229,590,501,293,355,306,492,407,310
03-Sep-26,22:15,24120,158,615,824,564,832,784,968,1212,891,1051,1112,863,701,1846,934,1234,229,592,501,293,354,301,492,407,311
03-Sep-26,22:30,24318,157,615,825,564,832,784,971,1212,890,1050,1112,863,701,1847,934,1228,228,593,500,292,354,310,492,407,321
03-Sep-26,22:45,23904,157,615,825,560,832,785,967,1212,890,1058,1112,863,701,1847,935,1226,228,597,500,292,353,310,492,407,323
03-Sep-26,23:00,24133,156,615,826,560,832,785,978,1212,890,1054,1112,863,701,1848,935,1225,228,602,500,292,352,311,492,407,317
03-Sep-26,23:15,24381,155,615,826,558,832,786,996,1212,889,1054,1112,863,701,1848,936,1224,227,606,499,291,352,310,492,407,316
03-Sep-26,23:30,24052,154,615,827,553,832,786,997,1212,889,1050,1112,863,701,1848,936,1223,227,605,499,291,351,303,492,407,317
03-Sep-26,23:45,23979,154,615,828,569,832,786,992,1212,888,1049,1112,863,702,1849,936,1222,226,604,498,290,350,303,492,407,312
04-Sep-26,00:00,23660,153,615,830,564,832,787,981,1212,888,1052,1112,863,702,1849,937,1221,226,604,498,290,350,300,492,407,310
04-Sep-26,00:15,24020,151,615,832,568,832,787,971,1212,888,1050,1112,863,702,1850,938,1217,226,601,497,289,348,312,492,407,317
04-Sep-26,00:30,23537,148,615,839,559,832,788,991,1212,887,1047,1112,863,702,1850,939,1227,225,599,496,288,346,306,492,407,314
04-Sep-26,00:45,23219,146,615,846,563,832,788,978,1212,887,1053,1112,863,702,1850,940,1230,225,596,494,286,344,302,492,407,310
04-Sep-26,01:00,23102,145,615,852,566,832,788,990,1212,886,1042,1112,863,702,1851,942,1234,224,594,493,285,342,306,492,407,314
04-Sep-26,01:15,22828,147,615,876,569,832,789,988,1211,886,1048,1112,863,702,1851,943,1237,224,591,492,284,340,302,492,407,317
04-Sep-26,01:30,22743,148,615,901,498,832,789,997,1211,886,1057,1112,863,702,1852,944,1238,224,589,491,283,338,305,492,407,314
04-Sep-26,01:45,22526,150,615,926,454,832,790,988,1211,885,1052,1112,863,702,1852,946,1235,223,586,490,283,337,306,492,407,314
04-Sep-26,02:00,21809,151,615,950,433,832,790,984,1211,885,1057,1112,863,702,1852,947,1236,223,584,488,282,335,307,492,407,316
04-Sep-26,02:15,21531,153,615,975,434,832,790,998,1211,884,1058,1112,863,702,1853,948,1238,222,582,487,282,333,308,492,407,313
04-Sep-26,02:30,21799,154,615,1000,418,832,791,997,1211,884,1053,1112,863,702,1853,949,1239,222,579,486,282,331,310,492,407,318
04-Sep-26,02:45,21333,155,615,1025,423,832,791,990,1211,884,1053,1112,863,702,1854,950,1240,222,577,485,281,329,311,492,407,315
04-Sep-26,03:00,21312,157,615,1050,423,832,792,985,1211,883,1051,1112,863,702,1854,952,1241,221,574,484,281,327,312,492,407,317
04-Sep-26,03:15,20711,158,615,1074,421,832,792,987,1211,883,1057,1112,863,702,1854,953,1242,221,572,482,280,325,314,492,407,318
04-Sep-26,03:30,20506,160,615,1099,422,832,792,990,1211,882,1062,1112,863,702,1855,954,1244,220,569,481,280,323,315,492,407,317
04-Sep-26,03:45,20708,161,615,1124,431,832,793,988,1211,882,1066,1112,863,702,1855,955,1245,220,567,480,280,321,316,492,407,317
04-Sep-26,04:00,20281,162,615,1148,481,832,793,987,1211,882,1066,1112,863,702,1856,956,1246,220,564,479,279,319,313,492,407,314
04-Sep-26,04:15,20544,164,615,1173,518,832,794,993,1211,881,1059,1112,863,702,1856,958,1247,219,562,478,279,318,307,492,407,318
04-Sep-26,04:30,20291,165,615,1198,437,832,794,995,1211,881,1057,1112,863,702,1856,959,1248,219,559,476,278,316,308,492,407,318
04-Sep-26,04:45,20342,167,615,1223,423,831,794,992,1211,880,1053,1112,863,702,1856,960,1250,218,557,475,278,314,307,492,407,312
04-Sep-26,05:00,20259,168,615,1122,416,831,795,987,1211,880,1059,1112,863,702,1856,961,1251,218,555,474,278,312,308,492,407,321
04-Sep-26,05:15,19289,170,615,957,439,831,795,981,1211,880,1060,1112,863,702,1856,962,1252,218,552,473,277,310,304,492,407,309
04-Sep-26,05:30,19454,171,615,793,452,831,796,990,1211,879,1058,1112,863,702,1856,964,1254,217,550,472,277,308,311,492,407,313
04-Sep-26,05:45,18709,172,615,629,461,831,796,986,1211,879,1048,1112,863,702,1856,965,1255,217,547,470,276,306,310,492,407,319
04-Sep-26,06:00,18409,174,615,465,457,831,796,961,1211,878,1051,1112,863,702,1856,966,1256,216,545,469,276,304,310,492,407,313
04-Sep-26,06:15,18567,175,615,459,456,831,797,985,1211,878,1056,1112,863,702,1856,967,1254,216,542,468,275,302,331,492,407,336
04-Sep-26,06:30,17602,177,615,453,435,831,797,975,1211,878,1062,1112,863,702,1856,968,1252,216,540,467,275,300,309,492,407,322
04-Sep-26,06:45,17351,178,615,448,445,831,798,965,1211,877,1053,1112,863,702,1856,970,1237,215,537,466,275,299,310,492,407,316
04-Sep-26,07:00,17571,180,615,442,420,831,798,968,1211,877,1047,1112,863,702,1856,971,1224,215,535,464,274,297,309,492,407,311
04-Sep-26,07:15,17823,225,615,469,471,831,798,969,1211,876,1043,1112,863,702,1856,972,1247,214,533,463,274,295,314,492,407,314
04-Sep-26,07:30,17593,275,615,497,476,831,799,973,1211,876,1067,1112,863,702,1856,973,1239,214,530,462,273,293,306,492,407,312
04-Sep-26,07:45,17801,348,615,524,465,831,799,962,1211,876,1047,1112,863,702,1856,974,1251,214,528,460,273,291,301,492,407,327
04-Sep-26,08:00,18550,476,615,551,463,831,800,967,1211,875,1043,1112,863,702,1856,976,1242,213,525,459,272,289,300,492,406,322
04-Sep-26,08:15,18304,484,615,579,457,831,800,969,1211,875,1033,1112,863,702,1856,977,1224,213,523,458,272,287,305,492,406,317
04-Sep-26,08:30,18791,527,615,606,476,831,800,972,1211,874,1039,1112,863,702,1856,978,1237,212,520,457,272,285,298,492,406,314
04-Sep-26,08:45,19963,601,615,607,549,831,801,967,1211,874,1053,1112,863,702,1856,979,1230,212,518,456,272,283,304,492,406,312
04-Sep-26,09:00,20444,622,615,609,587,831,801,970,1210,874,1061,1112,863,702,1856,981,1223,212,448,453,271,282,300,492,406,308
04-Sep-26,09:15,20867,664,615,607,562,831,802,954,1210,873,1046,1112,863,702,1856,986,1053,211,363,427,270,280,305,492,406,312
04-Sep-26,09:30,21193,736,615,606,546,831,802,848,1210,873,1044,1112,863,702,1856,1002,968,211,382,383,270,279,303,492,406,314
04-Sep-26,09:45,21383,817,615,585,518,831,802,885,1210,872,1042,1112,863,702,1856,1065,1003,210,402,353,270,278,297,492,406,307
04-Sep-26,10:00,21593,810,615,565,514,831,803,962,1210,872,1037,1112,863,702,1856,1195,1109,210,422,369,270,278,296,492,406,302
04-Sep-26,10:15,21643,968,615,564,520,831,803,964,1210,872,1040,1113,863,702,1856,1162,1209,210,396,441,269,278,300,492,406,309
04-Sep-26,10:30,21395,1121,615,563,518,831,804,976,1210,871,1050,1113,863,702,1856,1129,1233,209,370,447,268,278,305,492,406,310
04-Sep-26,10:45,21345,1100,615,562,488,831,804,976,1210,871,1060,1113,863,702,1856,1096,1238,209,344,451,268,277,304,492,406,311
04-Sep-26,11:00,21495,1145,615,561,417,831,804,967,1210,870,1058,1113,863,702,1856,1063,1232,208,357,362,268,276,305,492,406,309
04-Sep-26,11:15,21442,1138,615,560,384,831,805,964,1210,870,1054,1113,862,702,1856,1101,1060,208,371,358,268,276,305,492,406,308
04-Sep-26,11:30,21379,1238,615,559,354,831,805,963,1210,870,1053,1113,862,703,1856,1139,1091,208,384,353,267,276,289,492,406,306
04-Sep-26,11:45,21305,1212,615,557,360,831,806,959,1210,869,1072,1113,862,703,1856,1169,1145,207,397,350,266,276,310,492,406,304
04-Sep-26,12:00,21487,1290,615,556,358,831,806,965,1210,869,1067,1113,862,703,1856,1198,1162,207,410,351,266,275,282,492,406,306
04-Sep-26,12:15,21413,1334,615,555,364,831,806,953,1210,868,1067,1113,862,703,1856,1228,1145,206,424,384,266,274,278,492,406,307
04-Sep-26,12:30,21243,1226,615,554,369,831,807,953,1210,868,1055,1113,862,703,1856,1204,1207,206,497,475,266,274,274,492,406,308
04-Sep-26,12:45,21255,1143,615,553,366,831,807,972,1210,868,1065,1113,862,703,1856,1180,1245,206,492,501,265,274,269,492,406,310
04-Sep-26,13:00,21206,1190,615,552,368,831,808,976,1210,867,1044,1113,862,703,1856,1156,1236,205,506,509,264,274,268,492,406,309
04-Sep-26,13:15,20745,1233,615,551,359,831,808,958,1210,867,1061,1113,862,703,1856,1132,1222,205,485,516,264,273,266,492,406,306
04-Sep-26,13:30,20754,1190,615,550,366,831,808,962,1210,866,1063,1113,862,703,1856,1108,1222,204,465,515,264,272,266,492,406,308
04-Sep-26,13:45,20831,1146,615,549,427,831,809,972,1210,866,1075,1113,862,703,1856,1084,1230,204,444,514,263,272,265,492,406,308
04-Sep-26,14:00,21123,1109,615,548,450,831,809,952,1210,866,1065,1113,862,703,1856,1060,1137,204,424,513,263,272,265,492,406,305
04-Sep-26,14:15,20897,1082,615,547,487,831,810,709,1210,865,1063,1113,862,703,1856,914,929,203,357,407,263,272,264,492,406,301
04-Sep-26,14:30,20892,1138,615,546,538,831,810,702,1210,865,1057,1113,862,703,1856,960,843,203,381,342,262,271,264,492,406,306
04-Sep-26,14:45,20561,980,615,544,536,831,810,759,1210,864,1054,1113,862,703,1856,1006,895,202,404,340,262,270,264,492,406,311
04-Sep-26,15:30,18971,613,615,543,469,831,811,957,1210,864,1068,1113,862,703,1856,1010,1028,202,422,436,261,270,263,492,406,303
04-Sep-26,15:45,19004,635,615,542,410,831,811,970,1210,864,1068,1113,862,703,1856,929,994,202,428,351,261,270,263,492,406,313
04-Sep-26,16:00,19116,539,615,541,382,831,812,969,1210,863,1070,1113,862,703,1856,769,909,201,434,346,261,270,262,492,406,315
04-Sep-26,16:15,18971,585,615,540,359,831,812,968,1210,863,1066,1113,862,703,1856,826,723,201,440,344,260,269,262,492,406,308
04-Sep-26,16:30,18757,583,615,539,394,831,812,967,1210,862,1060,1113,862,703,1856,883,723,200,446,367,260,268,262,492,406,309
04-Sep-26,16:45,18896,582,615,538,420,831,813,966,1210,862,1069,1113,862,703,1856,1037,908,200,490,416,259,268,261,492,406,307
04-Sep-26,17:00,18994,580,615,537,484,831,813,978,1210,862,1075,1113,862,703,1856,1140,1040,200,516,484,259,268,261,492,406,304
04-Sep-26,17:15,19180,579,615,536,542,831,814,988,1210,861,1074,1113,862,703,1856,1146,1187,199,541,532,259,268,260,492,406,309
04-Sep-26,17:30,19591,578,615,535,579,831,814,967,1210,861,1075,1113,862,703,1856,1149,1204,199,544,556,258,267,260,492,406,305
04-Sep-26,17:45,20007,577,615,534,631,831,814,981,1210,860,1078,1113,862,703,1856,1150,1202,198,546,558,258,266,260,492,406,322
04-Sep-26,18:00,19974,575,615,533,626,831,815,980,1210,860,1076,1113,862,703,1856,1151,1190,198,549,552,257,266,259,492,406,317
04-Sep-26,18:15,20881,574,615,532,645,831,815,966,1210,860,1085,1113,862,703,1856,1152,1171,198,551,556,257,266,259,492,406,323
04-Sep-26,18:30,20628,573,615,531,635,831,816,977,1210,859,1089,1113,862,703,1856,1154,1184,197,554,557,257,266,258,492,406,313
04-Sep-26,18:45,20637,571,615,530,658,831,816,977,1210,859,1102,1113,862,703,1856,1155,1197,197,556,559,256,265,258,492,406,320
04-Sep-26,19:00,20615,570,615,530,644,831,816,778,1210,858,1078,1113,862,703,1856,1156,1202,196,559,560,256,264,258,492,406,310
04-Sep-26,19:15,21555,569,615,530,647,831,817,697,1210,858,1091,1113,862,703,1856,1157,1207,196,562,563,255,264,257,492,406,310
04-Sep-26,19:30,22147,568,615,529,634,831,817,690,1210,858,1093,1113,862,703,1856,1158,1211,196,564,568,255,264,257,492,406,312
04-Sep-26,19:45,22245,566,615,529,633,831,818,697,1210,857,1094,1113,862,703,1856,1160,1218,195,569,572,254,264,256,492,406,315
04-Sep-26,20:00,22399,565,615,528,646,831,818,688,1209,857,1091,1113,862,703,1856,1161,1224,195,574,576,254,263,256,492,406,313
04-Sep-26,20:15,22314,564,615,528,635,831,818,683,1209,856,1094,1113,862,703,1856,1162,1215,194,578,580,254,262,256,492,406,310
04-Sep-26,20:30,22970,562,615,528,640,831,819,679,1209,856,1092,1113,862,703,1856,1163,1214,194,582,584,254,262,255,492,406,312
04-Sep-26,20:45,23089,561,615,527,645,831,819,682,1209,856,1085,1113,862,703,1856,1164,1217,194,586,586,253,262,255,492,406,313
04-Sep-26,21:00,22508,560,615,527,645,831,820,679,1209,855,1079,1113,862,703,1856,1166,1202,193,590,585,252,262,254,492,406,314
04-Sep-26,21:15,22426,558,615,526,644,831,820,683,1209,855,1071,1113,862,703,1856,1167,1207,193,594,596,252,261,254,492,406,316
04-Sep-26,21:30,22541,557,615,526,633,831,820,677,1209,854,1073,1113,862,703,1856,1168,1212,192,597,600,252,260,254,492,406,317
04-Sep-26,21:45,22812,556,615,526,636,831,821,676,1209,854,1078,1113,862,703,1856,1169,1222,192,599,601,252,260,253,492,406,318
04-Sep-26,22:00,22997,554,615,525,632,831,821,676,1209,854,1081,1113,862,703,1856,1170,1226,192,602,599,251,260,253,492,406,324
04-Sep-26,22:15,23007,553,615,525,572,831,822,682,1209,853,1075,1113,862,703,1856,1172,1226,191,604,600,250,260,252,492,406,312
04-Sep-26,22:30,22699,552,615,524,528,831,822,672,1209,853,1063,1113,862,703,1856,1173,1224,191,607,602,250,259,252,492,406,323
04-Sep-26,22:45,22708,550,615,524,548,831,822,681,1209,852,1059,1113,862,703,1856,1174,1222,190,609,605,250,258,252,492,406,323
04-Sep-26,23:00,22878,549,615,524,538,831,823,675,1209,852,1063,1113,862,703,1856,1175,1224,190,608,615,250,258,251,492,406,320
04-Sep-26,23:15,22592,548,615,523,527,831,823,671,1209,852,1066,1113,862,703,1856,1176,1219,190,607,611,249,258,251,492,406,329
04-Sep-26,23:30,22539,546,615,523,531,831,824,672,1209,851,1067,1113,862,703,1856,1178,1216,189,606,608,248,258,250,492,406,325
04-Sep-26,23:45,22632,545,615,522,525,831,824,665,1209,851,1064,1113,862,703,1856,1179,1213,189,604,610,248,257,250,492,406,316
05-Sep-26,00:00,22547,544,615,522,524,831,824,662,1209,850,1061,1113,862,703,1856,1180,1210,188,603,611,248,256,250,492,406,309
05-Sep-26,00:15,22607,542,615,522,468,831,825,674,1209,850,1059,1113,862,703,1856,1182,1211,188,602,608,248,256,249,492,406,315
05-Sep-26,00:30,22763,541,615,521,427,831,825,678,1209,850,1058,1113,862,703,1856,1183,1216,188,601,610,247,256,249,492,406,319
05-Sep-26,00:45,23004,540,615,521,464,831,826,678,1209,849,1063,1113,862,703,1856,1184,1222,187,600,608,246,256,248,492,406,314
05-Sep-26,01:00,22724,538,615,520,460,831,826,690,1209,849,1062,1113,862,703,1856,1185,1236,187,598,608,246,255,248,492,406,319
05-Sep-26,01:15,22596,537,615,520,465,831,826,670,1209,848,1057,1113,862,703,1856,1186,1238,186,597,610,246,254,248,492,406,310
05-Sep-26,01:30,22041,536,615,520,471,831,827,662,1209,848,1064,1113,862,703,1856,1188,1239,186,596,608,245,254,247,492,406,312
05-Sep-26,01:45,22236,534,615,519,478,831,827,682,1209,848,1061,1113,862,703,1856,1207,1240,186,594,610,245,254,247,492,406,311
05-Sep-26,02:00,22325,533,615,519,476,831,828,681,1209,847,1060,1113,862,703,1856,1209,1242,185,593,558,245,254,246,492,406,310
05-Sep-26,02:15,22231,532,615,518,476,831,828,682,1209,847,1063,1113,862,703,1856,1211,1245,185,592,538,244,253,246,492,406,309
05-Sep-26,02:30,22049,530,615,518,474,831,828,677,1209,846,1050,1113,862,704,1856,1213,1246,184,591,536,244,252,246,492,406,308
05-Sep-26,02:45,21825,529,615,518,498,831,829,670,1209,846,1058,1113,862,704,1856,1215,1244,184,589,535,243,252,245,492,406,312
05-Sep-26,03:30,21124,528,615,517,522,831,829,676,1209,846,1064,1113,862,704,1856,1217,1242,184,583,533,243,252,245,492,406,314
05-Sep-26,03:45,21075,526,615,517,519,831,830,666,1209,845,1069,1113,862,704,1856,1219,1241,183,576,531,243,252,244,492,406,313
05-Sep-26,04:00,20902,525,615,516,510,831,830,673,1209,845,1057,1113,862,704,1856,1221,1239,183,569,529,242,251,244,492,406,308
05-Sep-26,04:15,20722,524,615,516,505,831,830,686,1209,844,1049,1113,862,704,1856,1223,1237,182,562,528,242,250,244,492,406,309
05-Sep-26,04:30,20504,522,615,516,521,831,831,675,1209,844,1061,1113,862,704,1856,1225,1235,182,555,526,241,250,243,492,406,311
05-Sep-26,04:45,20491,521,615,515,534,831,831,677,1209,844,1047,1113,862,704,1856,1227,1237,182,548,524,241,250,243,492,406,312
05-Sep-26,05:00,20256,520,615,515,533,831,832,678,1209,843,1061,1113,862,704,1856,1229,1240,181,541,523,241,250,242,492,406,310
05-Sep-26,05:15,19534,518,615,514,552,831,832,689,1209,843,1062,1113,862,704,1856,1200,1238,181,534,522,241,249,242,492,406,318
05-Sep-26,05:30,19036,517,615,514,543,831,832,682,1209,842,1055,1113,862,704,1856,1171,1234,180,527,521,240,248,242,492,406,314
05-Sep-26,05:45,19004,516,615,514,549,831,833,682,1209,842,1059,1113,862,704,1856,1141,1230,180,520,519,240,248,241,492,406,310
05-Sep-26,06:00,19280,516,615,513,564,831,833,685,1209,842,1068,1113,862,704,1856,1112,1227,180,513,518,239,248,241,492,406,318
05-Sep-26,06:15,18298,518,615,513,587,831,834,683,1209,841,1065,1113,862,704,1856,1083,1223,179,506,517,239,248,240,492,406,334
05-Sep-26,06:30,18002,520,615,512,575,831,834,671,1209,841,1067,1113,862,704,1856,1054,1219,179,499,516,238,247,240,492,406,322
05-Sep-26,06:45,17860,522,615,512,566,831,834,652,1209,840,1068,1113,862,704,1856,956,1079,178,428,513,238,246,240,492,406,317
05-Sep-26,07:00,17663,524,615,512,570,831,835,638,1209,840,1067,1113,862,704,1856,859,825,178,358,378,238,246,239,492,406,313
05-Sep-26,07:15,17329,526,615,511,581,831,835,630,1209,840,1064,1113,862,704,1856,860,733,178,369,350,238,246,239,492,406,315
05-Sep-26,07:30,17201,528,615,511,556,831,836,618,1209,839,1066,1113,862,704,1856,862,720,177,380,345,237,246,238,492,406,310
05-Sep-26,07:45,17136,530,615,510,530,831,836,618,1209,839,1061,1113,862,704,1856,863,707,177,391,343,237,245,238,492,406,316
05-Sep-26,08:00,16985,532,615,510,453,831,836,653,1209,838,1056,1113,862,704,1856,864,694,176,402,348,236,244,238,492,406,314
05-Sep-26,08:15,17254,643,615,510,421,831,837,672,1209,838,1011,1113,862,704,1856,866,671,176,413,357,236,244,237,492,406,310
05-Sep-26,08:30,17509,686,615,509,362,830,837,681,1209,838,1079,1113,862,704,1856,1006,887,176,424,398,236,244,237,492,406,310
05-Sep-26,08:45,17801,695,615,509,347,830,838,669,1209,837,1063,1113,862,704,1856,1174,1088,175,497,484,236,244,236,492,406,306
05-Sep-26,09:00,17924,790,615,508,353,830,838,657,1209,837,1052,1113,862,704,1856,1144,1219,175,567,552,235,243,236,492,406,304
05-Sep-26,09:15,18654,920,615,508,355,830,838,659,1209,836,1071,1113,862,704,1856,1114,1219,174,514,583,234,242,236,492,406,306
05-Sep-26,09:30,18891,908,615,508,357,830,839,661,1209,836,1045,1113,862,704,1856,1084,1210,174,432,488,234,242,235,492,406,308
05-Sep-26,09:45,19109,904,615,507,354,830,839,674,1208,836,1066,1113,862,704,1856,1054,1181,174,359,426,234,242,235,492,406,313
05-Sep-26,10:00,19404,992,615,507,364,830,840,685,1208,835,1072,1113,862,704,1856,956,1033,173,363,361,234,242,234,492,406,309
05-Sep-26,10:15,19799,1159,615,506,364,830,840,684,1208,835,1041,1113,862,704,1856,793,917,173,367,345,233,241,234,492,406,309
05-Sep-26,10:30,19995,1254,615,506,362,830,840,691,1208,834,1062,1113,862,704,1856,709,709,172,372,340,232,240,233,492,406,310
05-Sep-26,10:45,20063,1237,615,506,363,830,841,682,1208,834,1061,1113,862,704,1856,740,681,172,376,345,232,240,233,492,406,314
05-Sep-26,11:00,19985,1275,615,505,365,830,841,675,1208,834,1038,1113,862,704,1856,771,686,172,380,346,232,240,233,492,406,313
05-Sep-26,11:15,19876,1205,615,505,368,830,842,675,1208,833,1084,1113,862,704,1856,854,786,171,384,348,231,240,232,492,406,306
05-Sep-26,11:30,19933,1182,615,504,366,830,842,679,1208,833,1061,1113,862,704,1856,1013,933,171,389,349,231,239,232,492,406,311
05-Sep-26,11:45,19907,1160,615,504,361,830,842,689,1208,832,1027,1113,862,704,1856,1128,1150,170,393,350,231,238,231,492,406,310
05-Sep-26,12:00,20100,1199,615,504,361,830,843,680,1208,832,1068,1113,862,704,1856,1159,1188,170,397,351,230,238,231,492,406,313
05-Sep-26,12:15,20015,1123,615,503,365,830,843,677,1208,832,1049,1113,862,704,1856,1189,1200,170,401,352,230,238,231,492,406,307
05-Sep-26,12:30,20014,1127,615,503,372,830,844,673,1208,831,1039,1113,862,704,1856,1220,1219,169,405,354,229,238,230,492,406,308
05-Sep-26,12:45,19890,1093,615,502,359,830,844,680,1208,831,1082,1113,862,704,1856,1145,1234,169,410,355,229,237,230,492,406,310
05-Sep-26,13:00,19769,1092,615,502,357,830,844,659,1208,830,1036,1113,862,704,1856,1069,1228,168,414,356,229,236,229,492,406,305
05-Sep-26,13:15,19375,1056,615,502,352,830,845,655,1208,830,1059,1113,862,704,1856,912,942,168,418,357,228,236,229,492,406,305
05-Sep-26,13:30,19239,935,615,501,350,830,845,655,1208,830,1038,1113,862,704,1856,917,865,168,422,359,228,236,228,492,406,308
05-Sep-26,13:45,19389,971,615,501,352,830,846,668,1208,829,1047,1113,862,704,1856,1057,950,167,427,362,227,236,228,492,406,311
05-Sep-26,14:00,19473,977,615,500,357,830,846,671,1208,828,1055,1113,862,704,1856,1187,1158,167,498,463,227,235,228,492,406,315
05-Sep-26,14:15,19399,955,615,500,355,830,846,665,1208,828,1045,1113,862,704,1856,1164,1198,166,582,552,227,234,228,492,406,307
05-Sep-26,14:30,19533,933,615,500,352,830,847,670,1208,828,1056,1113,862,704,1856,1142,1199,166,570,598,226,234,227,492,406,310
05-Sep-26,14:45,19616,978,615,499,359,830,847,664,1208,827,1049,1113,862,704,1856,1119,1200,166,558,611,226,234,226,492,406,314
05-Sep-26,15:00,19562,899,615,499,363,830,848,665,1208,827,1056,1113,862,704,1856,1097,1202,165,545,613,225,234,226,492,406,312
05-Sep-26,15:15,18978,797,615,498,357,830,848,671,1208,826,1052,1113,862,704,1856,1074,1203,165,533,612,225,233,226,492,406,309
05-Sep-26,15:30,18888,651,615,498,365,830,848,671,1208,826,1051,1113,862,704,1856,1052,1197,164,521,612,225,233,226,492,406,312
05-Sep-26,15:45,18628,639,615,498,363,830,849,670,1208,826,1049,1113,862,704,1856,907,1042,164,448,532,224,232,225,492,406,311
05-Sep-26,16:00,18563,573,615,497,368,830,849,670,1208,825,1051,1113,862,704,1856,738,864,164,363,435,224,232,224,492,406,312
05-Sep-26,16:15,17794,432,615,497,343,830,850,622,1208,825,1053,1113,862,704,1856,755,687,163,373,354,223,232,224,492,406,312
05-Sep-26,16:30,17781,381,615,496,396,830,850,647,1208,824,1051,1113,862,704,1856,773,695,163,384,353,223,232,224,492,406,308
05-Sep-26,16:45,17949,350,615,496,440,830,850,645,1208,824,1048,1113,862,704,1856,790,679,162,394,324,222,231,224,492,406,322
05-Sep-26,17:00,17898,276,615,496,528,830,851,650,1208,824,1041,1113,862,704,1856,808,718,162,404,339,222,231,223,492,406,322
05-Sep-26,17:15,18290,233,615,495,543,830,851,656,1208,823,1040,1113,862,704,1856,825,671,162,414,341,222,230,222,492,406,318
05-Sep-26,17:30,18486,168,615,495,604,830,852,673,1208,823,1049,1113,862,704,1856,968,794,161,425,342,222,230,222,492,406,312
05-Sep-26,17:45,19115,114,615,494,624,830,852,679,1208,822,1046,1113,862,704,1856,1144,1018,161,497,343,221,230,222,492,406,313
05-Sep-26,18:00,19042,67,615,494,588,830,852,677,1208,822,1061,1113,862,704,1856,1208,1173,160,582,344,220,229,222,492,406,312
05-Sep-26,18:15,19771,11,615,494,556,830,853,671,1208,822,1059,1113,862,704,1856,1187,1185,160,581,346,220,229,221,492,406,325
05-Sep-26,18:30,19752,-4,615,493,575,830,853,679,1208,821,1069,1113,862,704,1856,1190,1176,160,579,347,220,229,220,492,406,327
05-Sep-26,18:45,19499,-4,615,493,593,830,854,680,1208,821,1076,1113,862,704,1856,1193,1181,159,578,348,220,228,220,492,406,362
05-Sep-26,19:00,19592,-3,615,492,636,830,854,680,1208,820,1076,1113,862,704,1856,1196,1198,159,577,349,219,228,220,492,406,375
05-Sep-26,19:15,21687,-2,615,492,648,830,854,681,1208,820,1081,1113,862,704,1856,1200,1205,158,575,350,219,227,220,492,406,377
05-Sep-26,19:30,21179,0,615,492,633,830,855,682,1208,820,1082,1113,862,704,1856,1203,1211,158,574,352,219,227,219,492,406,366
05-Sep-26,19:45,21327,1,615,491,619,830,855,672,1208,819,1082,1113,861,704,1856,1206,1227,158,572,353,219,227,218,492,406,367
05-Sep-26,20:00,21581,2,615,491,623,830,856,663,1208,819,1078,1113,861,704,1856,1209,1213,157,571,354,219,227,218,492,406,375
05-Sep-26,20:15,21482,3,615,490,623,830,856,670,1208,818,1057,1113,861,705,1856,1204,1202,157,570,355,218,226,218,492,406,359
05-Sep-26,20:30,21885,4,615,490,629,830,856,668,1208,818,1069,1113,861,705,1856,1200,1204,156,568,356,218,226,218,492,406,352
05-Sep-26,20:45,22443,6,615,490,629,830,857,680,1208,818,1061,1113,861,705,1856,1195,1208,156,567,358,218,225,217,492,406,358
05-Sep-26,21:00,22297,7,615,489,635,830,857,672,1208,817,1060,1113,861,705,1856,1191,1212,156,566,359,218,225,216,492,406,356
05-Sep-26,21:15,22077,8,615,489,638,830,858,674,1208,817,1077,1113,861,705,1856,1186,1206,155,564,360,218,225,216,492,406,357
05-Sep-26,21:30,22333,10,615,488,634,830,858,679,1208,816,1079,1113,861,705,1856,1181,1210,155,563,361,218,224,216,492,406,359
05-Sep-26,21:45,22465,11,615,488,626,830,858,676,1208,816,1081,1113,861,705,1856,1177,1220,154,562,362,218,224,215,492,406,342
05-Sep-26,22:00,22295,12,615,488,640,830,859,674,1208,816,1080,1113,861,705,1856,1172,1215,154,560,364,218,224,215,492,406,324
05-Sep-26,22:15,22074,13,615,487,644,830,859,680,1208,815,1091,1113,861,705,1856,1168,1210,154,559,365,218,224,215,492,406,316
05-Sep-26,22:30,22723,14,615,487,640,830,860,677,1208,815,1058,1113,861,705,1856,1163,1208,153,558,366,218,223,214,492,406,311
05-Sep-26,22:45,22403,16,615,486,648,830,860,677,1208,814,1055,1113,861,705,1856,1159,1207,153,556,367,218,222,214,492,406,315
05-Sep-26,23:00,22037,17,615,486,647,830,860,680,1208,814,1068,1113,861,705,1856,1154,1206,152,555,368,218,222,213,492,406,313
05-Sep-26,23:15,22310,18,615,486,644,830,861,670,1208,814,1058,1113,861,705,1856,1149,1204,152,554,370,218,222,213,492,405,321
05-Sep-26,23:30,22223,19,615,485,644,830,861,668,1208,813,1061,1113,861,705,1856,1145,1203,152,552,371,218,222,213,492,405,316
05-Sep-26,23:45,22371,20,615,485,640,830,862,667,1208,813,1061,1113,861,705,1856,1140,1202,151,551,372,217,221,212,492,405,313
06-Sep-26,00:00,22256,22,615,484,637,830,862,671,1208,812,1072,1113,861,705,1856,1136,1201,151,550,373,217,221,212,492,405,306
06-Sep-26,00:15,22042,23,615,484,647,830,862,678,1208,812,1077,1113,861,705,1856,1131,1200,150,548,374,217,220,211,492,405,311
06-Sep-26,00:30,21782,24,615,484,631,830,863,671,1208,812,1082,1113,861,705,1856,1126,1198,150,547,376,217,220,211,492,405,317
06-Sep-26,00:45,22134,25,615,483,633,830,863,670,1208,811,1073,1113,861,705,1856,1122,1197,150,546,377,217,220,211,492,405,308
06-Sep-26,01:00,21915,26,615,483,630,830,864,664,1208,811,1055,1113,861,705,1856,1117,1196,149,544,378,217,220,210,492,405,310
06-Sep-26,01:15,21830,28,615,482,602,830,864,666,1208,810,1060,1113,861,705,1856,1113,1195,149,543,379,217,219,210,492,405,314
06-Sep-26,01:30,22174,29,615,482,590,830,864,665,1208,810,1053,1113,861,705,1856,1108,1194,148,542,380,217,218,209,492,405,310
06-Sep-26,01:45,22613,30,615,482,591,830,865,661,1208,810,1056,1113,861,705,1856,1104,1192,148,540,382,217,218,209,492,405,309
06-Sep-26,02:00,22455,31,615,481,578,830,865,667,1208,809,1050,1113,861,705,1856,1099,1191,148,539,383,217,218,208,492,405,312
06-Sep-26,02:15,22029,32,615,481,578,830,866,672,1208,809,1053,1113,861,705,1856,1094,1190,147,538,384,217,218,208,492,405,317
06-Sep-26,02:30,21832,34,615,480,586,830,866,667,1208,808,1048,1113,861,705,1856,1090,1189,147,536,385,217,218,208,492,405,321
06-Sep-26,02:45,21706,35,615,480,591,830,866,673,1207,808,1052,1113,861,705,1856,1085,1188,146,535,386,217,218,208,492,405,321
06-Sep-26,03:00,21629,36,615,480,627,830,867,668,1207,808,1054,1113,861,705,1856,1081,1186,146,534,388,217,218,207,492,405,313
06-Sep-26,03:15,21144,37,615,479,640,830,867,676,1207,807,1054,1113,861,705,1856,1076,1185,146,532,389,217,218,206,492,405,310
06-Sep-26,03:30,20895,38,615,479,638,830,868,676,1207,807,1058,1113,861,705,1856,1071,1184,145,531,390,217,218,206,492,405,312
06-Sep-26,03:45,20876,40,615,478,638,830,868,688,1207,806,1052,1113,861,705,1856,1067,1183,145,530,392,217,218,206,492,405,313
06-Sep-26,04:00,20802,41,615,478,642,830,868,692,1207,806,1066,1113,861,705,1856,1062,1181,144,528,393,217,218,206,492,405,317
06-Sep-26,04:15,20474,42,615,478,647,830,869,695,1207,806,1069,1113,861,705,1856,1058,1180,144,527,394,217,218,205,492,405,319
06-Sep-26,04:30,20484,43,615,477,648,830,869,694,1207,805,1062,1113,861,705,1856,1053,1179,144,526,395,217,218,204,492,405,316
06-Sep-26,04:45,20353,44,615,477,650,830,870,692,1207,805,1067,1113,861,705,1856,1048,1178,143,524,396,217,218,204,492,405,312
06-Sep-26,05:00,19767,46,615,476,648,830,870,686,1207,804,1068,1113,861,705,1856,1044,1176,143,523,398,217,218,204,492,405,314
06-Sep-26,05:15,18608,47,615,476,647,830,870,687,1207,804,1068,1113,861,705,1856,1039,1175,142,522,399,217,218,204,492,405,315
06-Sep-26,05:30,18653,48,615,476,649,830,871,678,1207,804,1082,1113,861,705,1856,1035,1174,142,520,400,217,218,203,492,405,317
06-Sep-26,05:45,18663,49,615,475,649,830,871,684,1207,803,1083,1113,861,705,1856,1030,1171,142,519,401,217,218,202,492,405,320
06-Sep-26,06:00,18873,50,615,475,650,830,872,681,1207,803,1065,1113,861,705,1856,1026,1156,141,517,402,216,218,202,492,405,318
06-Sep-26,06:15,18058,52,615,474,638,830,872,672,1207,802,1053,1113,861,705,1856,1081,1090,141,521,404,216,218,202,492,405,320
06-Sep-26,06:30,17836,58,615,474,641,830,872,677,1207,802,1059,1113,861,705,1856,1136,1073,140,525,405,216,218,202,492,405,313
06-Sep-26,06:45,17670,109,615,474,630,830,873,655,1207,802,1061,1113,861,705,1856,1192,1090,140,529,406,216,218,201,492,405,312
06-Sep-26,07:00,17581,173,615,473,609,830,873,669,1207,801,1059,1113,861,705,1856,1157,1183,140,490,407,216,218,200,492,405,311
06-Sep-26,07:15,17281,200,615,473,609,830,874,659,1207,801,1061,1113,861,705,1856,1122,1206,139,450,408,216,218,200,492,405,310
06-Sep-26,07:30,17198,269,615,472,608,830,874,668,1207,800,1057,1113,861,705,1856,1037,1104,139,405,410,216,218,200,492,405,309
06-Sep-26,07:45,17171,401,615,472,598,830,874,654,1207,800,1065,1113,861,705,1856,952,1028,138,359,411,216,218,199,492,405,307
06-Sep-26,08:00,17170,438,615,472,595,830,875,646,1207,800,1048,1113,861,705,1856,792,858,138,341,412,216,218,199,492,405,302
06-Sep-26,08:15,17381,529,615,471,597,830,875,646,1207,799,1029,1113,861,705,1856,709,697,138,344,413,216,218,199,492,405,300
06-Sep-26,08:30,17540,545,615,471,595,830,876,628,1207,799,1032,1113,861,705,1856,715,674,137,347,414,216,218,198,492,405,300
06-Sep-26,08:45,17642,635,615,470,557,830,876,627,1207,798,1036,1113,861,705,1856,720,683,137,350,416,216,218,198,492,405,305
06-Sep-26,09:00,17676,681,615,470,483,830,876,618,1207,798,1040,1113,861,705,1856,726,692,136,353,417,216,218,197,492,405,304
06-Sep-26,09:15,18040,727,615,470,444,830,877,625,1207,798,1041,1113,861,705,1856,732,701,136,356,418,216,218,197,492,405,305
06-Sep-26,09:30,18388,752,615,469,433,830,877,632,1207,797,1039,1113,861,705,1856,738,716,136,359,419,216,218,197,492,405,317
06-Sep-26,09:45,18534,808,615,469,383,830,878,636,1207,797,1037,1113,861,705,1856,743,684,135,362,420,216,218,197,492,405,315
06-Sep-26,10:00,18696,832,615,468,350,830,878,654,1207,796,1035,1113,861,705,1856,749,716,135,366,422,216,218,196,492,405,311
06-Sep-26,10:15,18748,823,615,468,360,830,878,673,1207,796,1041,1113,861,705,1856,755,712,134,369,423,216,218,196,492,405,312
06-Sep-26,10:30,18795,854,615,468,358,830,879,670,1207,796,1032,1113,861,705,1856,761,719,134,372,424,216,218,196,492,405,313
06-Sep-26,10:45,18634,936,615,467,361,830,879,665,1207,795,1033,1113,861,705,1856,766,707,134,375,425,216,218,196,492,405,310
06-Sep-26,11:00,18575,888,615,467,355,830,880,658,1207,795,1030,1113,861,705,1856,772,702,133,378,426,216,218,196,492,405,313
06-Sep-26,11:15,18412,1011,615,466,362,830,880,633,1207,794,1028,1113,861,705,1856,778,702,133,381,428,216,218,196,492,405,312
06-Sep-26,11:30,18395,950,615,466,360,830,880,641,1207,794,1038,1114,861,705,1856,784,703,132,384,429,216,218,196,492,405,314
06-Sep-26,11:45,18320,1038,615,466,366,830,881,635,1207,794,1030,1114,861,705,1856,789,704,132,387,430,216,218,196,492,405,307
06-Sep-26,12:00,18192,1141,615,465,367,830,881,634,1207,793,1047,1114,861,705,1856,795,698,132,390,431,216,218,196,492,405,308
06-Sep-26,12:15,18194,1136,615,465,364,830,882,637,1207,793,1053,1114,861,705,1856,801,698,131,393,432,216,218,196,492,405,308
06-Sep-26,12:30,18074,1129,615,464,364,829,882,629,1207,792,1052,1114,861,705,1856,807,702,131,396,434,216,218,197,492,405,308
06-Sep-26,12:45,18100,1194,615,464,363,829,882,644,1207,792,1051,1114,861,705,1856,812,712,130,399,435,216,218,197,492,405,309
06-Sep-26,13:00,18015,1253,615,464,365,829,883,631,1207,792,1049,1114,861,705,1856,818,704,130,402,436,216,218,197,492,405,322
06-Sep-26,13:15,17825,1276,615,463,367,829,883,625,1207,791,1048,1114,861,705,1856,824,695,130,405,437,216,218,197,492,405,310
06-Sep-26,13:30,17739,1324,615,463,366,829,884,639,1207,791,1047,1114,861,705,1856,830,712,129,409,438,216,218,197,492,405,306
06-Sep-26,13:45,17619,1164,615,462,366,829,884,636,1207,790,1044,1114,861,705,1856,835,704,129,412,440,216,218,197,492,405,306
06-Sep-26,14:00,17436,1310,615,462,374,829,884,636,1207,790,1052,1114,861,705,1856,841,717,128,415,441,216,218,197,492,405,308
06-Sep-26,14:15,17305,1156,615,462,344,829,885,631,1207,790,1053,1114,861,705,1856,847,709,128,418,442,216,218,197,492,405,313
06-Sep-26,14:30,17180,1174,615,461,356,829,885,637,1207,789,1051,1114,861,705,1856,853,702,128,421,443,216,218,197,492,405,315
06-Sep-26,14:45,17245,1135,615,461,361,829,886,636,1207,789,1044,1114,861,705,1856,858,718,127,424,444,216,218,197,492,405,311
06-Sep-26,15:00,17143,1051,615,460,358,829,886,660,1207,788,1052,1114,861,705,1856,864,735,127,427,446,216,218,197,492,405,312
06-Sep-26,15:15,16640,1040,615,460,346,829,886,667,1207,788,1056,1114,861,706,1856,1005,858,126,498,447,215,218,197,492,405,308
06-Sep-26,15:30,16683,874,615,460,368,829,887,660,1207,788,1078,1114,861,706,1856,963,1019,126,477,448,215,218,197,492,405,306
06-Sep-26,15:45,16628,700,615,459,355,829,887,675,1207,787,1072,1114,861,706,1856,922,1027,126,456,449,215,218,197,492,405,307
06-Sep-26,16:00,16430,590,615,459,349,829,888,661,1207,787,1066,1114,861,706,1856,880,973,125,435,450,215,218,197,492,405,308
06-Sep-26,16:15,16207,560,615,458,353,829,888,648,1207,786,1059,1114,861,706,1856,731,795,125,360,452,215,218,197,492,405,309
06-Sep-26,16:30,16357,485,615,458,357,829,888,633,1207,786,1053,1114,861,706,1856,756,688,124,362,453,215,218,197,492,405,310
06-Sep-26,16:45,16457,488,615,458,356,829,889,634,1207,786,1052,1114,861,706,1856,782,688,124,365,454,215,218,198,492,405,311
06-Sep-26,17:00,16661,491,615,457,374,829,889,650,1207,785,1055,1114,861,706,1856,807,718,124,367,455,215,218,198,492,405,309
06-Sep-26,17:15,17048,494,615,457,430,829,890,641,1207,785,1049,1114,861,706,1856,832,687,123,369,456,215,218,198,492,405,311
06-Sep-26,17:30,17202,497,615,456,459,829,890,658,1207,784,1053,1114,861,706,1856,858,734,123,372,458,215,218,198,492,405,307
06-Sep-26,17:45,17546,501,615,456,502,829,890,667,1207,784,1066,1114,861,706,1856,1004,850,122,374,460,215,218,198,492,405,307
06-Sep-26,18:00,17944,504,615,456,574,829,891,683,1207,784,1074,1114,861,706,1856,1158,1073,122,444,464,215,218,198,492,405,308
06-Sep-26,18:15,19122,507,615,455,627,829,891,677,1207,783,1067,1114,861,706,1856,1162,1197,122,532,487,215,218,198,492,405,314
06-Sep-26,18:30,19752,510,615,455,641,829,892,672,1207,783,1084,1114,861,706,1856,1167,1220,121,546,580,215,218,198,492,405,315
06-Sep-26,18:45,20130,513,615,454,629,829,892,678,1207,782,1094,1114,861,706,1856,1171,1232,121,560,570,215,218,198,492,405,310
06-Sep-26,19:00,20110,516,615,454,644,829,892,682,1207,782,1106,1114,861,706,1856,1176,1230,120,569,567,215,218,198,492,405,307
06-Sep-26,19:15,21451,519,615,454,640,829,893,678,1207,782,1113,1114,861,706,1856,1180,1228,120,577,579,215,218,198,492,405,315
06-Sep-26,19:30,22816,522,615,453,634,829,893,677,1207,781,1143,1114,861,706,1856,1185,1220,120,581,582,215,218,198,492,405,313
06-Sep-26,19:45,22552,525,615,453,633,829,894,670,1207,781,1135,1114,861,706,1856,1189,1229,119,585,584,215,218,198,492,405,311
06-Sep-26,20:00,22533,528,615,452,638,829,894,674,1207,780,1135,1114,861,706,1856,1194,1232,119,589,580,215,218,198,492,405,309
06-Sep-26,20:15,22466,532,615,452,635,829,894,673,1207,780,1123,1114,861,706,1856,1198,1235,118,594,591,215,218,198,492,405,318
06-Sep-26,20:30,22405,535,615,452,633,829,895,668,1207,780,1130,1114,861,706,1856,1203,1235,118,588,595,215,218,198,492,405,310
06-Sep-26,20:45,23063,538,615,451,646,829,895,675,1207,779,1109,1114,861,706,1856,1207,1238,118,582,594,215,218,198,492,405,307
06-Sep-26,21:00,22850,540,615,451,638,829,896,672,1207,779,1099,1114,861,706,1856,1212,1241,117,585,583,215,218,198,492,405,308
06-Sep-26,21:15,22785,541,615,450,643,829,896,686,1207,778,1090,1114,861,706,1856,1216,1225,117,588,583,215,218,198,492,405,309
06-Sep-26,21:30,22835,542,615,450,637,829,896,675,1207,778,1087,1114,861,706,1856,1221,1223,116,591,585,215,218,198,492,405,310
06-Sep-26,21:45,22782,544,615,450,636,829,897,663,1207,778,1065,1114,861,706,1856,1225,1220,116,594,591,215,218,198,492,405,312
06-Sep-26,22:00,23104,545,615,449,637,829,897,680,1207,777,1085,1114,861,706,1856,1230,1223,116,606,614,215,218,198,492,405,309
06-Sep-26,22:15,22922,546,615,449,648,829,898,674,1207,777,1094,1114,861,706,1856,1234,1230,115,595,615,215,218,198,492,405,308
06-Sep-26,22:30,22851,547,615,448,635,829,898,677,1206,776,1113,1114,861,706,1856,1239,1258,115,584,618,215,218,198,492,405,315
06-Sep-26,22:45,22819,548,615,448,639,829,898,688,1206,776,1102,1114,861,706,1856,1262,1299,114,573,615,215,218,198,492,405,308
06-Sep-26,23:00,23050,550,615,448,623,829,899,679,1206,776,1102,1114,861,706,1856,1290,1330,114,562,617,215,218,198,492,405,306
06-Sep-26,23:15,22946,551,615,447,622,829,899,673,1206,775,1104,1114,861,706,1856,1320,1355,114,550,614,215,218,199,492,405,304
06-Sep-26,23:30,22731,552,615,447,625,829,900,678,1206,775,1102,1114,861,706,1856,1350,1338,113,539,615,215,218,199,492,405,308
06-Sep-26,23:45,22581,554,615,446,623,829,900,677,1206,774,1093,1114,861,706,1856,1380,1376,113,528,606,215,218,199,492,405,305
07-Sep-26,00:15,22069,555,615,446,623,829,900,660,1206,774,1131,1114,861,706,1856,1157,1237,112,448,524,215,218,199,492,405,310
07-Sep-26,00:30,21748,556,615,446,616,829,901,667,1206,774,1108,1114,861,706,1856,1008,1098,112,363,444,215,218,199,492,405,312
07-Sep-26,00:45,21546,556,615,445,617,829,901,669,1206,773,1116,1114,861,706,1856,994,975,112,391,378,215,218,199,492,405,313
07-Sep-26,01:00,21351,556,615,445,617,829,902,670,1206,773,1119,1114,861,706,1856,1152,1013,111,419,364,215,218,199,492,405,314
07-Sep-26,01:15,21121,557,615,444,613,829,902,663,1206,772,1120,1114,861,706,1856,1359,1206,111,496,426,215,218,199,492,405,316
07-Sep-26,01:30,20904,557,615,444,601,829,902,672,1206,772,1113,1114,861,706,1856,1523,1405,110,480,477,215,218,199,492,405,317
07-Sep-26,01:45,20678,558,615,444,602,829,903,668,1206,772,1081,1114,861,706,1856,1484,1560,110,465,524,215,218,199,492,405,318
07-Sep-26,02:00,20489,558,615,443,600,829,903,670,1206,771,1075,1114,861,706,1856,1444,1534,110,449,515,215,218,199,492,405,319
07-Sep-26,02:15,20268,558,615,443,602,829,904,673,1206,771,1079,1114,861,706,1856,1405,1483,109,433,505,215,218,199,492,405,320
07-Sep-26,02:30,19984,559,615,442,601,829,904,672,1206,770,1080,1114,861,706,1856,1457,1382,109,360,434,214,218,199,492,405,322
07-Sep-26,02:45,19775,559,615,442,607,829,904,677,1206,770,1101,1114,861,706,1856,1509,1396,108,369,358,214,218,199,492,405,323
07-Sep-26,03:00,19604,560,615,441,599,829,905,663,1206,770,1097,1114,861,706,1856,1561,1436,108,379,347,214,218,199,492,405,324
07-Sep-26,03:15,19448,560,615,441,599,829,905,666,1206,769,1115,1114,861,706,1856,1596,1544,108,388,366,214,218,199,492,405,326
07-Sep-26,03:30,19423,561,615,441,593,829,906,654,1206,769,1097,1114,861,706,1856,1628,1583,107,397,347,214,218,199,492,405,327
07-Sep-26,03:45,19309,561,615,440,604,829,906,667,1206,768,1089,1114,861,706,1856,1583,1613,107,406,343,214,218,199,492,405,321
07-Sep-26,04:00,19134,562,615,440,587,829,906,673,1206,768,1097,1114,861,706,1856,1594,1567,106,416,347,214,218,199,492,405,303
07-Sep-26,04:15,18933,562,615,439,524,829,907,670,1206,768,1093,1114,861,706,1856,1672,1621,106,425,363,214,218,199,492,405,305
07-Sep-26,04:30,18876,563,615,439,404,829,907,665,1206,767,1144,1114,861,706,1856,1714,1675,106,497,460,214,218,199,492,405,306
07-Sep-26,04:45,18854,564,615,439,335,829,908,674,1206,767,1125,1114,861,706,1856,1747,1706,105,582,541,214,218,199,492,405,308
07-Sep-26,05:00,18855,564,615,438,377,829,908,671,1206,766,1136,1114,861,706,1856,1778,1745,105,573,591,214,218,199,492,405,309
07-Sep-26,05:15,18616,565,615,438,446,829,908,685,1206,766,1157,1114,860,706,1856,1795,1798,104,564,598,214,218,199,492,405,309
07-Sep-26,05:30,18703,565,615,437,553,829,909,676,1206,766,1146,1114,860,706,1856,1812,1798,104,555,614,214,218,199,492,405,310
07-Sep-26,05:45,18555,566,615,437,614,829,909,667,1206,765,1148,1114,860,706,1856,1845,1806,104,547,616,214,218,199,492,405,310
07-Sep-26,06:00,18316,566,615,437,615,829,910,684,1206,765,1163,1114,860,706,1856,1765,1852,103,538,615,214,218,199,492,405,310
07-Sep-26,06:15,17031,567,615,437,619,829,910,681,1206,764,1162,1114,860,706,1856,1685,1852,103,529,617,214,218,199,492,405,311
07-Sep-26,06:30,16965,567,615,436,629,829,910,676,1206,764,1182,1114,860,706,1856,1605,1844,102,520,618,214,218,199,492,405,311
07-Sep-26,06:45,16606,568,615,436,628,829,911,671,1206,764,1149,1114,860,706,1856,1680,1636,102,448,542,214,218,199,492,405,312
07-Sep-26,07:00,16459,568,615,435,583,829,911,666,1206,763,1091,1114,860,706,1856,1756,1573,102,363,436,214,218,199,492,405,312
07-Sep-26,07:15,16184,569,615,435,498,829,912,661,1206,763,1060,1114,860,706,1856,1831,1588,101,368,336,214,218,199,492,405,312
07-Sep-26,07:30,15959,570,615,434,395,829,912,662,1206,762,1071,1114,860,706,1856,1784,1774,101,374,338,214,218,199,492,405,313
07-Sep-26,07:45,15876,570,615,434,349,829,912,666,1206,762,1082,1114,860,706,1856,1736,1829,100,379,339,214,218,198,492,405,313
07-Sep-26,08:00,15839,571,615,434,348,829,913,658,1206,762,1080,1114,860,706,1856,1689,1821,100,384,340,214,218,198,492,405,314
07-Sep-26,08:15,16279,574,615,434,350,829,913,662,1206,761,1081,1114,860,706,1856,1641,1802,100,389,342,214,218,198,492,405,314
07-Sep-26,08:30,16430,639,615,433,352,829,914,659,1206,761,1077,1114,860,706,1856,1594,1767,99,395,343,214,218,198,492,405,314
07-Sep-26,08:45,16783,733,615,433,345,829,914,650,1206,760,1097,1114,860,706,1856,1373,1512,99,400,344,214,218,198,492,405,315
07-Sep-26,09:00,17021,704,615,432,353,829,914,664,1206,760,1048,1114,860,706,1856,1109,1233,98,405,346,214,218,198,492,405,315
07-Sep-26,09:15,17940,835,615,432,367,829,915,635,1206,760,1070,1114,860,706,1856,1114,1063,98,410,347,214,218,198,492,405,316
07-Sep-26,09:30,18174,916,615,432,366,829,915,649,1206,759,1147,1114,860,706,1856,1119,1102,98,416,348,214,218,198,492,405,316
07-Sep-26,09:45,18756,1014,615,432,374,829,916,668,1206,759,1139,1114,860,706,1856,1329,1164,97,421,360,214,218,198,492,405,316
07-Sep-26,10:00,18827,1082,615,431,358,829,916,674,1206,758,1108,1114,860,706,1856,1591,1403,97,426,388,214,218,198,492,405,317
07-Sep-26,10:15,19274,1116,615,431,358,829,916,676,1206,758,1130,1114,860,706,1856,1509,1650,96,387,419,214,218,198,492,405,317
07-Sep-26,10:30,19443,1136,615,430,359,829,917,674,1206,758,1135,1114,860,706,1856,1426,1604,96,348,421,214,218,198,492,405,318
07-Sep-26,10:45,19464,1227,615,430,360,829,917,668,1206,757,1155,1114,860,706,1856,1197,1351,96,351,423,214,218,198,492,405,318
07-Sep-26,11:00,19323,1298,615,430,360,829,918,663,1206,757,1129,1114,860,706,1856,1065,1119,95,354,425,214,218,198,492,405,318
07-Sep-26,11:15,19365,1351,615,429,353,829,918,637,1206,756,1151,1114,860,706,1856,1084,1055,95,357,426,214,218,198,492,405,319
07-Sep-26,11:30,19285,1518,615,429,357,829,918,634,1206,756,1148,1114,860,706,1856,1103,1027,94,361,427,214,218,198,492,405,319
07-Sep-26,11:45,19214,1455,615,429,365,829,919,634,1206,756,1153,1114,860,706,1856,1122,1036,94,364,428,214,218,198,492,405,320
07-Sep-26,12:00,19233,1550,615,428,360,829,919,644,1206,755,1139,1114,860,706,1856,1141,1044,94,367,430,214,218,198,492,405,320
07-Sep-26,12:15,19055,1556,615,428,353,829,920,639,1206,755,1059,1114,860,706,1856,1160,1017,93,370,431,214,218,198,492,405,320
07-Sep-26,12:30,18931,1457,615,427,356,829,920,636,1206,754,1080,1114,860,707,1856,1179,1024,93,373,432,214,218,198,492,405,321
07-Sep-26,12:45,18967,1574,615,427,360,829,920,635,1206,754,1056,1114,860,707,1856,1198,1026,92,376,434,214,218,198,492,405,321
07-Sep-26,13:00,19038,1693,615,427,365,829,921,639,1206,754,1075,1114,860,707,1856,1217,1031,92,380,435,214,218,198,492,405,322
07-Sep-26,13:15,18779,1954,615,427,356,829,922,640,1206,753,1066,1114,860,707,1856,1236,1044,92,383,436,214,218,198,492,405,322
07-Sep-26,13:30,18934,1659,615,426,357,829,922,640,1206,753,1071,1114,860,707,1856,1255,1036,91,386,437,214,218,198,492,405,322
07-Sep-26,13:45,19008,1537,615,426,358,829,922,645,1206,752,1078,1114,860,707,1856,1274,1044,91,389,438,214,218,198,492,405,323
07-Sep-26,14:00,19294,1457,615,425,360,829,922,663,1206,752,1220,1114,860,707,1856,1293,1095,90,392,440,214,218,198,492,405,323
07-Sep-26,14:15,19248,1476,615,425,361,829,923,677,1206,752,1260,1114,860,707,1856,1381,1273,90,395,441,214,218,198,492,405,324
07-Sep-26,14:30,19400,1363,615,425,360,829,924,680,1206,751,1284,1114,860,707,1856,1470,1320,90,399,442,214,218,198,492,405,324
07-Sep-26,14:45,19543,1329,615,424,352,829,924,671,1206,751,1277,1114,860,707,1856,1701,1544,89,402,443,214,218,198,492,405,324
07-Sep-26,15:00,19741,1230,615,424,350,829,924,663,1206,750,1244,1114,860,707,1856,1730,1728,89,405,444,214,218,198,492,405,325
07-Sep-26,15:15,19252,1122,615,424,351,829,925,631,1206,750,1109,1114,860,707,1856,1688,1674,88,408,446,214,218,198,492,405,325
07-Sep-26,15:30,19341,1009,615,424,351,829,925,634,1206,750,1058,1114,860,707,1856,1647,1713,88,411,447,214,218,198,492,405,326
07-Sep-26,15:45,19151,942,615,423,354,829,925,635,1206,749,1046,1114,860,707,1856,1605,1730,88,414,448,213,218,198,492,405,326
07-Sep-26,16:00,19174,807,615,422,356,829,926,648,1206,749,1033,1114,860,707,1856,1564,1695,87,417,449,213,218,198,492,405,326
07-Sep-26,16:15,18711,684,615,422,351,829,926,634,1206,748,1036,1114,860,707,1856,1643,1540,87,421,450,213,218,198,492,405,327
07-Sep-26,16:30,18834,631,615,422,364,829,926,633,1206,748,1037,1114,860,707,1856,1722,1556,86,424,452,213,218,198,492,405,327
07-Sep-26,16:45,18628,570,615,422,440,828,926,652,1206,748,1146,1114,860,707,1856,1802,1711,86,427,453,213,218,198,492,405,328
07-Sep-26,17:00,18819,562,615,421,449,828,927,690,1206,747,1234,1114,860,707,1856,1825,1835,86,449,454,213,218,198,492,405,328
07-Sep-26,17:15,19085,561,615,421,461,828,927,680,1206,747,1265,1114,860,707,1856,1848,1842,85,470,455,213,218,198,492,405,328
07-Sep-26,17:30,19358,559,615,420,551,828,927,678,1206,746,1270,1114,860,707,1856,1840,1835,85,492,457,213,218,198,492,405,329
07-Sep-26,17:45,19874,558,615,420,558,828,927,675,1206,746,1269,1114,860,707,1856,1832,1838,84,514,466,213,218,198,492,405,329
07-Sep-26,18:00,20391,557,615,420,565,828,927,673,1206,746,1267,1114,860,707,1856,1824,1842,84,586,486,213,218,198,492,405,330
07-Sep-26,18:15,20907,557,615,420,572,828,928,670,1206,745,1266,1114,860,707,1856,1817,1845,84,584,506,213,218,197,492,405,330
07-Sep-26,18:30,21424,558,615,419,579,828,928,668,1206,745,1264,1114,860,707,1856,1809,1848,83,581,525,213,218,197,492,405,330
07-Sep-26,18:45,21940,558,615,418,586,828,928,666,1206,744,1263,1114,860,707,1856,1801,1852,83,579,545,213,218,197,492,405,331
07-Sep-26,19:00,22457,558,615,418,593,828,928,664,1206,744,1262,1114,860,707,1856,1793,1855,82,577,565,213,218,197,492,405,331
07-Sep-26,19:15,22973,558,615,418,600,828,928,663,1206,744,1260,1114,860,707,1856,1785,1858,82,575,585,213,218,197,492,405,332
07-Sep-26,19:30,23490,558,615,417,607,828,928,661,1206,743,1259,1114,860,707,1856,1777,1862,82,572,604,213,218,197,492,405,332
07-Sep-26,19:45,24006,559,615,417,614,828,928,656,1206,743,1257,1114,860,707,1856,1769,1865,81,570,624,213,218,197,492,405,332
07-Sep-26,20:00,23985,559,615,417,618,828,928,661,1206,742,1248,1114,860,707,1856,1761,1857,81,568,621,213,218,197,492,404,333
07-Sep-26,20:15,24108,559,615,417,611,828,928,672,1206,742,1258,1114,860,707,1856,1754,1849,80,566,616,213,218,197,492,404,333
07-Sep-26,20:30,24272,559,615,416,617,828,928,670,1206,742,1279,1114,860,707,1856,1746,1844,80,563,616,213,218,197,492,404,334
07-Sep-26,20:45,24331,559,615,416,609,828,928,672,1206,741,1273,1114,860,707,1856,1738,1842,80,561,612,213,218,197,492,404,334
07-Sep-26,21:00,24394,559,615,415,619,828,928,678,1206,741,1278,1114,860,707,1856,1730,1841,79,559,617,213,218,197,492,404,334
07-Sep-26,21:15,24155,559,615,415,619,828,928,660,1206,740,1257,1114,860,707,1856,1722,1838,79,556,612,213,218,197,492,404,335
07-Sep-26,21:30,25003,560,615,415,623,828,928,669,1205,740,1277,1114,860,707,1856,1714,1834,78,554,614,213,218,197,492,404,335
07-Sep-26,21:45,25002,560,615,415,622,828,929,671,1205,740,1277,1114,860,707,1856,1706,1842,78,552,616,213,218,197,492,404,336
07-Sep-26,22:00,24788,560,615,414,625,828,929,673,1205,739,1274,1114,860,707,1856,1699,1842,78,550,617,213,218,197,492,404,336
07-Sep-26,22:15,24718,560,615,414,624,828,929,668,1205,739,1270,1114,860,707,1856,1691,1865,77,547,615,213,218,197,492,404,336
07-Sep-26,22:30,24760,560,615,413,629,828,929,672,1205,738,1284,1114,860,707,1856,1683,1861,77,545,614,213,218,197,492,404,337
07-Sep-26,22:45,24902,560,615,413,630,828,929,673,1205,738,1282,1114,860,707,1856,1675,1857,76,543,612,213,218,197,492,404,337
07-Sep-26,23:00,25045,560,615,412,632,828,929,675,1205,738,1284,1114,860,707,1856,1667,1854,76,541,611,213,218,197,492,404,338
07-Sep-26,23:30,24887,560,615,412,624,828,929,665,1205,737,1280,1114,860,707,1856,1657,1854,76,537,610,213,218,197,492,404,338
07-Sep-26,23:45,24945,560,615,412,635,828,929,676,1205,737,1269,1114,860,707,1856,1649,1857,75,535,608,213,218,197,492,404,338
08-Sep-26,00:15,24034,561,615,412,645,828,929,678,1205,736,1284,1114,860,707,1856,1636,1854,75,531,606,213,218,197,492,404,339
08-Sep-26,00:30,23998,561,615,411,643,828,929,684,1205,736,1282,1114,860,707,1856,1628,1849,74,529,605,213,218,197,492,404,339
08-Sep-26,00:45,23991,561,615,410,634,828,929,681,1205,736,1307,1114,860,707,1856,1620,1844,74,527,604,213,218,197,492,404,340
08-Sep-26,01:00,23941,561,615,410,631,828,929,675,1205,735,1272,1114,860,707,1856,1612,1833,74,525,603,213,218,197,492,404,340
08-Sep-26,01:15,23879,561,615,410,623,828,929,666,1205,735,1230,1114,860,707,1856,1604,1843,73,522,602,213,218,197,492,404,340
08-Sep-26,01:30,23738,561,615,410,636,828,929,662,1205,734,1221,1114,860,707,1856,1596,1848,73,520,600,213,218,197,492,404,341
08-Sep-26,01:45,23405,561,615,409,632,828,929,664,1205,734,1252,1114,860,707,1856,1588,1842,72,518,596,213,218,197,492,404,341
08-Sep-26,02:00,23176,561,615,409,635,828,929,673,1205,734,1237,1114,860,707,1856,1581,1750,72,448,529,213,218,197,492,404,342
08-Sep-26,02:15,22879,562,615,408,632,828,929,672,1205,733,1244,1114,860,707,1856,1623,1572,72,363,458,213,218,197,492,404,342
08-Sep-26,02:30,22551,562,615,408,624,828,929,674,1205,733,1244,1114,860,707,1856,1664,1579,71,391,378,213,218,197,492,404,342
08-Sep-26,02:45,22400,562,615,408,629,828,929,671,1205,732,1256,1114,860,707,1856,1808,1679,71,419,408,213,218,197,492,404,343
08-Sep-26,03:00,22146,562,615,408,634,828,929,671,1205,732,1273,1114,860,707,1856,1798,1818,70,496,450,213,218,197,492,404,343
08-Sep-26,03:15,21948,562,615,407,631,828,929,672,1205,732,1269,1114,860,707,1856,1788,1826,70,467,526,213,218,197,492,404,344
08-Sep-26,03:30,21792,562,615,407,634,828,930,669,1205,731,1245,1114,860,707,1856,1779,1790,70,438,534,213,218,197,492,404,344
08-Sep-26,03:45,21562,562,615,406,634,828,930,676,1205,731,1253,1114,860,707,1856,1769,1754,69,361,434,213,218,197,492,404,344
08-Sep-26,04:00,21416,563,615,406,632,828,930,673,1205,730,1248,1114,860,707,1856,1759,1717,69,370,406,213,218,197,492,404,345
08-Sep-26,04:15,21270,563,615,406,631,828,930,671,1205,730,1244,1114,860,707,1856,1682,1681,68,379,379,213,218,197,492,404,345
08-Sep-26,04:30,21125,563,615,406,628,828,930,668,1205,730,1240,1114,860,707,1856,1588,1645,68,388,351,213,218,197,492,404,346
08-Sep-26,04:45,21029,563,615,405,624,828,930,671,1205,729,1228,1114,860,707,1856,1638,1563,68,398,342,213,218,197,492,404,346
08-Sep-26,05:00,21104,564,615,405,617,828,930,678,1205,729,1263,1114,860,707,1856,1689,1555,67,407,341,213,218,197,492,404,346
08-Sep-26,05:15,20675,564,615,404,643,828,930,674,1205,728,1276,1114,860,707,1856,1739,1602,67,416,348,213,218,197,492,404,347
08-Sep-26,05:30,20535,564,615,404,633,828,930,689,1205,728,1265,1114,860,707,1856,1827,1779,66,425,375,213,218,197,492,404,347
08-Sep-26,05:45,20377,564,615,404,644,828,930,674,1205,728,1288,1114,860,707,1856,1776,1834,66,497,484,213,218,197,492,404,348
08-Sep-26,06:00,20018,565,615,404,655,828,930,690,1205,727,1298,1114,860,707,1856,1724,1842,66,582,559,213,218,197,492,404,348
08-Sep-26,06:15,18668,566,615,403,650,828,930,685,1205,727,1281,1114,860,707,1856,1673,1857,65,596,602,213,218,197,492,404,348
08-Sep-26,06:30,18468,567,615,403,646,828,930,683,1205,726,1274,1114,860,707,1856,1452,1711,65,456,506,213,218,196,492,404,349
08-Sep-26,06:45,18138,568,615,402,650,828,930,680,1205,726,1279,1114,860,707,1856,1539,1441,64,365,437,213,218,196,492,404,349
08-Sep-26,07:00,17886,568,615,402,643,828,930,678,1205,726,1284,1114,860,707,1856,1627,1471,64,367,411,212,218,196,492,404,350
08-Sep-26,07:15,17765,569,615,402,629,828,930,672,1205,725,1291,1114,860,707,1856,1580,1680,64,369,407,212,218,196,492,404,350
08-Sep-26,07:30,17545,571,615,402,631,828,930,669,1205,725,1270,1114,860,707,1856,1534,1694,63,371,406,212,218,196,492,404,350
08-Sep-26,07:45,17495,574,615,401,634,828,930,667,1205,724,1274,1114,860,707,1856,1487,1703,63,374,405,212,218,196,492,404,351
08-Sep-26,08:00,17526,605,615,401,588,828,930,662,1205,724,1245,1114,860,707,1856,1440,1618,62,376,404,212,218,196,492,404,351
08-Sep-26,08:15,17966,775,615,400,503,828,930,666,1205,724,1139,1114,860,707,1856,1394,1503,62,378,402,212,218,196,492,404,352
08-Sep-26,08:30,18056,905,615,400,423,828,930,668,1205,723,1048,1114,860,707,1856,1173,1310,62,380,401,212,218,196,492,404,352
08-Sep-26,08:45,18233,986,615,400,349,828,930,663,1205,723,1048,1114,860,707,1856,1327,1056,61,382,400,212,218,196,492,404,352
08-Sep-26,09:00,18439,1078,615,400,346,828,930,655,1205,722,1114,1114,860,707,1856,1100,1025,61,384,399,212,218,196,492,404,353
08-Sep-26,09:15,19369,1243,615,399,350,828,930,668,1205,722,1229,1114,860,707,1856,1138,1295,60,386,398,212,218,196,492,404,353
08-Sep-26,09:30,19831,1301,615,398,362,828,930,679,1205,722,1203,1114,860,707,1856,1050,1110,60,389,396,212,218,196,492,404,354
08-Sep-26,09:45,20205,1393,615,398,367,828,930,652,1205,721,1078,1114,860,707,1856,1107,1040,60,391,395,212,218,196,492,404,354
08-Sep-26,10:00,20391,1449,615,398,352,828,930,633,1205,721,1021,1114,860,707,1856,1165,1031,59,393,394,212,218,196,492,404,354
08-Sep-26,10:15,20787,1490,615,397,355,828,931,658,1205,720,1113,1114,860,707,1856,1222,1025,59,395,393,212,218,196,492,404,355
08-Sep-26,10:30,20813,1487,615,397,356,828,931,676,1205,720,1206,1114,860,707,1856,1280,1102,58,397,392,212,218,196,492,404,355
08-Sep-26,10:45,20837,1681,615,397,355,828,931,675,1205,720,1266,1114,860,707,1856,1445,1334,58,399,390,212,218,196,492,404,356
08-Sep-26,11:00,20725,1737,615,397,366,828,931,676,1205,719,1276,1114,860,708,1856,1374,1496,58,402,389,212,218,196,492,404,356
08-Sep-26,11:15,20604,1775,615,396,363,828,931,673,1205,719,1266,1114,860,708,1856,1148,1272,57,404,388,212,218,196,492,404,356
08-Sep-26,11:30,20621,1798,615,396,361,828,931,689,1205,718,1141,1114,860,708,1856,1131,1102,57,406,386,212,218,196,492,404,357
08-Sep-26,11:45,20561,1677,615,395,372,828,931,677,1205,718,1044,1114,860,708,1856,1113,1141,56,408,385,212,218,196,492,404,357
08-Sep-26,12:00,20566,1780,615,395,369,828,931,674,1205,718,1051,1114,860,708,1856,1096,1141,56,410,384,212,218,196,492,404,358
08-Sep-26,12:15,20438,1759,615,395,370,828,931,664,1205,717,1129,1114,860,708,1856,1079,1087,56,412,383,212,218,196,492,404,358
08-Sep-26,12:30,20601,1728,615,394,369,828,931,670,1205,717,1206,1114,860,708,1856,1061,1056,55,414,382,212,218,196,492,404,358
08-Sep-26,12:45,20630,1865,615,394,362,828,931,663,1205,716,1239,1114,860,708,1856,1044,1064,55,417,380,212,218,196,492,404,359
08-Sep-26,13:00,20689,1806,615,394,365,828,931,667,1205,716,1252,1114,860,708,1856,1027,1075,54,419,379,212,218,196,492,404,359
08-Sep-26,13:15,20223,1663,615,394,365,828,931,665,1205,716,1160,1114,860,708,1856,1090,1082,54,421,377,212,218,196,492,404,360
08-Sep-26,13:30,20351,1751,615,393,360,828,931,673,1205,715,1058,1114,860,708,1856,1153,1089,54,423,352,212,218,196,492,404,360
08-Sep-26,13:45,20553,1775,615,392,366,828,931,671,1205,715,1040,1115,860,708,1856,1215,1096,53,425,349,212,218,196,492,404,360
08-Sep-26,14:00,20687,1652,615,392,358,828,931,675,1205,714,1142,1115,860,708,1856,1278,1103,53,427,375,212,218,196,492,404,361
08-Sep-26,14:15,20721,1603,615,392,360,828,931,664,1205,714,1216,1115,860,708,1856,1503,1296,52,498,442,212,218,196,492,404,361
08-Sep-26,14:30,20951,1543,615,392,363,828,931,674,1205,714,1268,1115,860,708,1856,1442,1582,52,468,525,212,218,196,492,404,362
08-Sep-26,14:45,21060,1414,615,391,360,828,931,679,1205,713,1270,1115,860,708,1856,1381,1597,52,438,535,212,218,196,492,404,362
08-Sep-26,15:00,21225,1381,615,390,360,828,931,670,1205,713,1211,1115,860,708,1856,1319,1566,51,361,436,212,218,196,492,404,362
08-Sep-26,15:15,20470,1326,615,390,361,828,931,674,1205,712,1205,1115,860,708,1856,1096,1218,51,374,366,212,218,196,492,404,363
08-Sep-26,15:30,20362,1305,615,390,357,828,931,672,1205,712,1134,1115,860,708,1856,1183,1048,50,386,354,212,218,196,492,404,363
08-Sep-26,15:45,20275,1150,615,390,352,828,931,673,1205,712,1162,1115,860,708,1856,1270,1094,50,399,362,212,218,196,492,404,364
08-Sep-26,16:00,20356,1054,615,389,352,828,931,675,1205,711,1244,1115,859,708,1856,1402,1272,50,411,352,212,218,196,492,404,364
08-Sep-26,16:15,19875,885,615,389,396,828,931,666,1205,711,1274,1115,859,708,1856,1534,1326,49,424,357,212,218,196,492,404,364
08-Sep-26,16:30,19923,728,615,388,469,828,931,672,1205,710,1261,1115,859,708,1856,1520,1551,49,404,430,212,218,196,492,404,365
08-Sep-26,16:45,20106,683,615,388,561,828,931,668,1205,710,1288,1115,859,708,1856,1499,1582,48,375,441,212,218,196,492,404,365
08-Sep-26,17:00,20211,671,615,388,643,828,931,674,1205,710,1292,1115,859,708,1856,1478,1605,48,345,439,212,218,196,492,404,366
08-Sep-26,17:15,20458,667,615,388,645,828,931,673,1205,709,1281,1115,859,708,1856,1457,1582,48,381,397,212,218,196,492,404,366
08-Sep-26,17:30,20798,666,615,387,638,828,931,674,1205,709,1271,1115,859,708,1856,1660,1519,47,416,410,212,218,196,492,404,366
08-Sep-26,17:45,21395,664,615,386,636,828,932,672,1205,708,1288,1115,859,708,1856,1807,1705,47,495,459,212,218,196,492,404,367
08-Sep-26,18:00,21866,664,615,386,632,828,932,669,1205,708,1290,1115,859,708,1856,1803,1875,46,581,564,212,218,196,492,404,367
08-Sep-26,18:15,22599,662,615,386,631,828,932,672,1205,708,1290,1115,859,708,1856,1798,1836,46,580,619,212,218,196,492,404,368
08-Sep-26,18:30,22225,661,615,386,640,828,932,678,1205,707,1278,1115,859,708,1856,1794,1844,46,579,615,212,218,196,492,404,368
08-Sep-26,20:00,24761,660,615,385,631,828,932,669,1205,707,1275,1115,859,708,1856,1787,1844,45,576,613,212,218,196,492,404,368
08-Sep-26,20:15,24948,659,615,384,629,828,932,666,1205,706,1294,1115,859,708,1856,1783,1859,45,575,618,212,218,196,492,404,369
08-Sep-26,20:30,25614,658,615,384,630,828,932,671,1205,706,1276,1115,859,708,1856,1779,1862,44,574,622,212,218,196,492,404,369
08-Sep-26,20:45,25564,657,615,384,633,828,932,671,1205,706,1269,1115,859,708,1856,1774,1866,44,573,623,212,218,196,492,404,370
08-Sep-26,21:00,25204,656,615,384,642,828,932,673,1205,705,1246,1115,859,708,1856,1770,1864,44,572,623,212,218,195,492,404,370
08-Sep-26,21:15,24992,655,615,384,638,828,932,676,1205,705,1273,1115,859,708,1856,1766,1863,43,570,624,212,218,195,492,404,370
08-Sep-26,21:30,25304,654,615,383,648,828,932,669,1205,704,1273,1115,859,708,1856,1761,1862,43,569,626,212,218,195,492,404,371
08-Sep-26,21:45,25820,653,615,383,635,828,932,682,1205,704,1276,1115,859,708,1856,1757,1860,42,568,627,212,218,195,492,404,371
08-Sep-26,22:00,25796,652,615,383,635,828,932,670,1205,704,1276,1115,859,708,1856,1753,1859,42,567,626,212,218,195,492,404,372
08-Sep-26,22:15,25126,652,615,383,645,828,932,675,1205,703,1273,1115,859,708,1856,1749,1844,42,566,626,212,218,195,492,404,372
08-Sep-26,22:30,24755,651,615,383,622,827,932,672,1205,703,1274,1115,859,708,1856,1744,1862,41,564,626,212,218,195,492,404,372
08-Sep-26,22:45,25108,650,615,383,642,827,932,660,1205,702,1277,1115,859,708,1856,1740,1866,41,563,625,212,218,195,492,404,373
08-Sep-26,23:00,25127,650,615,383,639,827,932,660,1205,702,1263,1115,859,708,1856,1736,1858,40,562,630,212,218,195,492,404,373
08-Sep-26,23:15,25168,649,615,383,644,827,932,679,1205,702,1296,1115,859,708,1856,1732,1858,40,561,622,212,218,195,492,404,374
08-Sep-26,23:30,25236,648,615,383,647,827,932,674,1204,701,1287,1115,859,708,1856,1727,1868,40,560,626,212,218,195,492,404,374
08-Sep-26,23:45,25028,647,615,383,625,827,932,670,1204,701,1262,1115,859,708,1856,1723,1874,39,558,626,212,218,195,492,404,374
09-Sep-26,00:15,24452,646,615,383,621,827,932,673,1204,700,1264,1115,859,708,1856,1716,1864,39,556,625,212,218,195,492,404,375
09-Sep-26,00:30,24375,645,615,383,626,827,932,664,1204,700,1261,1115,859,708,1856,1712,1856,38,555,627,212,218,195,492,404,375
09-Sep-26,00:45,24633,644,615,382,625,827,932,667,1204,700,1280,1115,859,708,1856,1707,1852,38,554,625,212,218,195,492,404,376
09-Sep-26,01:00,24247,644,615,382,619,827,932,668,1204,699,1256,1115,859,708,1856,1703,1849,38,553,628,212,218,195,492,404,376
09-Sep-26,01:15,23981,643,615,382,625,827,932,663,1204,699,1255,1115,859,708,1856,1699,1848,37,552,626,212,218,195,492,404,376
09-Sep-26,01:30,24013,644,615,382,623,827,932,672,1204,698,1265,1115,859,708,1856,1695,1853,37,550,629,211,218,195,492,404,377
09-Sep-26,01:45,24152,644,615,382,626,827,932,674,1204,698,1256,1115,859,708,1856,1690,1845,36,549,630,211,218,195,492,404,377
09-Sep-26,02:00,23587,645,615,382,627,827,932,664,1204,698,1232,1115,859,708,1856,1686,1844,36,548,630,211,218,195,492,404,378
09-Sep-26,02:15,23420,645,615,382,637,827,932,672,1204,697,1269,1115,859,708,1856,1682,1860,36,546,631,211,218,195,492,404,378
09-Sep-26,02:30,23252,645,615,382,626,827,932,667,1204,697,1264,1115,859,708,1856,1678,1845,35,545,631,211,218,195,492,404,378
09-Sep-26,02:45,23212,646,615,382,637,827,932,667,1204,696,1273,1115,859,708,1856,1673,1852,35,544,632,211,218,195,492,404,379
09-Sep-26,03:00,23138,646,615,382,636,827,932,681,1204,696,1276,1115,859,708,1856,1669,1847,34,543,631,211,218,195,492,404,379
09-Sep-26,03:15,22654,646,615,382,634,827,932,681,1204,696,1273,1115,859,708,1856,1665,1852,34,542,629,211,218,195,492,404,380
09-Sep-26,03:30,22577,646,615,382,633,827,932,683,1204,695,1259,1115,859,708,1856,1660,1864,34,540,628,211,218,195,492,404,380
09-Sep-26,03:45,22567,647,615,382,635,827,932,676,1204,695,1237,1115,859,708,1856,1656,1863,33,539,626,211,218,195,492,404,380
09-Sep-26,04:00,22385,647,615,382,636,827,933,671,1204,694,1237,1115,859,708,1856,1652,1861,33,538,625,211,218,195,492,404,381
09-Sep-26,04:15,22275,647,615,382,631,827,933,665,1204,694,1263,1115,859,708,1856,1648,1862,32,537,629,211,218,195,492,404,381
09-Sep-26,04:30,22536,647,615,382,637,827,933,679,1204,694,1267,1115,859,708,1856,1643,1868,32,536,628,211,218,195,492,404,382
09-Sep-26,04:45,22609,647,615,382,643,827,933,678,1204,693,1275,1115,859,708,1856,1639,1875,32,534,628,211,218,195,492,404,382
09-Sep-26,05:00,22041,648,615,382,643,827,933,683,1204,693,1276,1115,859,708,1856,1635,1881,31,533,626,211,218,195,492,404,382
09-Sep-26,05:15,21369,648,615,382,646,827,933,680,1204,692,1275,1115,859,708,1856,1631,1872,31,532,630,211,218,195,492,404,383
09-Sep-26,05:30,21433,648,615,382,628,827,933,682,1204,692,1270,1115,859,708,1856,1626,1863,30,531,630,211,218,195,492,404,383
09-Sep-26,05:45,21011,648,615,382,642,827,933,681,1204,692,1284,1115,859,708,1856,1622,1868,30,530,631,211,218,195,492,404,384
09-Sep-26,06:00,21151,648,615,382,645,827,933,681,1204,691,1275,1115,859,708,1856,1618,1883,30,528,626,211,218,195,492,404,384
09-Sep-26,06:15,21274,649,615,382,646,827,933,670,1204,691,1270,1115,859,708,1856,1614,1875,29,527,627,211,218,195,492,404,384
09-Sep-26,06:30,20580,649,615,382,639,827,933,676,1204,690,1285,1115,859,708,1856,1609,1876,29,526,629,211,218,195,492,404,385
09-Sep-26,06:45,20326,649,615,382,632,827,933,681,1204,690,1280,1115,859,708,1856,1605,1880,28,525,629,211,218,195,492,404,385
09-Sep-26,07:00,20610,650,615,382,628,827,933,672,1204,690,1283,1115,859,708,1856,1601,1880,28,524,627,211,218,195,492,404,386
09-Sep-26,07:15,20604,650,615,382,629,827,933,653,1204,689,1288,1115,859,708,1856,1596,1874,28,522,630,211,218,195,492,404,386
09-Sep-26,07:30,20587,652,615,382,614,827,933,664,1204,689,1265,1115,859,708,1856,1592,1868,27,521,626,211,218,195,492,404,386
09-Sep-26,07:45,20412,655,615,382,623,827,933,669,1204,688,1293,1115,859,708,1856,1588,1834,27,520,613,211,218,195,492,404,387
09-Sep-26,08:00,20360,752,615,382,616,827,933,674,1204,688,1223,1115,859,708,1856,1584,1737,26,518,593,211,218,195,492,404,387
09-Sep-26,08:15,20307,895,615,381,609,827,933,673,1204,688,1152,1115,859,708,1856,1579,1639,26,517,573,211,218,195,492,404,388
09-Sep-26,08:30,20423,1010,615,381,604,827,933,672,1204,687,1061,1115,859,708,1856,1369,1559,26,447,541,211,218,195,492,404,388
09-Sep-26,08:45,20668,1181,615,381,609,827,933,674,1204,687,752,1115,859,708,1856,1108,1327,25,363,430,211,218,195,492,404,388
09-Sep-26,09:00,20505,1317,615,381,619,827,933,681,1204,686,784,1115,859,708,1856,1088,1072,25,366,389,211,218,195,492,404,389
09-Sep-26,09:15,20619,1354,615,381,599,827,933,680,1204,686,800,1115,859,708,1856,1204,1069,24,368,388,211,218,195,492,404,389
09-Sep-26,09:30,20734,1391,615,381,579,827,933,679,1204,686,816,1115,859,708,1856,1320,1066,24,371,386,211,218,195,492,404,390
09-Sep-26,09:45,20848,1428,615,381,559,827,933,678,1204,685,832,1115,859,708,1856,1380,1063,24,374,385,211,218,195,492,404,390
09-Sep-26,10:00,20963,1465,615,381,538,827,933,676,1204,684,848,1115,859,708,1856,1439,1060,23,376,384,211,218,195,492,404,390
09-Sep-26,10:15,21077,1502,615,381,518,827,933,675,1204,682,864,1115,859,708,1856,1304,1057,23,379,383,211,218,195,492,404,391
09-Sep-26,10:30,21191,1539,615,381,498,827,933,674,1204,681,880,1115,859,708,1856,1092,1054,22,382,382,211,218,195,492,404,391
09-Sep-26,10:45,21306,1575,615,381,478,827,933,673,1204,679,897,1115,859,708,1856,1108,1052,22,384,380,211,218,194,492,404,392
09-Sep-26,11:00,21420,1612,615,381,458,827,933,672,1204,648,913,1115,859,708,1856,1123,1049,22,387,379,211,218,194,492,404,392
09-Sep-26,11:15,21534,1649,615,381,438,827,933,670,1204,655,929,1115,859,708,1856,1139,1046,21,390,380,211,218,194,492,404,392
09-Sep-26,11:30,21649,1686,615,381,417,827,933,669,1204,662,945,1115,859,708,1856,1154,1043,21,392,383,211,218,194,492,404,393
09-Sep-26,11:45,21763,1723,615,381,397,827,933,668,1204,670,961,1115,859,709,1856,1170,1040,20,395,385,211,218,194,492,404,393
09-Sep-26,12:00,21878,1760,615,381,377,827,933,666,1204,721,977,1115,859,709,1856,1185,1037,20,398,387,211,218,194,492,404,394
09-Sep-26,12:15,21992,1797,615,381,357,827,933,665,1204,871,993,1115,859,709,1856,1201,1034,20,400,389,211,218,194,492,404,394
09-Sep-26,12:30,21713,1765,615,381,349,827,933,670,1204,831,1021,1115,859,709,1856,1216,1030,19,403,391,211,218,194,492,404,394
09-Sep-26,12:45,21752,1754,615,381,360,827,933,665,1204,791,1024,1115,859,709,1856,1232,1027,19,406,394,211,218,194,492,404,395
09-Sep-26,13:00,21839,1802,615,381,355,827,933,649,1204,751,923,1115,859,709,1856,1247,1016,18,408,396,211,218,194,492,404,395
09-Sep-26,13:15,21529,1809,615,381,350,827,933,635,1204,813,832,1115,859,709,1856,1263,1044,18,411,398,211,218,194,492,404,396
09-Sep-26,13:30,21656,1759,615,381,348,827,933,620,1204,741,740,1115,859,709,1856,1278,1093,18,414,400,211,218,194,492,404,396
09-Sep-26,13:45,21901,1764,615,381,343,827,934,633,1204,737,787,1115,859,709,1856,1294,1142,17,416,402,211,218,194,492,404,396
09-Sep-26,14:00,21848,1733,615,381,346,827,934,656,1204,732,838,1115,859,709,1856,1339,1304,17,419,404,211,218,194,492,404,397
09-Sep-26,14:15,21753,1694,615,381,353,827,934,662,1204,728,941,1115,859,709,1856,1384,1320,16,422,407,211,218,194,492,404,397
09-Sep-26,14:30,22192,1765,615,381,354,827,934,663,1204,724,1004,1115,859,709,1856,1604,1400,16,424,409,211,218,194,492,404,398
09-Sep-26,14:45,22480,1707,615,381,352,827,934,660,1204,720,1084,1115,859,709,1856,1793,1655,16,427,411,211,218,194,492,404,398
09-Sep-26,15:00,22782,1693,615,381,353,827,934,663,1204,716,1131,1115,859,709,1856,1753,1825,15,458,445,211,218,194,492,404,398
09-Sep-26,15:15,22359,1502,615,381,350,827,934,667,1204,714,1117,1115,859,709,1856,1712,1843,15,490,476,211,218,194,492,404,399
09-Sep-26,15:30,21935,1312,615,381,346,827,934,671,1204,713,1121,1115,859,709,1856,1672,1847,14,465,522,211,218,194,492,404,399
09-Sep-26,15:45,21767,1162,615,381,343,827,934,664,1204,712,1114,1115,859,709,1856,1632,1810,14,440,525,211,218,194,492,404,400
09-Sep-26,16:00,21601,1012,615,381,345,827,934,666,1204,710,1148,1115,859,709,1856,1591,1694,14,415,518,211,218,194,492,404,400
09-Sep-26,16:15,21216,890,615,381,342,827,934,670,1204,709,1124,1115,859,709,1856,1632,1593,13,421,458,211,218,194,492,404,400
09-Sep-26,16:30,21207,749,615,381,362,827,934,671,1204,708,1118,1115,859,709,1856,1673,1586,13,427,445,211,218,194,492,404,401
09-Sep-26,16:45,21194,611,615,381,453,827,934,681,1204,707,1128,1115,859,709,1856,1714,1608,12,433,442,211,218,194,492,404,401
09-Sep-26,17:00,21350,515,615,381,565,827,934,667,1204,706,1135,1115,859,709,1856,1820,1824,12,439,432,211,218,194,492,404,402
09-Sep-26,17:15,21419,486,615,381,599,827,934,672,1204,704,1131,1115,859,709,1856,1815,1832,12,445,434,211,218,194,492,404,402
09-Sep-26,17:30,21419,479,615,381,623,827,934,668,1204,703,1132,1115,859,709,1856,1811,1871,11,407,450,211,218,194,492,404,402
09-Sep-26,17:45,21730,476,615,381,630,827,934,680,1204,702,1125,1115,859,709,1856,1806,1860,11,546,532,211,218,194,492,404,403
09-Sep-26,18:00,22141,476,615,381,633,827,934,681,1204,701,1129,1115,859,709,1856,1802,1873,10,579,615,211,218,194,492,404,403
09-Sep-26,18:15,22487,476,615,381,621,827,934,668,1204,700,1139,1115,859,709,1856,1797,1847,10,581,627,211,218,194,492,404,404
09-Sep-26,18:30,22585,476,615,381,651,827,934,678,1204,698,1139,1115,859,709,1856,1793,1847,10,584,629,211,218,194,492,404,404
09-Sep-26,18:45,22713,476,615,381,655,827,934,676,1204,697,1129,1115,859,709,1856,1788,1864,9,586,629,211,218,194,492,403,404
09-Sep-26,19:00,23395,476,615,381,648,827,934,679,1204,696,1136,1115,859,709,1856,1784,1878,9,589,626,211,218,194,492,403,405
09-Sep-26,19:15,25082,476,615,381,650,827,934,670,1204,695,1132,1115,859,709,1856,1779,1881,8,591,627,211,218,194,492,403,405
09-Sep-26,19:30,24639,476,615,381,634,827,934,675,1204,694,1128,1115,859,709,1856,1775,1873,8,592,628,211,218,194,492,403,406
09-Sep-26,19:45,24605,476,615,381,635,827,934,667,1204,692,1113,1115,859,709,1856,1770,1876,8,594,625,211,218,194,492,403,406
09-Sep-26,20:00,25016,476,615,381,636,827,934,669,1204,691,1118,1115,859,709,1856,1766,1878,8,595,622,210,218,194,492,403,406
09-Sep-26,20:15,25182,476,615,381,620,827,934,667,1204,690,1133,1115,859,709,1856,1761,1873,8,596,623,210,218,194,492,403,407
09-Sep-26,20:30,25088,476,615,381,635,827,934,673,1204,689,1134,1115,859,709,1856,1756,1878,8,597,629,210,218,194,492,403,407
09-Sep-26,20:45,25443,476,615,381,648,827,934,678,1204,688,1126,1115,859,709,1856,1752,1870,8,598,624,210,218,194,492,403,408
09-Sep-26,21:00,24708,476,615,381,622,827,934,673,1204,686,1118,1115,859,709,1856,1747,1876,8,600,630,210,218,194,492,403,408
09-Sep-26,21:15,24941,476,615,381,622,827,934,660,1204,685,1108,1115,859,709,1856,1743,1869,8,601,629,210,218,194,492,403,408
09-Sep-26,21:30,25384,476,615,381,645,827,934,672,1204,684,1110,1115,859,709,1856,1738,1863,8,602,628,210,218,194,492,403,409
09-Sep-26,21:45,25125,476,615,381,634,827,934,662,1204,683,1115,1115,859,709,1856,1734,1872,8,603,626,210,218,194,492,403,409
09-Sep-26,22:00,25131,476,615,381,629,827,934,661,1204,682,1099,1115,859,709,1856,1729,1864,8,604,627,210,218,194,492,403,410
09-Sep-26,22:15,25139,476,615,381,634,827,934,665,1204,680,1128,1115,859,709,1856,1725,1864,8,606,634,210,218,194,492,403,410
09-Sep-26,22:30,25527,476,615,381,624,827,934,674,1204,679,1126,1115,859,709,1856,1720,1876,8,607,629,210,218,194,492,403,410
09-Sep-26,22:45,25276,476,615,381,617,827,934,664,1204,678,1137,1115,859,709,1856,1716,1886,8,608,629,210,218,194,492,403,411
09-Sep-26,23:00,25106,476,615,380,628,827,934,663,1204,677,1133,1115,859,709,1856,1711,1881,8,608,631,210,218,194,492,403,411
09-Sep-26,23:15,24748,476,615,380,614,827,934,660,1204,676,1141,1115,859,709,1856,1707,1877,8,605,630,210,218,194,492,403,412
09-Sep-26,23:30,25742,476,615,380,601,827,934,668,1204,674,1129,1115,859,709,1856,1702,1873,8,602,628,210,218,194,492,403,412
09-Sep-26,23:45,25516,476,615,380,606,827,934,666,1204,673,1129,1115,859,709,1856,1697,1868,8,599,625,210,218,194,492,403,412
10-Sep-26,00:00,25347,476,615,380,588,827,934,663,1204,672,1127,1115,859,709,1856,1693,1869,8,596,627,210,218,194,492,403,413
10-Sep-26,00:15,25163,476,615,380,580,827,934,663,1204,671,1134,1115,859,709,1856,1688,1871,8,592,629,210,218,193,492,403,413
10-Sep-26,00:30,24914,476,615,380,582,827,935,654,1204,670,1117,1115,859,709,1856,1684,1866,8,589,630,210,218,193,492,403,414
10-Sep-26,00:45,25129,476,615,380,591,827,935,668,1203,668,1112,1115,859,709,1856,1679,1872,8,586,630,210,218,193,492,403,414
10-Sep-26,01:00,24245,476,615,380,580,827,935,667,1203,667,1102,1115,859,709,1856,1675,1857,8,583,628,210,218,193,492,403,414
10-Sep-26,01:15,24315,476,615,380,610,827,935,662,1203,666,1129,1115,859,709,1856,1670,1873,8,580,632,210,218,193,492,403,415
10-Sep-26,01:30,24464,476,615,380,620,827,935,681,1203,665,1144,1115,859,709,1856,1666,1857,8,577,627,210,218,193,492,403,415
10-Sep-26,01:45,24908,476,615,380,633,826,935,676,1203,663,1140,1115,859,709,1856,1661,1875,8,574,629,210,218,193,492,403,416
10-Sep-26,02:00,24578,476,615,380,634,826,935,686,1203,662,1139,1115,859,709,1856,1657,1879,8,571,629,210,218,193,492,403,416
10-Sep-26,02:15,23767,476,615,380,634,826,935,675,1203,661,1136,1115,859,709,1856,1652,1884,8,568,630,210,218,193,492,403,416
10-Sep-26,02:30,23677,476,615,380,637,826,935,682,1203,660,1135,1115,859,709,1856,1648,1885,8,565,629,210,218,193,492,403,417
10-Sep-26,02:45,23429,476,615,380,642,826,935,663,1203,658,1138,1115,859,709,1856,1643,1882,8,561,633,210,218,193,492,403,417
10-Sep-26,03:00,23724,476,615,380,639,826,935,672,1203,657,1133,1115,859,709,1856,1638,1884,8,558,628,210,218,193,492,403,418
10-Sep-26,03:15,22920,476,615,380,634,826,935,675,1203,656,1130,1115,859,709,1856,1634,1885,8,555,628,210,218,193,492,403,418
10-Sep-26,03:30,22888,476,615,380,640,826,935,672,1203,655,1134,1115,858,709,1856,1629,1886,8,552,629,210,218,193,492,403,418
10-Sep-26,03:45,23314,476,615,380,639,826,935,680,1203,654,1127,1115,858,709,1856,1625,1883,8,549,628,210,218,193,492,403,419
10-Sep-26,04:00,23058,476,615,380,630,826,935,675,1203,652,1111,1115,858,709,1856,1620,1872,8,546,627,210,218,193,492,403,419
10-Sep-26,04:15,22803,476,615,380,628,826,935,662,1203,651,1111,1115,858,709,1856,1616,1849,8,543,626,210,218,193,492,403,420
10-Sep-26,04:30,22764,476,615,380,639,826,935,680,1203,650,1102,1115,858,709,1856,1611,1870,8,540,625,210,218,193,492,403,420
10-Sep-26,04:45,22770,476,615,380,637,826,935,678,1203,649,1114,1115,858,709,1856,1607,1874,8,537,628,210,218,193,492,403,420
10-Sep-26,05:00,22623,476,615,380,634,826,935,669,1203,648,1095,1115,858,709,1856,1602,1866,8,534,629,210,218,193,492,403,421
10-Sep-26,05:15,22037,476,615,380,636,826,935,668,1203,646,1115,1115,858,709,1856,1598,1858,8,530,631,210,218,193,492,403,421
10-Sep-26,05:30,21774,476,615,380,644,826,935,682,1203,645,1098,1115,858,709,1856,1593,1849,8,527,630,210,218,193,492,403,422
10-Sep-26,05:45,21603,476,615,380,635,826,935,676,1203,644,1098,1115,858,709,1856,1589,1841,8,524,632,210,218,193,492,403,422
10-Sep-26,06:00,22046,476,615,380,638,826,935,672,1203,643,1090,1115,858,709,1856,1584,1826,8,521,628,210,218,193,492,403,422
10-Sep-26,06:15,21279,476,615,380,641,826,935,668,1203,642,1108,1115,858,709,1856,1580,1733,8,518,628,210,218,193,492,403,423
10-Sep-26,06:30,21024,477,615,380,639,826,935,671,1203,640,1094,1115,858,709,1856,1698,1625,8,448,543,210,218,193,492,403,423
10-Sep-26,06:45,20768,477,615,380,634,826,935,676,1203,639,1091,1115,858,709,1856,1817,1672,8,385,444,210,218,193,492,403,424
10-Sep-26,07:00,20620,477,615,380,633,826,935,669,1203,638,1093,1115,858,709,1856,1772,1849,8,370,344,210,218,193,492,403,424
10-Sep-26,07:15,20664,478,615,380,625,826,935,672,1203,637,1099,1115,858,709,1856,1727,1864,8,365,350,210,218,193,492,403,424
10-Sep-26,07:30,20572,478,615,380,627,826,935,676,1203,636,1087,1115,858,709,1856,1683,1872,8,366,349,210,218,193,492,403,425
10-Sep-26,07:45,20523,485,615,380,622,826,935,636,1203,634,1050,1115,858,709,1856,1638,1833,8,367,346,210,218,193,492,403,425
10-Sep-26,08:00,20433,518,615,380,606,826,935,645,1203,633,1049,1115,858,709,1856,1593,1671,8,368,348,210,218,193,492,403,426
10-Sep-26,08:15,20696,624,615,380,620,826,935,652,1203,632,1069,1115,858,709,1856,1411,1440,8,370,350,210,218,193,492,403,426
10-Sep-26,08:30,20686,717,615,380,625,826,935,663,1203,631,1066,1115,858,709,1856,1574,1409,8,371,349,210,218,193,492,403,426
10-Sep-26,08:45,21028,824,615,380,616,826,935,659,1203,630,1061,1115,858,709,1856,1786,1610,8,372,347,210,218,193,492,403,427
10-Sep-26,09:00,21237,937,615,380,603,826,935,661,1203,628,1049,1115,858,709,1856,1788,1795,8,374,348,210,218,193,492,403,427
10-Sep-26,09:15,21933,1086,615,380,611,826,935,654,1203,627,1059,1115,858,709,1856,1790,1803,8,382,348,210,218,193,492,403,428
10-Sep-26,09:30,22180,1148,615,380,585,826,935,678,1203,626,1063,1115,858,709,1856,1791,1818,8,405,347,210,218,193,492,403,428
10-Sep-26,09:45,22668,1258,615,380,518,826,935,661,1203,625,1073,1115,858,709,1856,1793,1841,8,452,409,210,218,193,492,403,428
10-Sep-26,10:00,22747,1352,615,380,433,826,935,674,1203,624,1058,1115,858,709,1856,1795,1851,8,534,492,210,218,193,492,403,429
10-Sep-26,10:15,23091,1449,615,380,352,826,935,673,1203,622,1075,1115,858,709,1856,1797,1862,8,591,571,210,218,193,492,403,429
10-Sep-26,10:30,23240,1494,615,380,365,826,935,678,1203,621,1066,1115,858,709,1856,1798,1858,8,559,626,210,218,193,492,403,430
10-Sep-26,10:45,23251,1541,615,380,361,826,935,676,1203,620,1068,1115,858,709,1856,1800,1849,8,528,622,210,218,193,492,403,430
10-Sep-26,11:00,23159,1553,615,380,383,826,936,692,1203,619,1066,1115,858,709,1856,1802,1853,8,450,536,210,218,193,492,403,430
10-Sep-26,11:15,23218,1665,615,380,464,826,936,701,1203,618,1070,1115,858,709,1856,1804,1847,8,479,450,210,218,193,492,403,431
10-Sep-26,11:30,23135,1630,615,380,571,826,936,680,1203,616,1066,1115,858,709,1856,1805,1841,8,507,451,210,218,193,492,403,431
10-Sep-26,11:45,23469,1687,615,380,576,826,936,673,1203,615,1056,1115,858,710,1856,1788,1826,8,488,523,210,218,193,492,403,432
10-Sep-26,12:00,23540,1693,615,380,572,826,936,670,1203,614,1050,1115,858,710,1856,1772,1772,8,469,529,210,218,193,492,403,432
10-Sep-26,12:15,23447,1719,615,380,556,826,936,664,1203,613,1020,1115,858,710,1856,1755,1742,8,450,537,210,218,193,492,403,432
10-Sep-26,12:30,23533,1717,615,380,544,826,936,659,1203,612,1016,1115,858,710,1856,1739,1713,8,430,536,210,218,193,492,403,433
10-Sep-26,12:45,23441,1632,615,380,542,826,936,679,1203,610,1049,1115,858,710,1856,1722,1734,8,359,454,210,218,193,492,403,433
10-Sep-26,13:00,23686,1662,615,380,567,826,936,664,1203,609,1022,1115,858,710,1856,1706,1710,8,389,356,210,218,192,492,403,434
10-Sep-26,13:15,23475,1605,615,380,562,826,936,671,1203,608,999,1115,858,710,1856,1721,1684,8,418,359,210,218,192,492,403,434
10-Sep-26,13:30,23541,1588,615,380,549,826,936,670,1203,607,1009,1115,858,710,1856,1736,1700,8,495,450,210,218,192,492,403,434
10-Sep-26,13:45,23814,1413,615,380,588,826,936,677,1203,606,1023,1115,858,710,1856,1751,1708,8,544,496,210,218,192,492,403,435
10-Sep-26,14:00,23868,1430,615,380,631,826,936,672,1203,604,1024,1115,858,710,1856,1765,1716,8,594,533,210,218,192,492,403,435
10-Sep-26,14:15,23698,1458,615,380,631,826,936,670,1203,603,1001,1115,858,710,1856,1780,1715,8,587,608,210,218,192,492,403,436
10-Sep-26,14:30,23187,1355,615,380,626,826,936,667,1203,602,1013,1115,858,710,1856,1795,1764,8,580,601,210,218,192,492,403,436
10-Sep-26,14:45,23659,1334,615,380,644,826,936,676,1203,601,996,1115,858,710,1856,1792,1810,8,572,604,210,218,192,492,403,436
10-Sep-26,15:00,23531,1123,615,380,638,826,936,681,1203,600,1002,1115,858,710,1856,1790,1833,8,562,598,210,218,192,492,403,437
10-Sep-26,15:15,23262,1116,615,380,635,826,936,664,1203,598,985,1116,858,710,1856,1787,1834,8,552,596,210,218,192,492,403,437
10-Sep-26,15:30,23096,1017,615,380,621,826,936,665,1203,597,994,1116,858,710,1856,1785,1830,8,542,594,210,218,192,492,403,438
10-Sep-26,15:45,22547,965,615,380,636,826,936,677,1203,596,982,1116,858,710,1856,1782,1824,8,533,592,209,218,192,492,403,438
10-Sep-26,16:00,22270,838,615,380,631,826,936,667,1203,595,978,1116,858,710,1856,1780,1819,8,523,591,209,218,192,492,403,438
10-Sep-26,16:15,21928,698,615,380,636,826,936,668,1203,594,947,1116,858,710,1856,1777,1812,8,513,590,209,218,192,492,403,439
10-Sep-26,16:30,22077,611,615,380,645,826,936,674,1203,592,983,1116,858,710,1856,1775,1833,8,503,588,209,218,192,492,403,439
10-Sep-26,16:45,21876,486,615,380,647,826,936,677,1203,591,958,1116,858,710,1856,1772,1817,8,493,590,209,218,192,492,403,440
10-Sep-26,17:00,21575,391,615,380,640,826,936,680,1203,590,960,1116,858,710,1856,1770,1826,8,483,565,209,218,192,492,403,440
10-Sep-26,17:15,21318,337,615,380,634,826,936,672,1203,589,966,1116,858,710,1856,1767,1839,8,413,496,209,218,192,492,403,440
10-Sep-26,17:30,21178,278,615,380,634,826,936,679,1203,588,958,1116,858,710,1856,1765,1848,8,422,417,209,218,192,492,403,441
10-Sep-26,17:45,21425,212,615,380,628,826,936,676,1203,586,954,1116,858,710,1856,1806,1833,8,431,416,209,218,192,492,403,441
10-Sep-26,18:00,21210,136,615,380,635,826,936,683,1203,585,951,1116,858,710,1856,1808,1856,8,440,416,209,218,192,492,403,442
10-Sep-26,18:15,21771,98,615,380,639,826,936,669,1203,582,941,1116,858,710,1856,1810,1810,8,450,403,209,218,192,492,403,442
10-Sep-26,18:30,21640,79,615,380,635,826,936,681,1203,569,940,1116,858,710,1856,1812,1754,8,459,415,209,218,192,492,403,442
10-Sep-26,18:45,21666,78,615,380,639,826,936,676,1203,543,919,1116,858,710,1856,1814,1843,8,468,407,209,218,192,492,403,443
10-Sep-26,19:00,22246,76,615,380,628,826,936,686,1203,518,925,1116,858,710,1856,1816,1854,8,477,452,209,218,192,492,403,443
10-Sep-26,19:15,24246,74,615,380,635,826,936,674,1203,492,923,1116,858,710,1856,1818,1854,8,532,532,209,218,192,492,403,444
10-Sep-26,19:45,24547,71,615,380,631,826,936,675,1203,501,915,1116,858,710,1856,1821,1860,8,550,568,209,218,192,492,403,444
10-Sep-26,20:00,24803,69,615,380,617,826,936,667,1203,526,913,1116,858,710,1856,1823,1856,8,561,575,209,218,192,492,403,445
10-Sep-26,20:15,24909,67,615,380,614,826,936,654,1203,552,917,1116,858,710,1856,1825,1831,8,569,570,209,218,192,492,403,445
10-Sep-26,20:30,25077,65,615,380,623,826,936,669,1203,578,929,1116,858,710,1856,1827,1832,8,577,575,209,218,192,492,403,446
10-Sep-26,20:45,25099,63,615,380,637,826,936,679,1203,603,926,1116,858,710,1856,1829,1855,8,579,582,209,218,192,492,403,446
10-Sep-26,21:00,24934,62,615,380,636,826,936,668,1203,629,935,1116,858,710,1856,1831,1853,8,580,591,209,218,192,492,403,446
10-Sep-26,21:15,25333,60,615,380,636,826,936,671,1203,654,938,1116,858,710,1856,1833,1846,8,582,593,209,218,192,492,403,447
10-Sep-26,21:30,25116,58,615,380,637,826,936,662,1203,680,928,1116,858,710,1856,1835,1839,8,583,592,209,218,192,492,403,447
10-Sep-26,21:45,25182,56,615,380,632,826,937,671,1203,706,922,1116,858,710,1856,1837,1847,8,585,591,209,218,192,492,403,448
10-Sep-26,22:00,24972,54,615,380,615,826,937,656,1203,731,909,1116,858,710,1856,1839,1855,8,587,594,209,218,192,492,403,448
10-Sep-26,22:15,24692,52,615,380,630,826,937,666,1203,757,931,1116,858,710,1856,1841,1824,8,588,594,209,218,192,492,403,448
10-Sep-26,22:30,24870,51,615,380,627,826,937,673,1203,783,936,1116,858,710,1856,1843,1834,8,590,596,209,218,192,492,403,449
10-Sep-26,22:45,24609,49,615,380,632,826,937,672,1203,808,936,1116,858,710,1856,1845,1838,8,591,597,209,218,192,492,403,449
10-Sep-26,23:00,24603,47,615,380,635,826,937,658,1203,834,935,1116,858,710,1856,1847,1854,8,590,601,209,218,192,492,403,450
10-Sep-26,23:15,24600,45,615,380,632,826,937,658,1203,860,926,1116,858,710,1856,1849,1831,8,588,603,209,218,192,492,403,450
10-Sep-26,23:30,24968,43,615,380,626,826,937,657,1203,885,928,1116,858,710,1856,1851,1863,8,586,600,209,218,192,492,403,450
10-Sep-26,23:45,24422,41,615,380,622,826,937,653,1203,911,922,1116,858,710,1856,1853,1825,8,585,602,209,218,192,492,403,451
11-Sep-26,00:00,24275,40,615,380,616,826,937,650,1203,936,921,1116,858,710,1856,1855,1809,8,584,602,209,218,192,492,403,451
11-Sep-26,00:15,23872,38,615,379,624,826,937,667,1203,932,913,1116,858,710,1856,1846,1833,8,582,603,209,218,192,492,403,452
11-Sep-26,00:30,23899,36,615,379,631,826,937,669,1203,928,929,1116,858,710,1856,1837,1864,8,582,603,209,218,192,492,403,452
11-Sep-26,00:45,24173,34,615,379,633,826,937,664,1203,924,923,1116,858,710,1856,1828,1841,8,583,592,209,218,192,492,403,452
11-Sep-26,01:00,23738,32,615,379,636,826,937,669,1202,921,931,1116,858,710,1856,1820,1841,8,585,591,209,218,192,492,403,453
11-Sep-26,01:15,23892,30,615,379,632,826,937,680,1202,917,930,1116,858,710,1856,1811,1856,8,586,594,209,218,191,492,403,453
11-Sep-26,01:30,23754,29,615,379,636,826,937,677,1202,913,934,1116,858,710,1856,1802,1872,8,588,593,209,218,191,492,403,454
11-Sep-26,01:45,23608,27,615,379,635,826,937,674,1202,909,934,1116,858,710,1856,1793,1872,8,590,595,209,218,191,492,403,454
11-Sep-26,02:00,23832,25,615,379,639,826,937,683,1202,905,953,1116,858,710,1856,1828,1818,8,591,595,209,218,191,492,403,454
11-Sep-26,02:15,23313,23,615,379,644,826,937,679,1202,901,951,1116,858,710,1856,1830,1818,8,594,597,209,218,191,492,403,455
11-Sep-26,02:30,23512,21,615,379,644,826,937,682,1202,903,961,1116,858,710,1856,1832,1872,8,597,601,209,218,191,492,403,455
11-Sep-26,02:45,23179,20,615,379,634,826,937,680,1202,905,968,1116,858,710,1856,1834,1860,8,600,597,209,218,191,492,403,456
11-Sep-26,03:00,23085,18,615,379,639,826,937,678,1202,908,964,1116,858,710,1856,1836,1865,8,603,600,209,218,191,492,403,456
11-Sep-26,03:15,22875,17,615,379,643,826,937,677,1202,910,968,1116,858,710,1856,1838,1870,8,606,608,209,218,191,492,403,456
11-Sep-26,03:30,22916,15,615,379,634,826,937,671,1202,912,969,1116,858,710,1856,1841,1880,8,609,610,209,218,191,492,403,457
11-Sep-26,03:45,22752,14,615,379,641,826,937,670,1202,914,985,1116,858,710,1856,1843,1864,8,607,611,209,218,191,492,403,457
11-Sep-26,04:00,22523,12,615,379,642,826,937,678,1202,916,991,1116,858,710,1856,1845,1864,8,605,612,209,218,191,492,403,458
11-Sep-26,04:15,22495,11,615,379,644,826,937,682,1202,918,999,1116,858,710,1856,1847,1880,8,603,614,209,218,191,492,403,458
11-Sep-26,04:30,23045,9,615,379,643,825,937,693,1202,921,1003,1116,858,710,1856,1849,1872,8,601,615,209,218,191,492,403,458
11-Sep-26,04:45,22805,8,615,379,644,825,937,669,1202,923,1004,1116,858,710,1856,1851,1872,8,600,617,209,218,191,492,403,459
11-Sep-26,05:00,22409,6,615,379,636,825,937,683,1202,925,1002,1116,858,710,1856,1853,1878,8,598,616,209,218,191,492,403,459
11-Sep-26,05:15,20975,5,615,379,642,825,937,676,1202,927,1012,1116,858,710,1856,1855,1888,8,607,611,209,218,191,492,403,460
11-Sep-26,05:30,20741,3,615,379,642,825,937,681,1202,929,1018,1116,858,710,1856,1837,1893,8,590,614,209,218,191,492,403,460
11-Sep-26,05:45,20798,2,615,379,645,825,937,675,1202,933,1025,1116,858,710,1856,1819,1892,8,573,613,209,218,191,492,403,460
11-Sep-26,06:00,21617,4,615,379,644,825,937,671,1202,938,1029,1116,858,710,1856,1801,1890,8,556,616,209,218,191,492,403,461
11-Sep-26,06:15,20858,23,615,379,645,825,937,685,1202,942,1030,1116,858,710,1856,1783,1889,8,540,614,209,218,191,492,403,461
11-Sep-26,06:30,20679,59,615,379,644,825,937,668,1202,947,1033,1116,858,710,1856,1766,1886,8,523,614,209,218,191,492,403,462
11-Sep-26,06:45,20789,115,615,379,647,825,937,669,1202,951,1044,1116,858,710,1856,1748,1878,8,449,537,209,218,191,492,403,462
11-Sep-26,07:00,20373,165,615,379,647,825,937,686,1202,956,1051,1116,858,710,1856,1730,1869,8,364,420,209,218,191,492,403,462
11-Sep-26,07:15,20237,204,615,379,632,825,937,685,1202,948,1049,1116,858,710,1856,1712,1859,8,358,379,209,218,191,492,403,463
11-Sep-26,07:30,19947,286,615,379,585,825,937,660,1202,940,1051,1116,858,710,1856,1755,1747,8,352,355,209,218,191,492,403,464
11-Sep-26,07:45,19862,366,615,379,508,825,937,655,1202,932,1023,1116,858,710,1856,1798,1743,8,345,340,209,218,191,492,403,465
11-Sep-26,08:00,19584,438,615,379,418,825,938,653,1202,923,1029,1116,858,710,1856,1842,1739,8,339,338,209,218,191,492,403,466
11-Sep-26,08:15,19753,484,615,379,384,825,938,678,1202,915,1054,1116,858,710,1856,1828,1863,8,333,343,209,218,191,492,403,467
11-Sep-26,08:30,20128,522,615,379,348,825,938,683,1202,907,1058,1116,858,710,1856,1814,1867,8,327,344,209,218,191,492,403,473
11-Sep-26,08:45,20123,590,615,379,351,825,938,675,1202,899,1067,1116,858,710,1856,1800,1871,8,321,343,209,218,191,492,403,478
11-Sep-26,09:00,20270,708,615,379,359,825,938,676,1202,891,1061,1116,858,710,1856,1786,1863,8,314,339,209,218,191,492,403,484
11-Sep-26,09:15,20980,780,615,379,450,825,938,640,1202,883,1063,1116,858,710,1856,1772,1856,8,308,335,209,218,191,492,403,489
11-Sep-26,09:30,21496,786,615,379,446,825,938,679,1202,875,1066,1116,858,710,1856,1758,1851,8,302,344,209,218,191,492,403,480
11-Sep-26,09:45,21712,856,615,379,351,825,938,684,1202,866,1069,1116,858,710,1856,1744,1853,8,263,347,209,218,191,492,403,481
11-Sep-26,10:00,21737,1050,615,379,347,825,938,671,1202,858,1073,1116,858,710,1856,1730,1848,8,218,349,209,218,191,492,403,489
11-Sep-26,10:15,22219,1057,615,379,382,825,938,678,1202,850,1098,1116,858,710,1856,1716,1839,8,172,221,209,218,191,492,402,470
11-Sep-26,10:30,22263,1138,615,379,403,825,938,678,1202,842,1098,1116,858,710,1856,1702,1829,8,43,80,209,218,191,492,402,473
11-Sep-26,10:45,22177,1243,615,379,432,825,938,667,1202,834,1062,1116,858,710,1856,1689,1820,8,53,0,209,218,191,492,402,477
11-Sep-26,11:00,22156,1339,615,379,518,825,938,679,1202,826,1061,1116,858,710,1856,1675,1810,8,64,0,209,218,191,492,402,478
11-Sep-26,11:15,21953,1194,615,379,634,825,938,685,1202,817,1085,1116,858,710,1856,1661,1801,8,74,0,209,218,191,492,402,460
11-Sep-26,11:30,21884,1357,615,379,541,825,938,678,1202,809,1081,1116,858,710,1856,1608,1670,8,85,0,209,218,191,492,402,429
11-Sep-26,11:45,21826,1393,615,379,584,825,938,665,1202,801,1091,1116,858,710,1856,1555,1670,8,95,0,209,218,191,492,402,381
11-Sep-26,12:00,21612,1275,615,379,600,825,938,682,1202,793,1084,1116,858,711,1856,1502,1668,8,106,0,209,218,190,492,402,386
11-Sep-26,12:15,21449,1436,615,379,615,825,938,678,1202,785,1076,1116,858,711,1856,1449,1664,8,116,0,209,218,190,492,402,392
11-Sep-26,12:30,21308,1429,615,379,614,825,938,661,1202,777,1016,1116,858,711,1856,1396,1618,8,126,0,208,218,190,492,402,398
11-Sep-26,12:45,21128,1510,615,379,615,825,938,627,1202,819,928,1116,858,711,1856,1173,1285,8,137,0,208,218,190,492,402,315
11-Sep-26,13:00,21025,1566,615,379,614,825,938,622,1202,860,890,1116,857,711,1856,1059,1046,8,147,0,208,218,190,492,402,311
11-Sep-26,13:15,20975,1551,615,379,591,825,938,633,1202,902,876,1116,857,711,1856,1162,1031,8,158,0,208,218,190,492,402,309
11-Sep-26,13:30,20950,1500,615,379,561,825,938,631,1202,943,940,1116,857,711,1856,1265,1168,8,168,0,208,218,190,492,402,303
11-Sep-26,13:45,20343,1481,615,379,530,825,938,667,1202,906,1000,1116,857,711,1856,1160,1243,8,179,0,208,218,190,492,402,349
11-Sep-26,14:00,20612,1425,615,379,500,825,938,670,1202,869,988,1116,857,711,1856,1056,1086,8,189,0,208,218,190,492,402,339
11-Sep-26,14:15,21021,1463,615,379,470,825,938,639,1202,907,960,1116,857,711,1856,1160,1024,8,200,0,208,218,190,492,402,299
11-Sep-26,14:30,21268,1391,615,379,429,825,938,655,1202,933,1042,1116,857,711,1856,1264,1112,8,210,0,208,218,190,492,402,318
11-Sep-26,14:45,21651,1207,615,379,452,825,938,681,1202,934,1059,1116,857,711,1856,1500,1389,8,220,0,208,218,190,492,402,416
11-Sep-26,15:00,21661,1213,615,379,449,825,938,666,1202,936,1060,1116,857,711,1856,1582,1574,8,231,0,208,218,190,492,402,452
11-Sep-26,15:15,21344,1087,615,379,431,825,938,660,1202,938,1060,1116,857,711,1856,1585,1636,8,241,0,208,218,190,492,402,468
11-Sep-26,15:30,21120,1009,615,379,428,825,938,672,1202,939,1066,1116,857,711,1856,1588,1575,8,252,0,208,218,190,492,402,471
11-Sep-26,15:45,21058,888,615,379,465,825,938,665,1202,941,1092,1116,857,711,1856,1591,1611,8,262,0,208,218,190,492,402,478
11-Sep-26,16:00,21092,843,615,379,562,825,938,679,1202,943,1081,1116,857,711,1856,1594,1605,8,273,0,208,218,190,492,402,482
11-Sep-26,16:15,20599,705,615,379,640,825,938,690,1202,944,1077,1116,857,711,1856,1597,1634,8,283,0,208,218,190,492,402,480
11-Sep-26,16:30,20677,593,615,379,636,825,938,686,1202,952,1087,1116,857,711,1856,1600,1632,8,293,0,208,218,190,492,402,478
11-Sep-26,16:45,20731,480,615,379,642,825,938,683,1202,960,1082,1116,857,711,1856,1602,1649,8,304,0,208,218,190,492,402,479
11-Sep-26,17:00,20660,362,615,379,633,825,938,676,1202,969,1084,1116,857,711,1856,1605,1641,8,314,0,208,218,190,492,402,480
11-Sep-26,17:15,20416,271,615,379,629,825,938,677,1202,977,1074,1116,857,711,1856,1608,1626,8,325,0,208,218,190,492,402,487
11-Sep-26,17:30,19972,191,615,379,647,825,938,683,1202,985,1088,1116,857,711,1856,1611,1657,8,335,0,208,218,190,492,402,462
11-Sep-26,17:45,20298,133,615,379,642,825,938,685,1202,993,1089,1116,857,711,1856,1614,1649,8,346,0,208,218,190,492,402,476
11-Sep-26,18:00,20195,132,615,379,652,825,938,683,1202,1001,1085,1116,857,711,1856,1617,1645,8,356,0,208,218,190,492,402,488
11-Sep-26,18:15,21235,132,615,379,643,825,938,679,1202,1010,1083,1116,857,711,1856,1620,1642,8,367,0,208,218,190,492,402,485
11-Sep-26,18:30,21331,131,615,379,655,825,939,678,1202,1018,1084,1116,857,711,1856,1623,1638,8,377,0,208,218,190,492,402,480
11-Sep-26,18:45,21340,131,615,379,649,825,939,683,1202,1026,1145,1116,857,711,1856,1626,1634,8,387,0,208,218,190,492,402,479
11-Sep-26,19:00,21888,130,615,379,650,825,939,693,1202,1034,1181,1116,857,711,1856,1629,1642,8,398,0,208,218,190,492,402,481
11-Sep-26,19:15,23776,130,615,379,634,825,939,703,1202,1042,1244,1116,857,711,1856,1632,1642,8,408,0,208,218,190,492,402,490
11-Sep-26,19:30,23885,129,615,379,656,825,939,675,1202,1082,1256,1116,857,711,1856,1635,1650,8,419,0,208,218,190,492,402,489
11-Sep-26,19:45,23778,129,615,379,635,825,939,685,1202,1129,1323,1116,857,711,1856,1638,1640,8,429,0,208,218,190,492,402,483
11-Sep-26,20:00,23336,128,615,379,636,825,939,672,1202,1178,1359,1116,857,711,1856,1641,1640,8,440,0,208,218,190,492,402,476
11-Sep-26,20:15,24009,128,615,379,638,825,939,661,1202,1228,1366,1116,857,711,1856,1643,1650,8,450,0,208,218,190,492,402,481
11-Sep-26,20:30,24194,127,615,379,638,825,939,671,1202,1256,1422,1116,857,711,1856,1646,1634,8,460,0,208,218,190,492,402,478
11-Sep-26,20:45,23871,127,615,379,649,825,939,683,1202,1262,1449,1116,857,711,1856,1649,1650,8,471,0,208,218,190,492,402,477
11-Sep-26,21:00,24114,126,615,379,647,825,939,694,1202,1267,1478,1116,857,711,1856,1652,1635,8,481,0,208,218,190,492,402,484
11-Sep-26,21:15,24215,126,615,379,648,825,939,670,1202,1273,1498,1116,857,711,1856,1655,1636,8,492,0,208,218,190,492,402,487
11-Sep-26,21:30,24558,125,615,379,648,825,939,671,1202,1279,1498,1116,857,711,1856,1658,1638,8,502,0,208,218,190,492,402,473
11-Sep-26,21:45,23785,125,615,379,643,825,939,673,1202,1285,1509,1116,857,711,1856,1661,1640,8,513,0,208,218,190,492,402,482
11-Sep-26,22:00,23900,124,615,379,641,825,939,668,1202,1290,1507,1116,857,711,1856,1664,1641,8,523,0,208,218,189,492,402,483
11-Sep-26,22:15,24116,124,615,379,648,825,939,673,1202,1296,1498,1116,857,711,1856,1667,1641,8,533,0,208,218,189,492,402,483
11-Sep-26,22:30,24263,123,615,379,636,825,939,681,1202,1302,1498,1116,857,711,1856,1670,1635,8,544,0,208,218,189,492,402,485
11-Sep-26,22:45,24008,122,615,379,638,825,939,678,1202,1307,1493,1116,857,711,1856,1673,1652,8,554,0,208,218,189,492,402,476
11-Sep-26,23:00,23636,122,615,379,640,825,939,671,1202,1313,1515,1116,857,711,1856,1676,1650,8,565,0,208,218,189,492,402,482
11-Sep-26,23:15,23730,121,615,379,648,825,939,667,1201,1311,1492,1116,857,711,1856,1679,1650,8,575,0,208,218,189,492,402,485
11-Sep-26,23:30,24031,121,615,379,631,825,939,670,1201,1309,1493,1116,857,711,1856,1681,1658,8,586,0,208,218,189,492,402,487
11-Sep-26,23:45,23976,120,615,379,636,825,939,674,1201,1307,1503,1116,857,711,1856,1684,1662,8,596,0,208,218,189,492,402,487
12-Sep-26,00:00,24097,120,615,379,635,825,939,670,1201,1306,1505,1116,857,711,1856,1687,1657,8,607,0,208,218,189,492,402,483
12-Sep-26,00:15,23759,119,615,379,634,825,939,675,1201,1302,1513,1116,857,711,1856,1690,1652,8,584,0,208,218,189,492,402,481
12-Sep-26,00:30,23550,119,615,379,634,825,939,678,1201,1298,1519,1116,857,711,1856,1693,1650,8,561,0,208,218,189,492,402,482
12-Sep-26,00:45,23524,118,615,379,627,825,939,662,1201,1294,1507,1116,857,711,1856,1696,1665,8,538,0,208,218,189,492,402,484
12-Sep-26,01:00,23442,118,615,379,623,825,939,671,1201,1290,1488,1116,857,711,1856,1699,1680,8,515,0,208,218,189,492,402,486
12-Sep-26,01:15,23127,117,615,379,623,825,939,670,1201,1286,1467,1116,857,711,1856,1767,1750,8,492,0,208,218,189,492,402,483
12-Sep-26,01:30,23153,117,615,379,621,825,939,660,1201,1282,1472,1116,857,711,1856,1834,1788,8,469,0,208,218,189,492,402,479
12-Sep-26,01:45,23453,116,615,379,622,825,939,662,1201,1278,1499,1116,857,711,1856,1824,1850,8,446,0,208,218,189,492,402,481
12-Sep-26,02:00,23655,116,615,379,625,825,939,663,1201,1274,1481,1116,857,711,1856,1815,1889,8,423,0,208,218,189,492,402,484
12-Sep-26,02:15,23486,115,615,379,632,825,939,679,1201,1270,1477,1116,857,711,1856,1805,1858,8,400,0,208,218,189,492,402,485
12-Sep-26,02:30,22916,115,615,379,631,825,939,674,1201,1266,1453,1116,857,711,1856,1795,1873,8,376,0,208,218,189,492,402,484
12-Sep-26,02:45,22739,114,615,379,629,825,939,674,1201,1262,1447,1116,857,711,1856,1785,1858,8,353,0,208,218,189,492,402,482
12-Sep-26,03:00,22868,114,615,379,631,825,939,671,1201,1258,1452,1116,857,711,1856,1776,1881,8,330,0,208,218,189,492,402,487
12-Sep-26,03:15,22296,115,615,379,630,825,939,676,1201,1254,1465,1116,857,711,1856,1766,1873,8,307,0,208,218,189,492,402,481
12-Sep-26,03:30,21851,115,615,379,630,825,939,674,1201,1251,1481,1116,857,711,1856,1756,1871,8,284,0,208,218,189,492,402,482
12-Sep-26,03:45,21665,115,615,379,626,825,939,676,1201,1247,1465,1116,857,711,1856,1747,1869,8,261,0,208,218,189,492,402,486
12-Sep-26,04:00,21616,115,615,379,631,825,939,680,1201,1243,1472,1116,857,711,1856,1737,1867,8,238,0,208,218,189,492,402,481
12-Sep-26,04:15,22001,116,615,379,630,825,939,668,1201,1239,1467,1116,857,711,1856,1727,1866,8,215,0,208,218,189,492,402,483
12-Sep-26,04:30,22034,116,615,379,630,825,939,673,1201,1235,1488,1116,857,711,1856,1717,1881,8,192,0,208,218,189,492,402,486
12-Sep-26,04:45,21885,117,615,379,629,825,940,672,1201,1231,1480,1116,857,711,1856,1708,1873,8,169,0,208,218,189,492,402,482
12-Sep-26,05:00,21517,117,615,379,626,825,940,669,1201,1227,1497,1116,857,711,1856,1698,1861,8,146,0,208,218,189,492,402,483
12-Sep-26,05:15,20930,118,615,379,625,825,940,670,1201,1223,1469,1116,857,711,1856,1688,1850,8,123,0,208,218,189,492,402,485
12-Sep-26,05:30,20687,118,615,379,629,824,940,669,1201,1219,1473,1116,857,711,1856,1678,1838,8,100,0,208,218,189,492,402,484
12-Sep-26,05:45,21030,119,615,379,625,824,940,672,1201,1215,1471,1116,857,711,1856,1669,1857,8,77,0,208,218,189,492,402,486
12-Sep-26,06:00,21032,120,615,379,626,824,940,665,1201,1211,1491,1116,857,711,1856,1659,1860,8,54,0,208,218,189,492,402,485
12-Sep-26,06:15,20274,121,615,379,628,824,940,672,1201,1207,1493,1116,857,711,1856,1649,1870,8,31,0,208,218,189,492,402,533
12-Sep-26,06:30,20721,124,615,379,630,824,940,679,1201,1203,1488,1116,857,711,1856,1640,1880,8,8,0,208,218,188,492,402,545
12-Sep-26,06:45,20634,161,615,379,632,824,940,662,1201,1199,1474,1116,857,711,1856,1630,1866,0,0,0,208,218,188,492,402,561
12-Sep-26,07:00,20395,235,615,379,603,824,940,675,1201,1195,1482,1116,857,711,1856,1620,1857,0,0,0,208,218,188,492,402,566
12-Sep-26,07:15,20000,331,615,379,507,824,940,673,1201,1191,1485,1116,857,711,1856,1610,1840,0,0,0,208,218,188,492,402,569
12-Sep-26,07:30,19974,423,615,379,403,824,940,669,1201,1187,1469,1116,857,711,1856,1601,1857,0,0,0,208,218,188,492,402,567
12-Sep-26,07:45,19654,538,615,379,350,824,940,670,1201,1183,1466,1116,857,711,1856,1591,1841,0,0,0,208,218,188,492,402,466
12-Sep-26,08:00,19539,681,615,379,346,824,940,667,1201,1179,1473,1116,857,711,1856,1581,1687,0,0,0,208,218,188,492,402,413
12-Sep-26,08:15,19442,816,615,379,441,824,940,680,1201,1175,1465,1116,857,711,1856,1460,1633,0,0,0,208,218,188,492,402,317
12-Sep-26,08:30,19740,903,615,379,522,824,940,671,1201,1171,1452,1116,857,711,1856,1339,1377,0,0,0,208,218,188,492,402,311
12-Sep-26,08:45,19730,1093,615,379,617,824,940,665,1201,1167,1465,1116,857,711,1856,1100,1231,0,0,0,208,218,188,492,402,311
12-Sep-26,09:00,19857,1128,615,379,623,824,940,656,1201,1163,1401,1116,857,711,1856,1160,1023,0,0,0,208,218,188,492,402,306
12-Sep-26,09:15,20467,1282,615,379,627,824,940,647,1201,1224,1341,1116,857,711,1856,1219,1054,0,0,0,208,218,188,492,402,316
12-Sep-26,09:30,20815,1484,615,379,625,824,940,651,1201,1285,1363,1116,857,711,1856,1279,1138,0,0,0,208,218,188,492,402,309
12-Sep-26,09:45,21193,1483,615,379,620,824,940,666,1201,1260,1428,1116,857,711,1856,1503,1333,0,0,0,208,218,188,492,402,403
12-Sep-26,10:00,21342,1585,615,379,585,824,940,663,1201,1234,1442,1116,857,711,1856,1702,1564,0,0,0,208,218,188,492,402,457
12-Sep-26,10:15,21872,1672,615,379,498,824,940,648,1201,1209,1431,1116,857,711,1856,1748,1742,0,0,0,207,218,188,492,402,535
12-Sep-26,10:30,21975,1736,615,379,440,824,940,656,1201,1184,1421,1116,857,711,1856,1759,1780,0,0,0,207,218,188,492,402,551
12-Sep-26,10:45,21954,1872,615,379,423,824,940,655,1201,1159,1406,1116,857,711,1856,1733,1772,0,0,0,207,218,188,492,402,558
12-Sep-26,11:00,21878,1909,615,379,434,824,940,662,1201,1133,1377,1116,857,711,1856,1690,1726,0,0,0,207,218,188,492,402,560
12-Sep-26,11:15,21975,2010,615,379,441,824,940,663,1201,1125,1309,1116,857,711,1856,1676,1619,0,0,0,207,218,188,492,402,471
12-Sep-26,11:30,22063,2050,615,379,562,824,940,673,1201,1028,1265,1116,857,712,1856,1652,1480,0,0,0,207,218,188,492,402,423
12-Sep-26,11:45,22150,2153,615,379,630,824,940,669,1201,1024,1218,1116,857,712,1856,1642,1565,0,0,0,207,218,188,492,402,402
12-Sep-26,12:00,22284,1988,615,379,629,824,940,674,1201,1020,1202,1116,857,712,1856,1639,1618,0,0,0,207,218,188,492,402,400
12-Sep-26,12:15,22217,1998,615,378,630,824,940,676,1201,1016,1195,1116,857,712,1856,1638,1649,0,0,0,207,218,188,492,402,401
12-Sep-26,12:30,22162,1998,615,378,619,824,940,680,1201,1012,1194,1116,857,712,1856,1636,1650,0,0,0,207,218,188,492,402,400
12-Sep-26,12:45,22156,2058,615,378,631,824,940,683,1201,1008,1205,1116,857,712,1856,1635,1653,0,0,0,207,218,188,492,402,384
12-Sep-26,13:00,22504,1997,615,378,624,824,940,673,1201,1004,1185,1116,857,712,1856,1634,1632,0,0,0,207,218,188,492,402,367
12-Sep-26,13:15,22269,1942,615,378,610,824,940,667,1201,1000,1118,1116,857,712,1856,1633,1639,0,0,0,207,218,188,492,402,297
12-Sep-26,13:30,22446,1958,615,378,610,824,940,675,1201,995,1083,1117,857,712,1856,1632,1624,0,0,0,207,218,188,492,402,369
12-Sep-26,13:45,22671,1912,615,378,613,824,940,670,1201,991,1135,1117,857,712,1856,1630,1639,0,0,0,207,218,188,492,402,510
12-Sep-26,14:00,22831,1872,615,378,612,824,940,674,1201,999,1111,1117,857,712,1856,1629,1633,0,0,0,207,218,187,492,402,546
12-Sep-26,14:15,22593,1833,615,378,609,824,940,669,1201,1007,1116,1117,857,712,1856,1628,1649,0,0,0,207,218,187,492,402,553
12-Sep-26,14:30,22368,1750,615,378,605,824,940,668,1201,1016,1088,1117,857,712,1856,1627,1634,0,0,0,207,218,187,492,402,557
12-Sep-26,14:45,22105,1731,615,378,610,824,940,661,1201,1024,1079,1117,857,712,1856,1626,1620,0,0,0,207,218,187,492,402,551
12-Sep-26,15:00,21907,1620,615,378,610,824,940,663,1201,1032,1137,1117,857,712,1856,1624,1624,0,0,0,207,218,187,492,402,539
12-Sep-26,15:15,21732,1610,615,378,602,824,941,668,1201,1040,1140,1117,857,712,1856,1623,1627,0,0,0,207,218,187,492,402,554
12-Sep-26,15:30,21865,1405,615,378,619,824,941,674,1201,1048,1171,1117,857,712,1856,1622,1631,0,0,0,207,218,187,492,402,559
12-Sep-26,15:45,21571,1290,615,378,631,824,941,662,1201,1057,1160,1117,857,712,1856,1621,1634,0,0,0,207,218,187,492,402,565
12-Sep-26,16:00,21830,1105,615,378,643,824,941,734,1201,1065,1202,1117,857,712,1856,1620,1638,0,0,0,207,218,187,492,402,573
12-Sep-26,16:15,21408,1021,615,378,628,824,941,726,1201,1073,1181,1117,857,712,1856,1618,1641,0,0,0,207,218,187,492,402,568
12-Sep-26,16:30,21517,868,615,378,631,824,941,774,1201,1081,1187,1117,857,712,1856,1617,1644,0,0,0,207,218,187,492,402,561
12-Sep-26,16:45,20961,698,615,378,629,824,941,867,1201,1089,1201,1117,857,712,1856,1616,1646,0,0,0,207,218,187,492,402,562
12-Sep-26,17:00,20964,571,615,378,635,824,941,956,1201,1098,1213,1117,857,712,1856,1615,1649,0,0,0,207,218,187,492,402,564
12-Sep-26,17:15,20916,409,615,378,646,824,941,979,1201,1106,1198,1117,857,712,1856,1614,1649,0,0,0,207,218,187,492,402,565
12-Sep-26,17:30,20619,246,615,378,640,824,941,1009,1201,1114,1231,1117,857,712,1856,1612,1658,0,0,0,207,218,187,492,402,566
12-Sep-26,17:45,20889,125,615,378,636,824,941,1007,1201,1122,1268,1117,857,712,1856,1611,1650,0,0,0,207,218,187,492,402,569
12-Sep-26,18:00,20808,54,615,378,644,824,941,986,1201,1259,1444,1117,857,712,1856,1610,1643,0,0,0,207,218,187,492,401,570
12-Sep-26,18:15,21316,12,615,378,651,824,941,977,1200,1256,1481,1117,857,712,1856,1609,1665,0,0,0,207,218,187,492,401,571
12-Sep-26,18:30,21534,-1,615,378,642,824,941,991,1200,1253,1532,1117,857,712,1856,1608,1657,0,0,0,207,218,187,492,401,565
12-Sep-26,18:45,22269,-1,615,378,645,824,941,1010,1200,1250,1546,1117,857,712,1856,1606,1657,0,0,0,207,218,187,492,401,569
12-Sep-26,19:00,22322,0,615,378,636,824,941,994,1200,1247,1526,1117,857,712,1856,1605,1646,0,0,0,207,218,187,492,401,564
12-Sep-26,19:15,23998,0,615,378,632,824,941,994,1200,1244,1506,1117,857,712,1856,1604,1650,0,0,0,207,218,187,492,401,569
12-Sep-26,19:30,24284,0,615,378,634,824,941,984,1200,1241,1500,1117,857,712,1856,1603,1653,0,0,0,207,218,187,492,401,567
12-Sep-26,19:45,24649,0,615,378,627,824,941,981,1200,1238,1505,1117,857,712,1856,1602,1648,0,0,0,207,218,187,492,401,563
12-Sep-26,20:00,24584,0,615,378,628,824,941,971,1200,1234,1429,1117,857,712,1856,1600,1642,0,0,0,207,218,187,492,401,561
12-Sep-26,20:15,24745,0,615,378,625,824,941,974,1200,1231,1438,1117,856,712,1856,1599,1623,0,0,0,207,218,186,492,401,556
12-Sep-26,20:30,24671,0,615,378,625,824,941,974,1200,1228,1459,1117,856,712,1856,1598,1619,0,0,0,207,218,186,492,401,554
12-Sep-26,20:45,25378,0,615,378,634,824,941,978,1200,1225,1476,1117,856,712,1856,1596,1630,0,0,0,207,218,186,492,401,556
12-Sep-26,21:00,25140,0,615,378,636,824,941,1012,1200,1222,1499,1117,856,712,1856,1595,1650,0,0,0,207,218,186,492,401,557
12-Sep-26,21:15,25150,0,615,378,630,824,941,985,1200,1219,1504,1117,856,712,1856,1594,1644,0,0,0,207,218,186,492,401,560
12-Sep-26,21:30,25740,0,615,378,633,824,941,985,1200,1216,1486,1117,856,712,1856,1593,1636,0,0,0,207,218,186,492,401,564
12-Sep-26,21:45,25044,0,615,378,628,824,941,980,1200,1213,1464,1117,856,712,1856,1592,1627,0,0,0,207,218,186,492,401,563
12-Sep-26,22:00,24970,0,615,378,623,824,941,986,1200,1210,1482,1117,856,712,1856,1590,1618,0,0,0,207,218,186,492,401,523
12-Sep-26,22:15,24818,0,615,378,624,824,941,965,1200,1207,1428,1117,856,712,1856,1589,1616,0,0,0,207,218,186,492,401,535
12-Sep-26,22:30,25392,0,615,378,627,824,941,981,1200,1204,1496,1117,856,712,1856,1588,1613,0,0,0,207,218,186,492,401,555
12-Sep-26,22:45,25473,0,615,378,630,824,941,985,1200,1201,1489,1117,856,712,1856,1587,1612,0,0,0,207,218,186,492,401,560
12-Sep-26,23:00,25186,0,615,378,628,824,941,979,1200,1198,1458,1117,856,712,1856,1586,1611,0,0,0,207,218,186,492,401,567
12-Sep-26,23:15,25231,0,615,378,625,824,941,899,1200,1195,1465,1117,856,712,1856,1584,1642,0,0,0,207,218,186,492,401,564
12-Sep-26,23:30,25919,0,615,378,625,824,941,808,1200,1191,1490,1117,856,712,1856,1583,1627,0,0,0,207,218,186,492,401,561
12-Sep-26,23:45,24628,0,615,378,626,824,941,732,1200,1188,1453,1117,856,712,1856,1582,1604,0,0,0,207,218,186,492,401,557
13-Sep-26,00:15,24190,0,615,378,639,824,941,660,1200,1184,1480,1117,856,712,1856,1580,1604,0,0,0,207,218,186,492,401,563
13-Sep-26,00:30,25529,0,615,378,636,824,941,679,1200,1181,1482,1117,856,712,1856,1579,1666,0,0,0,207,218,186,492,401,560
13-Sep-26,00:45,25359,0,615,378,638,824,941,676,1200,1178,1499,1117,856,712,1856,1578,1681,0,0,0,207,218,186,492,401,569
13-Sep-26,01:00,25022,0,615,378,634,824,941,678,1200,1175,1493,1117,856,712,1856,1577,1681,0,0,0,207,218,186,492,401,571
13-Sep-26,01:15,24816,0,615,378,620,824,941,676,1200,1172,1487,1117,856,712,1856,1576,1689,0,0,0,207,218,186,492,401,567
13-Sep-26,01:30,24759,0,615,378,637,824,942,679,1200,1169,1489,1117,856,712,1856,1574,1673,0,0,0,207,218,186,492,401,559
13-Sep-26,01:45,24779,0,615,378,640,824,942,669,1200,1166,1485,1117,856,712,1856,1573,1689,0,0,0,207,218,186,492,401,564
13-Sep-26,02:00,24577,0,615,378,633,824,942,680,1200,1163,1497,1117,856,712,1856,1572,1704,0,0,0,207,218,185,492,401,556
13-Sep-26,02:15,23783,0,615,378,638,824,942,673,1200,1160,1521,1117,856,712,1856,1571,1788,0,0,0,207,218,185,492,401,566
13-Sep-26,02:30,23636,0,615,378,638,824,942,677,1200,1157,1492,1117,856,712,1856,1570,1804,0,0,0,207,218,185,492,401,569
13-Sep-26,02:45,23820,0,615,378,635,824,942,675,1200,1154,1491,1117,856,712,1856,1568,1820,0,0,0,207,218,185,492,401,570
13-Sep-26,03:00,23605,0,615,378,635,824,942,673,1200,1151,1501,1117,856,712,1856,1567,1837,0,0,0,207,218,185,492,401,561
13-Sep-26,03:15,23038,0,615,378,634,824,942,671,1200,1148,1490,1117,856,712,1856,1566,1854,0,0,0,207,218,185,492,401,551
13-Sep-26,03:30,23076,0,615,378,632,824,942,667,1200,1144,1496,1117,856,712,1856,1565,1859,0,0,0,207,218,185,492,401,563
13-Sep-26,03:45,22739,0,615,378,630,824,942,669,1200,1141,1469,1117,856,712,1856,1564,1864,0,0,0,207,218,185,492,401,568
13-Sep-26,04:00,22573,0,615,378,629,824,942,666,1200,1138,1461,1117,856,712,1856,1562,1863,0,0,0,207,218,185,492,401,570
13-Sep-26,04:15,23350,0,615,378,636,824,942,673,1200,1135,1467,1117,856,712,1856,1561,1854,0,0,0,207,218,185,492,401,572
13-Sep-26,04:30,22768,0,615,378,631,824,942,674,1200,1132,1462,1117,856,712,1856,1560,1846,0,0,0,207,218,185,492,401,569
13-Sep-26,04:45,22509,0,615,378,636,824,942,675,1200,1129,1460,1117,856,712,1856,1559,1838,0,0,0,207,218,185,492,401,565
13-Sep-26,05:00,22456,0,615,378,630,823,942,666,1200,1126,1370,1117,856,712,1856,1558,1848,0,0,0,207,218,185,492,401,563
13-Sep-26,06:00,20704,6,615,378,623,823,942,679,1200,1114,1117,1117,856,712,1856,1556,1846,0,0,0,207,218,185,492,401,566
13-Sep-26,06:15,20466,36,615,378,636,823,942,669,1200,1102,1123,1117,856,712,1856,1554,1852,0,0,0,207,218,185,492,401,557
13-Sep-26,06:30,20472,87,615,378,635,823,942,681,1200,1091,1173,1117,856,712,1856,1553,1857,0,0,0,207,218,185,492,401,560
13-Sep-26,06:45,20451,178,615,378,637,823,942,674,1200,1079,1155,1117,856,712,1856,1552,1866,0,0,0,207,218,185,492,401,569
13-Sep-26,07:00,20580,284,615,378,635,823,942,665,1200,1068,1139,1117,856,712,1856,1551,1812,0,0,0,207,218,184,492,401,573
13-Sep-26,07:15,21026,401,615,378,636,823,942,667,1200,1056,1137,1117,856,712,1856,1550,1788,0,0,0,207,218,184,492,401,576
13-Sep-26,07:30,21101,549,615,378,629,823,942,668,1200,1045,1114,1117,856,712,1856,1548,1796,0,0,0,207,218,184,492,401,562
13-Sep-26,07:45,21167,698,615,378,615,823,942,661,1200,1033,1083,1117,856,712,1856,1547,1865,0,0,0,207,218,184,492,401,543
13-Sep-26,08:00,21177,881,615,378,602,823,942,657,1200,1022,1067,1117,856,712,1856,1546,1811,0,0,0,207,218,184,492,401,551
13-Sep-26,08:15,21344,1041,615,378,598,823,942,646,1200,1010,1080,1117,856,712,1856,1542,1813,0,0,0,207,218,184,492,401,546
13-Sep-26,08:30,21430,1145,615,378,597,823,942,667,1200,999,1086,1117,856,712,1856,1529,1795,0,0,0,207,218,184,492,401,543
13-Sep-26,08:45,21478,1323,615,378,598,823,942,669,1200,1006,1072,1117,856,712,1856,1470,1486,0,0,0,207,218,184,492,401,451
13-Sep-26,09:00,21545,1440,615,378,595,823,942,673,1200,1012,1102,1117,856,712,1856,1484,1440,0,0,0,207,218,184,492,401,405
13-Sep-26,09:15,22080,1613,615,378,582,823,942,663,1200,1019,1095,1117,856,712,1856,1696,1548,0,0,0,207,218,184,492,401,391
13-Sep-26,09:30,22306,1736,615,378,572,823,942,668,1200,1026,1078,1117,856,712,1856,1816,1756,0,0,0,207,218,184,492,401,389
13-Sep-26,09:45,22565,1796,615,378,554,823,942,657,1200,1032,1088,1117,856,712,1856,1745,1856,0,0,0,207,218,184,492,401,455
13-Sep-26,10:00,22637,1838,615,378,570,823,942,658,1200,1039,1111,1117,856,712,1856,1673,1843,0,0,0,206,218,184,492,401,478
13-Sep-26,10:15,22953,1838,615,378,572,823,942,679,1200,1046,1133,1117,856,712,1856,1602,1849,0,0,0,206,218,184,492,401,485
13-Sep-26,10:30,22946,1901,615,378,577,823,942,679,1200,1052,1172,1117,856,712,1856,1509,1593,0,0,0,206,218,184,492,401,438
13-Sep-26,10:45,22939,1839,615,378,570,823,942,697,1200,1059,1211,1117,856,712,1856,1545,1508,0,0,0,206,218,183,492,401,320
13-Sep-26,11:00,22967,1845,615,378,582,823,942,691,1200,1066,1207,1117,856,712,1856,1580,1469,0,0,0,206,218,183,492,401,316
13-Sep-26,11:15,22901,1888,615,378,585,823,942,679,1199,1072,1113,1117,856,712,1856,1616,1639,0,0,0,206,218,183,492,401,313
13-Sep-26,11:30,22929,1895,615,378,585,823,943,679,1199,1079,1098,1117,856,713,1856,1665,1647,0,0,0,206,218,183,492,401,312
13-Sep-26,11:45,23113,1722,615,378,560,823,943,676,1199,1086,1103,1117,856,713,1856,1713,1671,0,0,0,206,218,183,492,401,310
13-Sep-26,12:00,23193,1803,615,378,557,823,943,687,1199,1093,1091,1117,856,713,1856,1762,1717,0,0,0,206,218,183,492,401,309
13-Sep-26,12:15,22989,1817,615,378,564,823,943,694,1199,1099,1112,1117,856,713,1856,1790,1817,0,0,0,206,218,183,492,401,311
13-Sep-26,12:30,22974,1693,615,378,567,823,943,678,1199,1106,1118,1117,856,713,1856,1818,1825,0,0,0,206,218,183,492,401,314
13-Sep-26,12:45,23227,1815,615,378,558,823,943,671,1199,1113,1121,1117,856,713,1856,1847,1856,0,0,0,206,218,183,492,401,319
13-Sep-26,13:00,23334,1769,615,378,558,823,943,674,1199,1119,1100,1117,856,713,1856,1835,1867,0,0,0,206,218,183,492,401,372
13-Sep-26,13:15,23110,1679,615,378,548,823,943,663,1199,1126,1093,1117,856,713,1856,1823,1833,0,0,0,206,218,182,492,401,486
13-Sep-26,13:30,23026,1843,615,378,545,823,943,662,1199,1133,1096,1117,856,713,1856,1811,1864,0,0,0,206,218,182,492,401,539
13-Sep-26,13:45,23454,1793,615,378,575,823,943,662,1199,1139,1083,1117,856,713,1856,1799,1871,0,0,0,206,218,182,492,401,555
13-Sep-26,14:00,23380,1671,615,378,596,823,943,676,1199,1146,1069,1117,856,713,1856,1788,1863,0,0,0,206,218,182,492,401,557
13-Sep-26,14:30,23268,1565,615,378,625,823,943,670,1199,1153,1123,1117,856,713,1856,1776,1864,0,0,0,206,218,182,492,401,559
13-Sep-26,14:45,23311,1296,615,378,608,823,943,685,1199,1159,1158,1117,856,713,1856,1764,1868,0,0,0,206,218,182,492,401,561
13-Sep-26,15:00,23179,1365,615,378,609,823,943,663,1199,1166,1199,1117,856,713,1856,1752,1859,0,0,0,206,218,182,492,401,560
13-Sep-26,15:15,22299,1252,615,378,616,823,943,667,1199,1173,1136,1117,856,713,1856,1740,1809,0,0,0,206,218,182,492,401,478
13-Sep-26,15:30,22134,1165,615,378,633,823,943,676,1199,1179,1195,1117,856,713,1856,1528,1679,0,0,0,206,218,181,492,401,403
13-Sep-26,15:45,21994,1076,615,378,634,823,943,677,1199,1186,1211,1117,856,713,1856,1590,1501,0,0,0,206,218,181,492,401,323
13-Sep-26,16:00,22056,904,615,378,629,823,943,665,1199,1193,1140,1117,856,713,1856,1653,1485,0,0,0,206,218,181,492,401,312
13-Sep-26,16:15,21313,806,615,378,621,823,943,667,1199,1199,1119,1117,856,713,1856,1715,1493,0,0,0,206,218,181,492,401,348
13-Sep-26,16:30,21083,685,615,378,627,823,943,650,1199,1206,1109,1117,856,713,1856,1821,1732,0,0,0,206,218,181,492,401,378
13-Sep-26,16:45,21238,593,615,378,622,823,943,663,1199,1213,1137,1117,856,713,1856,1748,1855,0,0,0,206,218,181,492,401,477
13-Sep-26,17:00,21012,506,615,378,624,823,943,674,1199,1350,1284,1117,856,713,1856,1675,1824,0,0,0,206,218,181,492,401,519
13-Sep-26,17:15,20982,354,615,378,621,823,943,779,1199,1178,1232,1117,856,713,1856,1602,1793,0,0,0,206,218,180,492,401,528
13-Sep-26,17:30,21047,254,615,378,627,823,943,708,1199,1243,1246,1117,856,713,1856,1678,1554,0,0,0,206,218,180,492,401,519
13-Sep-26,17:45,21412,169,615,378,626,823,943,726,1199,1308,1280,1117,856,713,1856,1754,1577,0,0,0,206,218,180,492,401,506
13-Sep-26,18:00,21951,0,615,378,643,823,943,787,1199,1373,1355,1117,856,713,1856,1831,1762,0,0,0,206,218,180,492,401,493
13-Sep-26,18:15,23257,0,615,378,633,823,943,938,1199,1369,1436,1117,856,713,1856,1828,1847,0,0,0,206,218,180,492,401,512
13-Sep-26,18:30,24304,0,615,378,644,823,943,1058,1199,1366,1514,1117,856,713,1856,1825,1870,0,0,0,206,218,180,492,401,546
13-Sep-26,18:45,24946,0,615,378,646,823,943,1112,1199,1362,1554,1117,856,713,1856,1822,1886,0,0,0,206,218,180,492,401,563
13-Sep-26,19:00,25016,0,615,378,632,823,943,1121,1199,1359,1599,1117,856,713,1856,1819,1878,0,0,0,206,218,180,492,401,567
13-Sep-26,19:15,25641,0,615,378,630,823,943,1119,1199,1355,1570,1117,856,713,1856,1816,1884,0,0,0,206,218,179,492,401,568
13-Sep-26,19:30,25895,0,615,378,646,823,943,1122,1199,1351,1596,1117,856,713,1856,1813,1882,0,0,0,206,218,179,492,400,571
13-Sep-26,19:45,25959,0,615,378,635,823,944,1133,1199,1348,1595,1117,856,713,1856,1810,1881,0,0,0,206,218,179,492,400,560
13-Sep-26,20:00,26022,0,615,378,630,823,944,1134,1199,1344,1631,1117,856,713,1856,1807,1880,0,0,0,206,218,179,492,400,566
13-Sep-26,20:15,25808,0,615,378,626,823,944,1123,1199,1341,1603,1117,856,713,1856,1804,1878,0,0,0,206,218,179,492,400,566
13-Sep-26,20:30,25565,0,615,378,634,823,944,1133,1199,1337,1607,1117,856,713,1856,1801,1877,0,0,0,206,218,179,492,400,570
13-Sep-26,20:45,25235,0,615,378,633,823,944,1131,1199,1334,1588,1117,856,713,1856,1798,1876,0,0,0,206,218,179,492,400,571
13-Sep-26,21:00,25650,0,615,378,641,823,944,1132,1199,1330,1604,1117,856,713,1856,1795,1874,0,0,0,206,218,178,492,400,567
13-Sep-26,21:15,25477,0,615,378,647,823,944,1133,1199,1326,1592,1117,856,713,1856,1792,1873,0,0,0,206,218,178,492,400,569
13-Sep-26,21:30,25692,0,615,378,634,823,944,1128,1199,1323,1564,1117,856,713,1856,1789,1872,0,0,0,206,218,178,492,400,566
13-Sep-26,21:45,25742,0,615,378,635,823,944,1134,1199,1319,1593,1117,856,713,1856,1786,1871,0,0,0,206,218,178,492,400,560
13-Sep-26,22:00,25627,0,615,378,634,823,944,1130,1199,1316,1602,1117,856,713,1856,1783,1870,0,0,0,206,218,178,492,400,567
13-Sep-26,22:15,25492,0,615,378,645,823,944,1134,1199,1312,1592,1117,856,713,1856,1780,1868,0,0,0,206,218,178,492,400,569
13-Sep-26,22:30,24765,0,615,378,637,823,944,1141,1199,1308,1609,1117,856,713,1856,1777,1867,0,0,0,206,218,178,492,400,568
13-Sep-26,22:45,25198,0,615,378,648,823,944,1126,1199,1305,1613,1117,856,713,1856,1774,1866,0,0,0,206,218,178,492,400,567
13-Sep-26,23:00,25294,0,615,378,645,823,944,1126,1199,1301,1587,1117,856,713,1856,1771,1865,0,0,0,206,218,177,492,400,568
13-Sep-26,23:15,25103,0,615,378,648,823,944,1124,1199,1298,1601,1117,856,713,1856,1768,1864,0,0,0,206,218,177,492,400,570
13-Sep-26,23:30,25415,0,615,378,649,823,944,1131,1199,1294,1596,1117,856,713,1856,1765,1862,0,0,0,206,218,177,492,400,572
13-Sep-26,23:45,25368,0,615,378,649,823,944,1130,1198,1290,1590,1117,856,713,1856,1762,1861,0,0,0,206,218,177,492,400,572
14-Sep-26,00:15,24826,0,615,378,646,823,944,1127,1198,1284,1586,1117,856,713,1856,1757,1859,0,0,0,206,218,177,492,400,563
14-Sep-26,00:30,24340,0,615,378,641,823,944,1129,1198,1281,1601,1117,856,713,1856,1754,1847,0,0,0,206,218,177,492,400,568
14-Sep-26,00:45,24238,0,615,378,647,823,944,1135,1198,1277,1617,1117,856,713,1856,1751,1848,0,0,0,206,218,177,492,400,564
14-Sep-26,01:00,24695,0,615,378,636,823,944,1130,1198,1274,1616,1117,856,713,1856,1748,1865,0,0,0,206,218,176,492,400,551
14-Sep-26,01:15,24459,0,615,378,636,823,944,1146,1198,1270,1600,1117,856,713,1856,1745,1870,0,0,0,206,218,176,492,400,563
14-Sep-26,01:30,24662,0,615,378,630,823,944,1159,1198,1266,1602,1117,856,713,1856,1742,1868,0,0,0,206,218,176,492,400,562
14-Sep-26,01:45,25080,0,615,378,635,823,944,1130,1198,1263,1609,1117,856,713,1856,1739,1865,0,0,0,206,218,176,492,400,561
14-Sep-26,02:00,24728,0,615,378,627,823,944,1118,1198,1259,1582,1117,856,713,1856,1736,1863,0,0,0,206,218,176,492,400,558
14-Sep-26,02:15,24579,0,615,378,633,823,944,1097,1198,1256,1603,1117,856,713,1856,1733,1861,0,0,0,206,218,176,492,400,551
14-Sep-26,02:30,24305,0,615,378,622,823,944,1119,1198,1252,1549,1117,855,713,1856,1730,1858,0,0,0,206,218,176,492,400,559
14-Sep-26,02:45,24061,0,615,378,618,823,944,1136,1198,1249,1551,1117,855,713,1856,1727,1857,0,0,0,206,218,176,492,400,566
14-Sep-26,03:00,23926,0,615,378,617,823,944,1115,1198,1245,1540,1117,855,713,1856,1724,1856,0,0,0,206,218,175,492,400,560
14-Sep-26,03:15,23913,0,615,378,623,822,945,1085,1198,1241,1573,1117,855,713,1856,1721,1858,0,0,0,206,218,175,492,400,563
14-Sep-26,03:30,24079,0,615,378,628,822,945,1116,1198,1238,1587,1117,855,713,1856,1718,1860,0,0,0,206,218,175,492,400,567
14-Sep-26,03:45,24111,0,615,378,626,822,945,1125,1198,1234,1586,1117,855,713,1856,1715,1858,0,0,0,206,218,175,492,400,560
14-Sep-26,04:00,24013,0,615,378,622,822,945,1109,1198,1231,1560,1117,855,713,1856,1712,1860,0,0,0,206,218,175,492,400,565
14-Sep-26,04:15,23928,0,615,378,617,822,945,1104,1198,1227,1567,1117,855,713,1856,1709,1856,0,0,0,206,218,175,492,400,566
14-Sep-26,04:30,24116,0,615,378,611,822,945,1127,1198,1223,1563,1117,855,713,1856,1706,1852,0,0,0,206,218,175,492,400,550
14-Sep-26,04:45,24424,0,615,378,620,822,945,1112,1198,1220,1549,1117,855,713,1856,1702,1852,0,0,0,206,218,174,492,400,558
14-Sep-26,05:00,24409,0,615,378,617,822,945,1120,1198,1216,1586,1117,855,713,1856,1699,1858,0,0,0,206,218,174,492,400,562
14-Sep-26,05:15,23867,0,615,378,640,822,945,1120,1198,1046,1465,1117,855,713,1856,1696,1857,0,0,0,206,218,174,492,400,562
14-Sep-26,05:30,23210,0,615,378,641,822,945,1129,1198,1042,1249,1117,855,713,1856,1693,1852,0,0,0,206,218,174,492,400,569
14-Sep-26,05:45,22422,0,615,378,642,822,945,1146,1198,1038,1206,1117,855,713,1856,1690,1853,0,0,0,206,218,174,492,400,565
14-Sep-26,06:00,21954,3,615,378,644,822,945,1116,1198,1035,1173,1117,855,713,1856,1687,1861,0,0,0,206,218,174,492,400,562
14-Sep-26,06:15,21042,25,615,378,645,822,945,1019,1198,1031,1129,1117,855,713,1856,1684,1871,0,0,0,206,218,174,492,400,564
14-Sep-26,06:30,21294,67,615,378,648,822,945,917,1198,1027,1180,1117,855,713,1856,1681,1833,0,0,0,206,218,174,492,400,568
14-Sep-26,06:45,20728,141,615,378,637,822,945,850,1198,1023,1175,1117,855,713,1856,1678,1832,0,0,0,206,218,173,492,400,571
14-Sep-26,07:00,20876,212,615,378,637,822,945,720,1198,1019,1158,1117,855,713,1856,1675,1833,0,0,0,206,218,173,492,400,569
14-Sep-26,07:15,20920,304,615,378,640,822,945,656,1198,1015,1169,1117,855,713,1856,1672,1802,0,0,0,206,218,173,492,400,571
14-Sep-26,07:30,20833,387,615,378,641,822,945,681,1198,1012,1168,1117,855,713,1856,1669,1833,0,0,0,206,218,173,492,400,570
14-Sep-26,07:45,20858,482,615,378,638,822,945,668,1198,1008,1157,1117,855,713,1856,1666,1837,0,0,0,206,218,173,492,400,568
14-Sep-26,08:00,20844,573,615,378,613,822,945,664,1198,1004,1096,1117,855,713,1856,1663,1841,0,0,0,206,218,173,492,400,551
14-Sep-26,08:15,21126,690,615,378,629,822,945,660,1198,1000,1141,1117,855,713,1856,1660,1843,0,0,0,206,218,173,492,400,544
14-Sep-26,08:30,21469,813,615,378,627,822,945,662,1198,996,1120,1117,855,713,1856,1657,1838,0,0,0,206,218,172,492,400,557
14-Sep-26,08:45,21666,934,615,378,627,822,945,667,1198,995,1147,1117,855,713,1856,1654,1842,0,0,0,206,218,172,492,400,559
14-Sep-26,09:00,21889,968,615,378,603,822,945,664,1198,993,1081,1118,855,713,1856,1651,1842,0,0,0,206,218,172,492,400,560
14-Sep-26,09:15,22767,1050,615,378,611,822,946,660,1198,992,1111,1118,855,714,1856,1648,1840,0,0,0,206,218,172,492,400,561
14-Sep-26,09:30,23041,1146,615,378,614,822,946,670,1198,992,1148,1118,855,714,1856,1645,1842,0,0,0,206,218,172,492,400,562
14-Sep-26,09:45,23218,1270,615,378,632,822,946,676,1197,994,1175,1118,855,714,1856,1642,1845,0,0,0,205,218,172,492,400,569
14-Sep-26,10:00,23159,1365,615,378,633,822,946,684,1197,990,1179,1118,855,714,1856,1639,1852,0,0,0,205,218,172,492,400,567
14-Sep-26,10:15,23818,1544,615,378,636,822,946,688,1197,985,1174,1118,855,714,1856,1636,1859,0,0,0,205,218,172,492,400,563
14-Sep-26,10:30,24094,1410,615,378,634,822,946,687,1197,981,1166,1118,855,714,1856,1633,1857,0,0,0,205,218,171,492,400,561
14-Sep-26,10:45,24204,1499,615,378,607,822,946,679,1197,977,1164,1118,855,714,1856,1630,1856,0,0,0,205,218,171,492,400,560
14-Sep-26,11:00,24223,1635,615,378,602,822,946,665,1197,972,1158,1118,855,714,1856,1627,1855,0,0,0,205,218,171,492,400,561
14-Sep-26,11:15,24084,1740,615,378,596,822,946,666,1197,968,1105,1118,855,714,1856,1624,1854,0,0,0,205,218,171,492,400,564
14-Sep-26,11:30,24199,1779,615,378,596,822,946,682,1197,964,1125,1118,855,714,1856,1621,1853,0,0,0,205,218,171,492,400,563
14-Sep-26,11:45,24200,1716,615,378,606,822,946,687,1197,959,1162,1118,855,714,1856,1618,1853,0,0,0,205,218,171,492,400,565
14-Sep-26,12:00,24406,1763,615,378,601,822,946,674,1197,955,1162,1118,855,714,1856,1615,1863,0,0,0,205,218,171,492,400,561
14-Sep-26,12:15,24174,1842,615,377,568,822,946,663,1197,951,1073,1118,855,714,1856,1612,1869,0,0,0,205,218,170,492,400,556
14-Sep-26,12:30,23965,1739,615,377,565,822,946,671,1197,946,1102,1118,855,714,1856,1609,1845,0,0,0,205,218,170,492,400,557
14-Sep-26,12:45,24106,1703,615,377,571,822,946,682,1197,953,1106,1118,855,714,1856,1606,1869,0,0,0,205,218,170,492,400,560
14-Sep-26,13:00,24251,1725,615,377,571,822,946,676,1197,961,1094,1118,855,714,1856,1603,1791,0,0,0,205,218,170,492,400,562
14-Sep-26,13:15,23819,1791,615,377,578,822,946,678,1197,968,1105,1118,855,714,1856,1600,1845,0,0,0,205,218,170,492,400,565
14-Sep-26,13:30,23703,1710,615,377,576,822,946,678,1197,975,1081,1118,855,714,1856,1597,1865,0,0,0,205,218,170,492,400,562
14-Sep-26,13:45,23941,1709,615,377,563,822,946,675,1197,983,1074,1118,855,714,1856,1594,1866,0,0,0,205,218,170,492,400,493
14-Sep-26,14:00,24330,1653,615,377,592,822,946,681,1197,990,1098,1118,855,714,1856,1591,1864,0,0,0,205,218,170,492,400,475
14-Sep-26,14:15,24173,1708,615,377,621,822,946,674,1197,997,1104,1118,855,714,1856,1588,1859,0,0,0,205,218,169,492,400,527
14-Sep-26,14:30,24246,1677,615,377,615,822,947,674,1197,1004,1072,1118,855,714,1856,1585,1854,0,0,0,205,218,169,492,399,542
14-Sep-26,14:45,24436,1604,615,377,616,822,947,673,1197,1012,1122,1118,855,714,1856,1582,1850,0,0,0,205,218,169,492,399,562
14-Sep-26,15:00,24206,1575,615,377,618,822,947,677,1197,1019,1127,1118,855,714,1856,1579,1845,0,0,0,205,218,169,492,399,563
14-Sep-26,15:15,23515,1595,615,377,622,822,947,674,1197,1026,1068,1118,855,714,1856,1698,1573,0,0,0,205,218,169,492,399,486
14-Sep-26,15:30,23386,1630,615,377,636,822,947,678,1197,1034,1078,1118,855,714,1856,1816,1581,0,0,0,205,218,169,492,399,487
14-Sep-26,15:45,23208,1616,615,377,635,822,947,679,1197,1041,1077,1118,855,714,1856,1714,1796,0,0,0,205,218,169,492,399,481
14-Sep-26,16:00,23194,1597,615,377,634,822,947,677,1197,1048,1074,1118,855,714,1856,1612,1858,0,0,0,205,218,168,492,399,487
14-Sep-26,16:15,22778,1587,615,377,631,822,947,681,1197,1056,1057,1118,855,714,1856,1683,1472,0,0,0,205,218,168,492,399,397
14-Sep-26,16:30,23030,1577,615,377,630,822,947,670,1196,1063,1085,1118,855,714,1856,1754,1619,0,0,0,205,218,168,492,399,411
14-Sep-26,16:45,23186,979,615,377,628,822,947,687,1196,1070,1099,1118,855,714,1856,1830,1672,0,0,0,205,218,168,492,399,425
14-Sep-26,17:00,23286,979,615,377,627,822,947,732,1196,1078,1152,1118,855,714,1856,1828,1691,0,0,0,205,218,168,492,399,439
14-Sep-26,17:15,23386,979,615,377,626,822,947,778,1196,1181,1206,1118,855,714,1856,1826,1711,0,0,0,205,218,168,492,399,453
14-Sep-26,17:30,23486,979,615,377,625,822,947,823,1196,1308,1260,1118,855,714,1856,1825,1731,0,0,0,205,218,168,492,399,467
14-Sep-26,17:45,23586,979,615,377,624,822,947,868,1196,1407,1313,1118,855,714,1856,1823,1751,0,0,0,205,218,168,492,399,481
14-Sep-26,18:00,23686,0,615,377,622,822,947,914,1196,1466,1367,1118,855,714,1856,1821,1771,0,0,0,205,218,167,492,399,495
14-Sep-26,18:15,23786,0,615,377,621,822,947,959,1196,1463,1420,1118,855,714,1856,1819,1791,0,0,0,205,218,167,492,399,509
14-Sep-26,18:30,23886,0,615,377,620,822,948,1004,1196,1459,1474,1118,855,714,1856,1817,1811,0,0,0,205,218,167,492,399,523
14-Sep-26,18:45,23987,0,615,377,620,822,948,1050,1196,1456,1528,1118,855,714,1856,1816,1831,0,0,0,205,218,167,492,399,537
14-Sep-26,19:00,24087,0,615,377,621,822,948,1095,1196,1453,1581,1118,855,714,1856,1814,1850,0,0,0,205,218,167,492,399,551
14-Sep-26,19:15,25263,0,615,377,629,822,948,1108,1196,1449,1596,1118,855,714,1856,1812,1855,0,0,0,205,218,167,492,399,555
14-Sep-26,19:30,25652,0,615,377,624,822,948,1113,1196,1446,1625,1118,855,714,1856,1810,1849,0,0,0,205,218,167,492,399,560
14-Sep-26,19:45,25671,0,615,377,626,822,948,1111,1196,1443,1628,1118,855,714,1856,1809,1842,0,0,0,205,218,166,492,399,564
14-Sep-26,20:00,25797,0,615,377,629,822,948,1113,1196,1440,1620,1118,855,714,1856,1807,1834,0,0,0,205,218,166,492,399,563
14-Sep-26,20:15,25798,0,615,377,628,822,948,1114,1196,1436,1636,1118,855,714,1856,1805,1826,0,0,0,205,218,166,492,399,555
14-Sep-26,20:30,26311,0,615,377,630,822,948,1127,1196,1433,1657,1118,855,714,1856,1803,1851,0,0,0,205,218,166,492,399,559
14-Sep-26,20:45,26328,0,615,377,633,822,948,1116,1196,1430,1666,1118,855,714,1856,1801,1863,0,0,0,205,218,166,492,399,567
14-Sep-26,21:00,26114,0,615,377,635,822,948,1150,1196,1426,1684,1118,855,714,1856,1800,1868,0,0,0,205,218,166,492,399,572
14-Sep-26,21:15,25987,0,615,377,630,822,948,1128,1196,1423,1680,1118,855,714,1856,1798,1869,0,0,0,205,218,166,492,399,575
14-Sep-26,21:30,26400,0,615,377,635,822,948,1135,1195,1420,1678,1118,855,714,1856,1796,1871,0,0,0,205,218,166,492,399,574
14-Sep-26,21:45,26587,0,615,377,636,822,948,1134,1195,1416,1680,1118,855,714,1856,1794,1872,0,0,0,205,218,165,492,399,565
14-Sep-26,22:00,27319,0,615,377,640,822,948,1133,1195,1413,1669,1118,855,714,1856,1792,1874,0,0,0,205,218,165,492,399,571
14-Sep-26,22:15,26563,0,615,377,643,822,949,1131,1195,1410,1665,1118,855,714,1856,1791,1876,0,0,0,205,218,165,492,399,574
14-Sep-26,22:30,25935,0,615,377,629,821,949,1147,1195,1406,1663,1118,855,714,1856,1789,1878,0,0,0,205,218,165,492,399,559
14-Sep-26,22:45,26217,0,615,377,624,821,949,1128,1195,1403,1673,1118,855,714,1856,1787,1881,0,0,0,205,218,165,492,399,566
14-Sep-26,23:00,25697,0,615,377,630,821,949,1099,1195,1400,1650,1118,855,714,1856,1785,1888,0,0,0,205,218,165,492,399,570
14-Sep-26,23:15,25604,0,615,377,630,821,949,1099,1195,1397,1663,1118,855,714,1856,1784,1890,0,0,0,205,218,165,492,399,569
14-Sep-26,23:30,25409,0,615,377,631,821,949,1129,1195,1393,1640,1118,855,714,1856,1782,1877,0,0,0,205,218,164,492,399,571
14-Sep-26,23:45,25216,0,615,377,632,821,949,1127,1195,1390,1634,1118,855,714,1856,1780,1874,0,0,0,205,218,164,492,399,563
15-Sep-26,00:00,25298,0,615,377,632,821,949,1113,1195,1387,1612,1118,855,714,1856,1778,1871,0,0,0,205,218,164,492,399,565
15-Sep-26,00:15,25224,0,615,377,631,821,949,1106,1195,1383,1587,1118,855,714,1856,1776,1869,0,0,0,205,218,164,492,399,568
15-Sep-26,00:30,25307,0,615,377,626,821,949,1127,1195,1380,1586,1118,855,714,1856,1775,1866,0,0,0,205,218,164,492,399,570
15-Sep-26,00:45,24357,0,615,377,640,821,950,1116,1194,1377,1600,1118,855,714,1856,1773,1863,0,0,0,205,218,164,492,399,570
15-Sep-26,01:00,24472,0,615,377,636,821,950,1133,1194,1373,1609,1118,855,714,1856,1771,1860,0,0,0,205,218,164,492,399,575
15-Sep-26,01:15,24326,0,615,377,633,821,950,1122,1194,1370,1598,1118,855,714,1856,1769,1863,0,0,0,205,218,164,492,399,570
15-Sep-26,01:30,24523,0,615,377,636,821,950,1111,1194,1367,1586,1118,855,714,1856,1767,1866,0,0,0,205,218,163,492,399,572
15-Sep-26,01:45,25023,0,615,377,649,821,950,1136,1194,1363,1593,1118,855,714,1856,1766,1865,0,0,0,205,218,163,492,399,571
15-Sep-26,02:00,24810,0,615,377,632,821,950,1133,1194,1360,1598,1118,855,714,1856,1764,1864,0,0,0,205,218,163,492,399,569
15-Sep-26,02:15,24647,0,615,377,635,821,950,1124,1194,1356,1576,1118,855,714,1856,1762,1862,0,0,0,205,218,163,492,399,564
15-Sep-26,02:30,24276,0,615,377,636,821,951,1144,1194,1351,1571,1118,855,714,1856,1760,1861,0,0,0,205,218,163,492,399,567
15-Sep-26,02:45,23994,0,615,377,636,821,951,1121,1194,1347,1562,1118,855,714,1856,1758,1862,0,0,0,205,218,163,492,399,571
15-Sep-26,03:00,23874,0,615,377,634,821,951,1126,1194,1342,1545,1118,855,714,1856,1757,1865,0,0,0,205,218,163,492,399,570
15-Sep-26,03:15,23322,0,615,377,634,821,951,1131,1193,1338,1528,1118,855,714,1856,1755,1869,0,0,0,205,218,162,492,399,568
15-Sep-26,03:30,22949,0,615,377,635,821,951,1126,1193,1333,1510,1118,855,714,1856,1753,1874,0,0,0,205,218,162,492,399,566
15-Sep-26,03:45,22740,0,615,377,632,821,952,1142,1193,1329,1470,1118,855,714,1856,1751,1872,0,0,0,205,218,162,492,399,561
15-Sep-26,04:00,22577,0,615,377,625,821,952,1116,1193,1324,1453,1118,854,714,1856,1750,1864,0,0,0,205,218,162,492,399,560
15-Sep-26,04:15,22774,0,615,377,621,821,952,1127,1192,1320,1488,1118,854,714,1856,1748,1864,0,0,0,205,218,162,492,399,551
15-Sep-26,04:30,22892,0,615,377,623,821,952,1123,1192,1315,1492,1118,854,714,1856,1746,1862,0,0,0,205,218,162,492,399,556
15-Sep-26,04:45,23266,0,615,377,626,821,952,1127,1192,1311,1500,1118,854,715,1856,1744,1859,0,0,0,205,218,161,492,399,569
15-Sep-26,05:00,23066,0,615,377,623,821,952,1108,1192,1306,1501,1118,854,715,1856,1742,1864,0,0,0,205,218,161,492,399,571
15-Sep-26,05:15,22767,0,615,377,625,821,953,1116,1191,1281,1480,1118,854,715,1856,1741,1863,0,0,0,205,218,161,492,398,571
15-Sep-26,05:30,22192,0,615,377,619,821,953,1118,1191,1257,1458,1118,854,715,1856,1739,1860,0,0,0,205,218,161,492,398,560
15-Sep-26,05:45,22369,0,615,377,614,821,953,1120,1190,1232,1484,1118,854,715,1856,1737,1856,0,0,0,205,218,161,492,398,552
15-Sep-26,06:00,22309,0,615,377,610,821,953,1112,1189,1207,1476,1118,854,715,1856,1735,1853,0,0,0,205,218,160,492,398,560
15-Sep-26,06:15,21665,29,615,377,614,821,953,981,1183,1183,1462,1118,854,715,1856,1733,1844,0,0,0,205,218,160,492,398,562
15-Sep-26,06:30,21680,68,615,377,629,821,954,943,1158,1158,1456,1118,854,715,1856,1732,1851,0,0,0,205,218,160,492,398,564
15-Sep-26,06:45,21558,113,615,377,627,821,954,851,1133,1133,1404,1118,854,715,1856,1730,1872,0,0,0,205,218,160,492,398,570
15-Sep-26,07:00,21380,146,615,377,626,821,954,703,992,992,1203,1118,854,715,1856,1728,1862,0,0,0,205,218,160,492,398,560
15-Sep-26,07:15,21044,213,615,377,620,821,954,701,995,995,1087,1118,854,715,1856,1726,1867,0,0,0,205,218,160,492,398,555
15-Sep-26,07:30,21159,307,615,377,622,821,954,731,997,997,1060,1118,854,715,1856,1724,1867,0,0,0,205,218,159,492,398,551
15-Sep-26,07:45,20620,434,615,377,618,821,954,723,1000,1000,1031,1118,854,715,1856,1723,1860,0,0,0,205,218,159,492,398,557
15-Sep-26,08:00,21062,665,615,377,589,821,955,723,1002,1002,1021,1118,854,715,1856,1721,1852,0,0,0,205,218,159,492,398,550
15-Sep-26,08:15,21622,731,615,377,589,821,955,720,1005,1005,1010,1118,854,715,1856,1719,1840,0,0,0,205,218,159,492,398,547
15-Sep-26,08:30,21820,832,615,377,578,821,955,714,1007,1007,1024,1118,854,715,1856,1717,1829,0,0,0,205,218,159,492,398,549
15-Sep-26,08:45,22218,955,615,377,603,821,955,725,1010,1010,1017,1118,854,715,1856,1716,1836,0,0,0,204,218,158,492,398,551
15-Sep-26,09:00,22783,1102,615,377,585,821,955,719,1012,1012,1024,1118,854,715,1856,1714,1840,0,0,0,204,218,158,492,398,554
15-Sep-26,09:15,23612,1138,615,377,607,821,956,726,1015,1015,1016,1118,854,715,1856,1712,1850,0,0,0,204,218,158,492,398,556
15-Sep-26,09:30,23827,1191,615,377,612,821,956,736,1018,1018,1052,1118,854,715,1856,1710,1855,0,0,0,204,218,158,492,398,559
15-Sep-26,09:45,24135,1221,615,377,617,821,956,741,1020,1020,1033,1118,854,715,1856,1708,1853,0,0,0,204,218,158,492,398,550
15-Sep-26,10:00,24285,1266,615,377,619,821,956,734,1023,1023,1073,1118,854,715,1856,1707,1851,0,0,0,204,218,158,492,398,539
15-Sep-26,10:15,24427,1367,615,377,619,821,956,737,1025,1025,1101,1118,854,715,1856,1741,1698,0,0,0,204,218,157,492,398,529
15-Sep-26,10:30,24390,1348,615,377,615,821,956,741,1028,1028,1079,1118,854,715,1856,1776,1730,0,0,0,204,218,157,492,398,527
15-Sep-26,10:45,24505,1481,615,377,621,821,957,735,1030,1030,1100,1118,854,715,1856,1810,1734,0,0,0,204,218,157,492,398,526
15-Sep-26,11:00,24634,1493,615,377,625,821,957,739,1033,1033,1093,1118,854,715,1856,1845,1791,0,0,0,204,218,157,492,398,525
15-Sep-26,11:15,24193,1453,615,377,635,821,957,728,1035,1035,1097,1118,854,715,1856,1803,1837,0,0,0,204,218,157,492,398,524
15-Sep-26,11:30,24253,1519,615,377,628,821,957,750,1038,1038,1104,1118,854,715,1856,1761,1854,0,0,0,204,218,156,492,398,522
15-Sep-26,11:45,24330,1465,615,377,589,821,957,750,1041,1041,1097,1118,854,715,1856,1719,1845,0,0,0,204,218,156,492,398,521
15-Sep-26,12:00,24441,1558,615,377,581,821,958,733,1043,1043,1096,1118,854,715,1856,1676,1875,0,0,0,204,218,156,492,398,520
15-Sep-26,12:15,24266,1608,615,377,576,821,958,728,1046,1046,1074,1118,854,715,1856,1634,1844,0,0,0,204,218,156,492,398,519
15-Sep-26,12:30,24193,1655,615,377,575,821,958,734,1048,1048,1042,1118,854,715,1856,1604,1821,0,0,0,204,218,156,492,398,518
15-Sep-26,12:45,24174,1647,615,377,561,821,958,735,1051,1051,1028,1118,854,715,1856,1602,1542,0,0,0,204,218,156,492,398,516
15-Sep-26,13:00,24281,1619,615,377,566,821,958,731,1053,1053,1038,1118,854,715,1856,1601,1519,0,0,0,204,218,155,492,398,515
15-Sep-26,13:15,23774,1574,615,377,547,821,958,728,1056,1056,1032,1118,854,715,1856,1600,1564,0,0,0,204,218,155,492,398,514
15-Sep-26,13:30,24031,1580,615,377,557,821,959,735,1058,1058,1049,1118,854,715,1856,1599,1827,0,0,0,204,218,155,492,398,513
15-Sep-26,13:45,24375,1611,615,377,575,821,959,719,1061,1061,1049,1118,854,715,1856,1598,1865,0,0,0,204,218,155,492,398,512
15-Sep-26,14:00,24379,1626,615,377,581,821,959,738,1064,1064,1060,1118,854,715,1856,1596,1865,0,0,0,204,218,155,492,398,510
15-Sep-26,14:15,24432,1624,615,377,571,821,959,734,1066,1066,1038,1118,854,715,1856,1595,1867,0,0,0,204,218,154,492,398,509
15-Sep-26,14:30,24712,1624,615,377,575,821,959,737,1069,1069,1049,1118,854,715,1856,1594,1869,0,0,0,204,218,154,492,398,508
15-Sep-26,14:45,24993,1624,615,377,579,821,960,739,1071,1071,1060,1118,854,715,1856,1593,1872,0,0,0,204,218,154,492,398,507
15-Sep-26,15:00,24906,1439,615,377,595,821,960,740,1074,1074,1069,1118,854,715,1856,1592,1858,0,0,0,204,218,154,492,398,506
15-Sep-26,15:15,24394,1439,615,377,601,821,960,738,1076,1076,1067,1118,854,715,1856,1590,1860,0,0,0,204,218,154,492,398,504
15-Sep-26,15:30,23883,1439,615,377,607,820,960,735,1079,1079,1066,1118,854,715,1856,1589,1863,0,0,0,204,218,154,492,398,503
15-Sep-26,15:45,23372,1439,615,377,612,820,960,732,1081,1081,1064,1118,854,715,1856,1588,1866,0,0,0,204,218,153,492,398,502
15-Sep-26,16:00,22860,1439,615,377,618,820,960,730,1084,1084,1063,1118,854,715,1856,1587,1868,0,0,0,204,218,153,492,398,501
15-Sep-26,16:15,22507,808,615,377,630,820,961,749,1086,1086,1066,1118,854,715,1856,1586,1871,0,0,0,204,218,153,492,398,500
15-Sep-26,16:30,22116,808,615,377,632,820,961,755,1089,1089,1084,1118,854,715,1856,1584,1873,0,0,0,204,218,153,492,398,498
15-Sep-26,16:45,21725,808,615,377,635,820,961,760,1092,1092,1103,1118,854,715,1856,1583,1876,0,0,0,204,218,153,492,398,497
15-Sep-26,17:00,21442,471,615,377,637,820,961,766,1094,1094,1121,1118,854,715,1856,1582,1878,0,0,0,204,218,152,492,397,496
15-Sep-26,17:15,21432,297,615,377,617,820,961,814,1207,1207,1180,1118,854,715,1856,1581,1828,0,0,0,204,218,152,492,397,495
15-Sep-26,17:30,21454,297,615,377,616,820,962,876,1310,1310,1240,1118,854,715,1856,1580,1839,0,0,0,204,218,152,492,397,494
15-Sep-26,17:45,21477,297,615,377,614,820,962,937,1308,1308,1301,1118,854,715,1856,1578,1851,0,0,0,204,218,152,492,397,492
15-Sep-26,18:00,21500,0,615,377,612,820,962,998,1306,1306,1361,1118,854,715,1856,1577,1862,0,0,0,204,218,152,492,397,491
15-Sep-26,18:15,21523,0,615,377,611,820,962,1060,1308,1308,1422,1118,854,715,1856,1576,1874,0,0,0,204,218,152,492,397,490
15-Sep-26,18:30,21398,0,615,377,610,820,962,1121,1309,1309,1482,1118,854,715,1856,1575,1880,0,0,0,204,218,151,492,397,489
15-Sep-26,18:45,22154,0,615,377,608,820,962,1145,1311,1311,1510,1118,854,715,1856,1574,1878,0,0,0,204,218,151,492,397,488
15-Sep-26,19:00,23023,0,615,377,607,820,963,1141,1313,1313,1501,1118,854,715,1856,1572,1876,0,0,0,204,218,151,492,397,486
15-Sep-26,19:15,23669,0,615,377,606,820,963,1136,1314,1314,1497,1118,854,715,1856,1571,1875,0,0,0,204,218,151,492,397,485
15-Sep-26,19:30,24314,0,615,377,605,820,963,1132,1316,1316,1493,1118,854,715,1856,1570,1874,0,0,0,204,218,151,492,397,484
15-Sep-26,19:45,24627,0,615,377,604,820,963,1133,1317,1317,1501,1118,854,715,1856,1569,1873,0,0,0,204,218,150,492,397,483
15-Sep-26,20:00,24364,0,615,377,602,820,963,1130,1319,1319,1505,1118,854,715,1856,1568,1872,0,0,0,204,218,150,492,397,482
15-Sep-26,20:15,24101,0,615,377,601,820,964,1127,1321,1321,1509,1118,854,715,1856,1566,1872,0,0,0,204,218,150,492,397,480
15-Sep-26,20:30,24097,0,615,377,600,820,964,1133,1322,1322,1520,1118,854,715,1856,1565,1874,0,0,0,204,218,150,492,397,479
15-Sep-26,20:45,24492,0,615,377,598,820,964,1123,1324,1324,1499,1118,854,715,1856,1564,1877,0,0,0,204,218,150,492,397,478
15-Sep-26,21:00,24647,0,615,377,591,820,964,1128,1326,1326,1502,1118,854,715,1856,1563,1868,0,0,0,204,218,150,492,397,477
15-Sep-26,21:15,24801,0,615,377,580,820,964,1127,1327,1327,1504,1118,854,715,1856,1562,1864,0,0,0,204,218,149,492,397,476
15-Sep-26,21:30,24960,0,615,377,571,820,964,1124,1329,1329,1506,1118,854,715,1856,1560,1862,0,0,0,204,218,149,492,397,474
15-Sep-26,21:45,24817,0,615,377,570,820,965,1130,1331,1331,1508,1118,854,715,1856,1559,1861,0,0,0,204,218,149,492,397,473
15-Sep-26,22:00,24675,0,615,377,568,820,965,1136,1332,1332,1511,1119,854,716,1856,1558,1860,0,0,0,204,218,149,492,397,472
15-Sep-26,22:15,24532,0,615,377,567,820,965,1142,1334,1334,1513,1119,854,716,1856,1557,1858,0,0,0,204,218,149,492,397,471
15-Sep-26,22:30,24389,0,615,377,565,820,965,1148,1336,1336,1516,1119,854,716,1856,1556,1857,0,0,0,204,218,148,492,397,470
15-Sep-26,22:45,24405,0,615,377,561,820,965,1154,1337,1337,1518,1119,854,716,1856,1554,1856,0,0,0,204,218,148,492,397,468
15-Sep-26,23:00,24320,0,615,377,547,820,966,1152,1339,1339,1513,1119,854,716,1856,1553,1856,0,0,0,204,218,148,492,397,467
15-Sep-26,23:15,24553,0,615,377,560,820,966,1132,1340,1340,1511,1119,854,716,1856,1552,1858,0,0,0,204,218,148,492,397,466
15-Sep-26,23:30,24390,0,615,377,562,820,966,1126,1342,1342,1510,1119,854,716,1856,1551,1860,0,0,0,204,218,148,492,397,465
15-Sep-26,23:45,24227,0,615,377,564,820,966,1127,1344,1344,1508,1119,854,716,1856,1550,1863,0,0,0,204,218,148,492,397,464
16-Sep-26,00:00,24064,0,615,377,565,820,966,1128,1345,1345,1507,1119,854,716,1856,1549,1865,0,0,0,204,218,147,492,397,463
16-Sep-26,00:15,23901,0,615,377,567,820,966,1128,1347,1347,1506,1119,854,716,1856,1547,1867,0,0,0,204,218,147,492,397,461
16-Sep-26,00:30,23782,0,615,377,567,820,967,1127,1349,1349,1500,1119,854,716,1856,1546,1872,0,0,0,204,218,147,492,397,460
16-Sep-26,00:45,24102,0,615,377,557,820,967,1148,1350,1350,1506,1119,854,716,1856,1544,1874,0,0,0,204,218,147,492,397,459
16-Sep-26,01:00,23855,0,615,377,558,820,967,1132,1352,1352,1510,1119,854,716,1856,1543,1872,0,0,0,204,218,147,492,397,458
16-Sep-26,01:15,24025,0,615,377,561,820,967,1132,1354,1354,1508,1119,854,716,1856,1542,1877,0,0,0,204,218,146,492,397,456
16-Sep-26,01:30,23985,0,615,377,558,820,967,1116,1355,1355,1502,1119,854,716,1856,1541,1873,0,0,0,204,218,146,492,397,455
16-Sep-26,01:45,23860,0,615,377,568,820,968,1121,1357,1357,1502,1119,854,716,1856,1540,1869,15,15,35,204,218,146,492,396,454
16-Sep-26,02:00,23533,0,615,377,565,820,968,1144,1358,1358,1522,1119,854,716,1856,1538,1877,15,15,55,204,218,146,492,396,453
16-Sep-26,02:15,23977,0,615,377,575,820,968,1140,1345,1345,1558,1119,853,716,1856,1537,1854,15,15,77,204,218,146,492,396,452
16-Sep-26,02:30,23005,0,615,377,578,820,968,1141,1332,1332,1568,1119,853,716,1856,1536,1885,49,49,101,204,218,146,492,396,450
16-Sep-26,02:45,22939,0,615,377,551,820,968,1133,1318,1318,1563,1119,853,716,1856,1535,1858,87,87,105,204,218,145,492,396,449
16-Sep-26,03:00,22924,0,615,377,570,820,968,1140,1305,1305,1555,1119,853,716,1856,1534,1844,119,119,152,204,218,145,492,396,448
16-Sep-26,03:15,22378,0,615,377,575,820,969,1135,1304,1292,1567,1119,853,716,1856,1532,1831,142,142,192,204,218,145,492,396,447
16-Sep-26,03:30,22216,0,615,377,576,820,969,1128,1303,1279,1555,1119,853,716,1856,1531,1839,170,170,201,204,218,145,492,396,446
16-Sep-26,03:45,22672,0,615,377,579,820,969,1131,1303,1265,1548,1119,853,716,1856,1530,1850,187,187,204,204,218,145,492,396,444
16-Sep-26,04:00,22472,0,615,377,574,820,969,1137,1302,1252,1541,1119,853,716,1856,1529,1869,204,204,231,204,218,144,492,396,443
16-Sep-26,04:15,22344,0,615,377,580,820,969,1116,1301,1239,1537,1119,853,716,1856,1528,1846,231,231,243,204,218,144,492,396,442
16-Sep-26,04:30,23018,0,615,377,595,820,970,1127,1300,1226,1541,1119,853,716,1856,1526,1869,248,248,279,204,218,144,492,396,441
16-Sep-26,04:45,22663,0,615,377,628,820,970,1140,1300,1213,1532,1119,853,716,1856,1525,1854,264,264,308,204,218,144,492,396,440
16-Sep-26,05:00,22842,0,615,377,623,820,970,1132,1299,1199,1427,1119,853,716,1856,1524,1847,298,298,351,204,218,144,492,396,438
16-Sep-26,05:15,22368,0,615,377,617,820,970,1132,1298,1056,1274,1119,853,716,1856,1523,1849,337,337,387,204,218,144,492,396,437
16-Sep-26,05:30,22001,0,615,377,620,820,970,1133,1297,1019,1119,1119,853,716,1856,1522,1851,366,366,388,204,218,143,492,396,436
16-Sep-26,05:45,21780,0,615,377,619,820,970,1133,1296,1009,1054,1119,853,716,1856,1520,1851,381,381,371,204,218,143,492,396,435
16-Sep-26,06:00,21757,4,615,377,618,820,971,1127,1296,1008,1062,1119,853,716,1856,1519,1846,395,395,432,204,218,143,492,396,434
16-Sep-26,06:15,21404,29,615,377,639,820,971,1013,1296,1007,1075,1119,853,716,1856,1518,1851,436,436,437,204,218,143,492,396,432
16-Sep-26,06:30,21074,68,615,377,647,820,971,929,1295,1006,1091,1119,853,716,1856,1517,1850,463,463,510,204,218,143,492,396,431
16-Sep-26,06:45,21198,126,615,377,643,819,971,818,1295,1004,1103,1119,853,716,1856,1516,1848,491,491,495,204,218,144,492,396,430
16-Sep-26,07:00,21321,187,615,377,629,819,971,735,1294,1003,1091,1119,853,716,1856,1514,1846,430,430,449,204,218,144,492,396,429
16-Sep-26,07:15,21000,278,615,377,631,819,972,725,1294,1002,1086,1119,853,716,1856,1513,1845,460,460,448,204,218,144,492,396,428
16-Sep-26,07:30,21420,357,615,377,629,819,972,746,1294,1001,1080,1119,853,716,1856,1512,1834,490,490,457,204,218,144,492,396,426
16-Sep-26,07:45,21421,480,615,377,598,819,972,719,1293,1000,1049,1119,853,716,1856,1511,1836,535,535,541,204,218,144,492,396,425
16-Sep-26,08:00,21701,623,615,377,578,819,972,726,1293,998,1051,1119,853,716,1856,1510,1838,526,526,569,203,218,144,492,396,424
16-Sep-26,08:15,22681,717,615,377,573,819,972,721,1292,997,1056,1119,853,716,1856,1508,1831,517,517,564,203,218,145,492,396,423
16-Sep-26,08:30,22119,866,615,377,573,819,972,730,1292,996,1046,1119,853,716,1856,1507,1824,508,508,566,203,218,145,492,396,422
16-Sep-26,08:45,22496,1007,615,377,574,819,973,728,1292,995,1042,1119,853,716,1856,1506,1818,499,499,564,203,218,145,492,396,420
16-Sep-26,09:00,22986,1134,615,377,566,819,973,722,1291,994,1038,1119,853,716,1856,1505,1811,490,490,562,203,218,145,492,395,419
16-Sep-26,09:15,23556,1215,615,377,626,819,973,742,1291,992,1045,1119,853,716,1856,1504,1814,481,481,559,203,218,145,492,395,418
16-Sep-26,09:30,24124,1330,615,377,635,819,973,740,1290,991,1040,1119,853,716,1856,1502,1818,472,472,551,203,218,146,492,395,417
16-Sep-26,09:45,24967,1377,615,377,635,819,973,737,1290,990,1064,1119,853,716,1856,1501,1822,463,463,543,203,218,146,492,395,416
16-Sep-26,10:00,25504,1382,615,377,643,819,974,734,1290,989,1065,1119,853,716,1856,1500,1838,416,416,457,203,218,146,492,395,414
16-Sep-26,10:15,25935,1370,615,377,630,819,974,744,1289,988,1067,1119,853,716,1856,1499,1822,449,449,423,203,218,146,492,395,413
16-Sep-26,10:30,25686,1541,615,377,631,819,974,735,1289,986,1047,1119,853,716,1856,1498,1826,459,434,401,203,218,146,492,395,412
16-Sep-26,10:45,25560,1477,615,377,624,819,974,736,1288,985,1051,1119,853,716,1856,1496,1828,468,418,390,203,218,146,492,395,411
16-Sep-26,11:00,25699,1470,615,377,573,819,974,737,1288,984,1021,1119,853,716,1856,1495,1824,478,403,469,203,218,147,492,395,410
16-Sep-26,11:15,25477,1525,615,377,541,819,974,719,1288,983,1038,1119,853,716,1856,1494,1821,487,388,483,203,218,147,492,395,408
16-Sep-26,11:30,25393,1500,615,377,523,819,975,710,1287,982,1036,1119,853,716,1856,1489,1781,497,372,479,203,218,147,492,395,407
16-Sep-26,11:45,24943,1404,615,377,576,819,975,708,1287,980,1020,1119,853,716,1856,1374,1457,506,344,381,203,218,147,492,395,406
16-Sep-26,12:00,24405,1543,615,377,577,819,975,712,1286,979,1054,1119,853,716,1856,1222,1217,509,369,350,203,218,147,492,395,405
16-Sep-26,12:15,24442,1584,615,377,567,819,975,718,1286,978,1035,1119,853,716,1856,1071,1032,510,394,351,203,218,148,492,395,404
16-Sep-26,12:30,24407,1507,615,377,591,819,975,742,1286,977,1032,1119,853,716,1856,1184,1166,511,420,366,203,218,148,492,395,402
16-Sep-26,12:45,24505,1524,615,377,591,819,976,735,1285,976,1042,1119,853,716,1856,1362,1319,512,450,446,203,218,148,492,395,401
16-Sep-26,13:00,24364,1512,615,377,588,819,976,730,1285,974,1041,1119,853,716,1856,1615,1450,514,481,449,203,218,148,492,395,400
16-Sep-26,13:15,23940,1450,615,377,547,819,976,723,1284,974,1045,1119,853,717,1856,1662,1662,515,511,461,203,218,148,492,395,399
16-Sep-26,13:30,23984,1532,615,377,540,819,976,721,1284,972,1044,1119,853,717,1856,1664,1782,516,533,559,203,218,148,492,395,398
16-Sep-26,13:45,24179,1383,615,377,629,819,976,735,1284,971,1052,1119,853,717,1856,1665,1828,518,535,561,203,218,149,492,395,396
16-Sep-26,14:00,24132,1436,615,377,591,819,976,732,1283,970,1042,1119,853,717,1856,1667,1814,519,536,563,203,218,149,492,394,395
16-Sep-26,14:15,24307,1411,615,377,588,819,977,737,1283,968,1035,1119,853,717,1856,1668,1796,520,538,558,203,218,149,492,394,394
16-Sep-26,14:30,24460,1349,615,377,581,819,977,725,1282,967,1044,1119,853,717,1856,1670,1767,521,540,560,203,218,149,492,394,393
16-Sep-26,14:45,24734,1294,615,377,612,819,977,725,1282,966,1058,1119,853,717,1856,1671,1792,522,541,561,203,218,149,492,394,392
16-Sep-26,15:00,25015,1272,615,377,626,819,977,726,1282,965,1064,1119,853,717,1856,1673,1820,524,543,558,203,218,150,492,394,390
16-Sep-26,15:15,24364,1195,615,377,631,819,977,728,1281,964,1041,1119,853,717,1856,1675,1830,525,545,557,203,218,150,492,394,389
16-Sep-26,15:30,24207,1224,615,377,625,819,978,729,1281,963,1056,1119,853,717,1856,1676,1832,526,546,556,203,218,150,492,394,388
16-Sep-26,15:45,23980,1179,615,377,605,819,978,730,1280,961,1043,1119,853,717,1856,1677,1830,527,548,556,203,218,150,492,394,387
16-Sep-26,16:00,23268,935,615,377,611,819,978,731,1280,960,1038,1119,853,717,1856,1678,1835,528,550,555,203,218,150,492,394,386
16-Sep-26,16:15,22897,910,615,377,587,819,978,719,1280,959,1029,1119,853,717,1856,1680,1836,530,551,563,203,218,150,492,394,384
16-Sep-26,16:30,22173,712,615,377,594,819,979,721,1279,958,1060,1119,853,717,1856,1681,1833,531,553,560,203,218,151,492,394,383
16-Sep-26,16:45,21717,634,615,377,604,819,979,732,1279,957,1054,1119,853,717,1856,1682,1831,532,554,558,203,218,151,492,394,382
16-Sep-26,17:00,21420,553,615,377,610,819,979,744,1278,955,1056,1119,853,717,1856,1683,1829,533,556,561,203,218,151,492,394,381
16-Sep-26,17:15,21361,328,615,376,608,819,981,804,1278,954,1066,1119,853,717,1856,1685,1837,534,557,564,203,218,151,492,394,380
16-Sep-26,17:30,22175,215,615,376,614,819,983,988,1278,953,1063,1119,853,717,1856,1686,1853,536,559,566,203,218,151,492,394,378
16-Sep-26,17:45,21919,133,615,376,616,819,994,1038,1277,952,1072,1119,853,717,1856,1687,1845,537,561,569,203,218,152,492,394,377
16-Sep-26,18:00,21817,0,615,376,621,819,1004,1113,1277,951,1062,1119,853,717,1856,1688,1827,538,563,572,203,218,152,492,393,376
16-Sep-26,18:15,22863,0,615,376,623,819,1000,1115,1276,951,1065,1119,853,717,1856,1690,1840,539,564,574,203,218,152,492,393,375
16-Sep-26,18:30,22593,0,615,376,630,819,997,1126,1276,950,1081,1119,853,717,1856,1691,1844,540,566,578,203,218,152,492,393,374
16-Sep-26,18:45,22394,0,615,376,628,819,993,1138,1276,950,1081,1119,853,717,1856,1692,1848,542,568,583,203,218,152,492,393,372
16-Sep-26,19:00,23058,0,615,376,628,819,990,1112,1275,950,1085,1119,853,717,1856,1693,1852,543,569,591,203,218,152,492,393,371
16-Sep-26,19:15,24444,0,615,376,629,819,986,1126,1275,949,1069,1119,853,717,1856,1694,1845,544,572,598,203,218,153,492,393,370
16-Sep-26,19:30,25162,0,615,376,626,819,983,1142,1274,949,1075,1119,853,717,1856,1696,1831,545,575,606,203,218,153,492,393,369
16-Sep-26,19:45,25392,0,615,376,621,818,979,1132,1274,948,1081,1119,853,717,1856,1697,1835,546,578,609,203,218,153,492,393,368
16-Sep-26,20:00,25203,0,615,376,606,818,976,1153,1274,948,1090,1119,853,717,1856,1698,1834,548,581,611,203,218,153,492,393,366
16-Sep-26,20:15,25342,0,615,376,616,818,972,1118,1273,948,1068,1119,853,717,1856,1699,1830,549,583,604,203,218,153,492,393,365
16-Sep-26,20:30,25613,0,615,376,609,818,969,1138,1273,947,1054,1119,852,717,1856,1700,1845,550,584,603,203,218,154,492,393,364
16-Sep-26,20:45,25503,0,615,376,615,818,965,1116,1272,947,1062,1119,852,717,1856,1702,1851,551,586,604,203,218,154,492,392,363
16-Sep-26,21:00,25448,0,615,376,602,818,962,1132,1272,946,1074,1119,852,717,1856,1703,1845,552,588,602,203,218,154,492,392,362
16-Sep-26,21:15,25159,0,615,376,606,818,958,1134,1272,946,1088,1119,852,717,1856,1704,1840,554,589,605,203,218,154,492,392,360
16-Sep-26,21:30,25497,0,615,376,608,818,955,1121,1271,946,1077,1119,852,717,1856,1705,1842,555,591,605,203,218,154,492,392,359
16-Sep-26,21:45,25708,0,615,376,616,818,951,1133,1271,945,1086,1119,852,717,1856,1706,1844,556,593,603,203,218,154,492,392,358
16-Sep-26,22:00,25716,0,615,376,608,818,948,1131,1270,945,1093,1119,852,717,1856,1708,1853,557,594,611,203,218,155,492,392,357
16-Sep-26,22:15,25552,0,615,376,628,818,944,1124,1270,944,1078,1119,852,717,1856,1709,1838,558,591,613,203,218,155,492,392,356
16-Sep-26,23:15,25527,0,615,376,602,818,943,1142,1270,944,1054,1119,852,717,1856,1709,1841,559,591,612,203,218,155,492,392,355
16-Sep-26,23:30,25678,0,615,376,590,818,939,1137,1269,944,1045,1119,852,717,1856,1710,1852,560,588,609,203,218,155,492,392,354
16-Sep-26,23:45,25534,0,615,376,602,818,936,1136,1269,943,1047,1119,852,717,1856,1712,1854,561,586,606,203,218,155,492,391,353
17-Sep-26,00:15,24911,0,615,376,592,818,930,1123,1268,943,1060,1119,852,717,1856,1714,1854,563,581,598,203,218,156,492,391,351
17-Sep-26,00:30,25176,0,615,376,595,818,926,1127,1268,942,1057,1119,852,717,1856,1715,1861,564,578,599,203,218,156,492,391,350
17-Sep-26,00:45,25240,0,615,376,598,818,923,1123,1268,942,1058,1119,852,717,1856,1716,1858,566,574,594,203,218,156,492,391,348
17-Sep-26,01:00,25071,0,615,376,599,818,919,1115,1267,942,1057,1119,852,717,1856,1717,1855,567,571,585,203,218,156,492,391,347
17-Sep-26,01:15,24901,0,615,376,600,818,916,1107,1267,941,1055,1119,852,717,1856,1718,1851,568,566,576,203,218,156,492,390,346
17-Sep-26,01:30,24732,0,615,376,602,818,912,1099,1266,941,1054,1119,852,717,1856,1720,1848,569,561,567,203,218,156,492,390,345
17-Sep-26,01:45,24562,0,615,376,603,818,909,1091,1266,940,1052,1119,852,717,1856,1721,1845,570,556,559,203,218,157,492,390,344
17-Sep-26,02:00,24393,0,615,376,604,818,905,1083,1266,940,1051,1119,852,717,1856,1722,1842,572,550,550,203,218,157,492,390,342
17-Sep-26,02:15,24224,0,615,376,605,818,902,1075,1265,940,1050,1119,852,717,1856,1723,1839,573,545,541,203,218,157,492,390,341
17-Sep-26,02:30,24054,0,615,376,606,818,898,1067,1265,939,1048,1119,852,717,1856,1724,1836,574,540,532,203,218,157,492,390,340
17-Sep-26,02:45,23885,0,615,376,608,818,895,1060,1264,939,1047,1119,852,717,1856,1726,1832,575,535,523,203,218,157,492,389,339
17-Sep-26,03:00,23715,0,615,376,609,818,891,1052,1264,938,1045,1119,852,718,1856,1727,1829,576,530,514,203,218,158,492,389,338
17-Sep-26,03:15,23546,0,615,376,610,818,887,1044,1264,938,1044,1119,852,718,1856,1728,1826,578,525,505,203,218,158,492,389,336
17-Sep-26,03:30,23377,0,615,376,612,818,884,1036,1263,938,1042,1119,852,718,1856,1729,1823,579,520,497,203,218,158,492,389,335
17-Sep-26,03:45,23207,0,615,376,613,818,880,1028,1263,937,1041,1119,852,718,1856,1730,1820,580,515,488,203,218,158,492,388,334
17-Sep-26,04:00,23038,0,615,376,614,818,877,1020,1262,937,1040,1119,852,718,1856,1732,1817,581,509,479,203,219,158,492,388,333
17-Sep-26,04:15,22868,0,615,376,615,818,873,1012,1262,936,1038,1119,852,718,1856,1733,1813,582,504,470,203,219,158,492,388,332
17-Sep-26,04:30,22699,0,615,376,616,818,870,1004,1262,936,1037,1119,852,718,1856,1734,1810,584,499,461,203,219,159,492,388,330
17-Sep-26,04:45,22529,0,615,376,618,818,866,996,1261,936,1036,1119,852,718,1856,1735,1807,585,494,452,203,219,159,492,387,329
17-Sep-26,05:00,22360,0,615,376,619,818,863,988,1261,935,1034,1119,852,718,1856,1736,1804,586,489,443,203,219,159,492,387,328
17-Sep-26,05:15,22191,0,615,376,620,818,859,981,1260,935,1033,1119,852,718,1856,1738,1801,587,484,434,203,219,159,492,387,327
17-Sep-26,05:30,22021,0,615,376,621,818,856,973,1260,934,1031,1119,852,718,1856,1740,1798,588,479,426,203,219,159,492,387,326
17-Sep-26,05:45,21852,0,615,376,622,818,852,965,1260,934,1030,1119,852,718,1856,1742,1794,590,408,417,203,219,160,492,386,324
17-Sep-26,06:00,21682,0,615,376,624,818,846,957,1259,934,1028,1119,852,718,1856,1760,1791,590,431,408,203,219,160,492,386,323
17-Sep-26,06:15,21519,29,615,376,626,818,839,930,1259,933,1026,1119,852,718,1856,1816,1800,590,454,412,203,219,160,492,386,322
17-Sep-26,06:45,21348,118,615,376,626,818,687,854,1258,933,1016,1120,852,718,1856,1772,1837,590,545,452,203,219,160,492,386,320
17-Sep-26,07:00,20879,280,615,376,612,818,669,727,1258,932,1012,1120,852,718,1856,1746,1836,590,516,547,203,219,160,492,385,318
17-Sep-26,07:15,20573,280,615,376,606,818,650,721,1258,932,1011,1120,852,718,1856,1720,1785,590,487,562,203,219,160,492,385,317
17-Sep-26,07:30,20407,426,615,376,593,818,632,707,1257,932,1008,1120,852,718,1856,1694,1634,590,410,489,203,219,161,492,385,316
17-Sep-26,07:45,20242,426,615,376,580,818,594,694,1257,931,1006,1120,852,718,1856,1479,1483,590,369,417,203,219,161,492,384,315
17-Sep-26,08:00,20170,786,615,376,581,818,556,674,1256,931,998,1120,852,718,1856,1350,1336,590,362,365,203,219,161,492,384,313
17-Sep-26,08:15,20145,786,615,376,609,818,563,643,1256,930,979,1120,852,718,1856,1108,1200,590,360,359,202,219,161,492,384,301
17-Sep-26,08:30,20241,1062,615,376,618,818,569,644,1256,930,967,1120,852,718,1856,1043,1137,590,358,357,202,219,161,492,384,304
17-Sep-26,08:45,20336,1062,615,376,627,817,576,645,1255,930,954,1120,852,718,1856,1068,1073,590,356,356,202,219,162,492,383,306
17-Sep-26,09:00,20550,1191,615,376,626,817,582,642,1255,929,948,1120,852,718,1856,1093,1050,590,355,356,202,219,162,492,383,307
17-Sep-26,09:15,20822,1191,615,376,619,817,589,639,1254,929,944,1120,852,718,1856,1117,1048,590,353,357,202,219,162,492,383,308
17-Sep-26,09:30,21094,1191,615,376,613,817,595,636,1254,928,940,1120,852,718,1856,1142,1045,590,351,359,202,219,162,492,382,310
17-Sep-26,09:45,21367,1191,615,376,607,817,602,633,1254,928,936,1120,852,718,1856,1167,1042,590,349,361,202,219,162,492,382,311
17-Sep-26,10:00,21639,1191,615,376,600,817,609,630,1253,928,932,1120,852,718,1856,1192,1040,590,348,363,202,219,162,492,382,312
17-Sep-26,10:15,21965,1665,615,376,566,817,615,633,1253,927,934,1120,852,718,1856,1216,1034,590,346,365,202,219,163,492,382,313
17-Sep-26,10:30,22290,1665,615,376,519,817,622,639,1252,927,935,1120,852,718,1856,1241,1028,590,344,366,202,219,163,492,381,315
17-Sep-26,10:45,22601,1776,615,376,429,817,628,635,1252,926,936,1120,852,718,1856,1266,1023,590,343,368,202,219,163,492,381,325
17-Sep-26,11:00,22812,1763,615,376,374,817,631,656,1252,926,944,1120,852,718,1856,1291,1122,590,341,370,202,219,163,492,381,321
17-Sep-26,11:15,22933,1776,615,376,341,817,632,704,1251,926,936,1120,852,718,1856,1506,1261,590,339,370,202,219,163,492,380,377
17-Sep-26,11:30,22800,1866,615,376,350,817,633,728,1251,925,938,1120,852,718,1856,1562,1480,590,337,374,202,219,164,492,380,399
17-Sep-26,11:45,23008,1838,615,376,351,817,635,736,1250,925,936,1120,852,718,1856,1367,1549,590,336,374,202,219,164,492,380,377
17-Sep-26,12:00,23178,1868,615,376,362,817,636,724,1250,924,922,1120,852,718,1856,1109,1179,590,340,375,202,219,164,492,380,315
17-Sep-26,12:15,23163,1832,615,376,478,817,639,720,1250,924,919,1120,852,718,1856,1043,1009,590,345,376,202,219,164,492,379,308
17-Sep-26,12:30,23224,1707,615,376,566,817,644,720,1249,924,918,1120,852,718,1856,1119,1024,590,349,377,202,219,164,492,379,313
17-Sep-26,12:45,23054,1782,615,376,566,817,648,718,1249,923,951,1120,852,718,1856,1196,1023,590,353,378,202,219,164,492,379,317
17-Sep-26,13:00,23114,1782,615,376,537,817,653,717,1248,923,984,1120,851,718,1856,1065,1022,590,358,380,202,219,165,492,378,319
17-Sep-26,13:15,22751,1782,615,376,508,817,657,715,1248,922,1018,1120,851,718,1856,1090,1020,590,362,381,202,219,165,492,378,320
17-Sep-26,13:30,22586,1782,615,376,479,817,662,714,1248,922,1051,1120,851,718,1856,1115,1018,590,366,382,202,219,165,492,378,321
17-Sep-26,13:45,22821,1699,615,376,533,817,666,713,1247,922,1045,1120,851,718,1856,1140,1016,590,370,383,202,219,165,492,378,322
17-Sep-26,14:00,22847,1692,615,376,583,817,671,712,1247,921,1059,1120,851,718,1856,1165,1014,590,375,384,202,219,165,492,377,324
17-Sep-26,14:15,22717,1665,615,376,581,817,675,711,1246,921,1056,1120,851,719,1856,1190,1013,590,379,386,202,219,166,492,377,325
17-Sep-26,14:30,22793,1706,615,376,578,817,680,713,1246,920,1055,1120,851,719,1856,1215,1011,590,383,387,202,219,166,492,377,326
17-Sep-26,14:45,22936,1653,615,376,559,817,685,703,1246,920,1074,1120,851,719,1856,1240,1024,590,388,388,202,219,166,492,377,327
17-Sep-26,15:00,22716,1614,615,376,573,817,689,718,1245,920,1076,1120,851,719,1856,1266,1044,590,392,389,202,219,166,492,376,328
17-Sep-26,15:15,22472,1548,615,376,613,817,694,731,1245,919,1065,1120,851,719,1856,1291,1064,590,396,391,202,219,166,492,376,331
17-Sep-26,15:30,22489,1543,615,376,623,817,698,746,1244,919,1046,1120,851,719,1856,1414,1218,590,401,392,202,219,166,492,376,339
17-Sep-26,15:45,22322,1500,615,376,617,817,703,724,1244,918,1081,1120,851,719,1856,1537,1435,590,405,393,202,219,167,492,376,365
17-Sep-26,16:00,21901,933,615,376,633,817,707,737,1244,918,1075,1120,851,719,1856,1593,1495,590,409,394,202,219,167,492,375,388
17-Sep-26,16:15,21403,803,615,376,623,817,712,733,1243,918,1073,1120,851,719,1856,1649,1574,590,413,396,202,219,167,492,375,399
17-Sep-26,16:30,21382,621,615,376,622,817,716,724,1243,917,1079,1120,851,719,1856,1705,1620,590,414,397,202,219,167,492,375,400
17-Sep-26,16:45,21569,532,615,376,631,817,721,736,1242,917,1084,1120,851,719,1856,1760,1635,590,416,400,202,219,167,492,375,395
17-Sep-26,17:00,21341,422,615,376,633,817,725,725,1242,916,1067,1120,851,719,1856,1816,1774,590,417,431,202,219,168,492,374,412
17-Sep-26,17:15,21610,315,615,376,597,817,794,837,1242,916,1068,1120,851,719,1856,1817,1797,590,418,465,202,219,168,492,374,464
17-Sep-26,17:30,22021,214,615,376,603,817,879,954,1241,916,1061,1120,851,719,1856,1819,1813,590,419,558,202,219,168,492,374,529
17-Sep-26,17:45,22281,155,615,376,586,817,962,1016,1241,915,1062,1120,851,719,1856,1820,1810,590,420,616,202,219,168,492,374,536
17-Sep-26,18:00,22621,0,615,376,588,817,1004,1097,1240,915,1065,1120,851,719,1856,1822,1806,590,422,622,202,219,168,492,373,548
17-Sep-26,18:15,23908,0,615,376,585,816,1003,1119,1240,914,1048,1120,851,719,1856,1823,1810,590,423,623,202,219,168,492,373,542
17-Sep-26,18:30,23914,0,615,376,583,816,1001,1119,1240,914,1056,1120,851,719,1856,1825,1821,590,424,621,202,219,169,492,373,550
17-Sep-26,18:45,23743,0,615,376,584,816,1000,1134,1239,914,1059,1120,851,719,1856,1826,1852,590,425,620,202,219,169,492,373,559
17-Sep-26,19:00,24297,0,615,376,634,816,998,1130,1239,913,1065,1120,851,719,1856,1827,1860,590,426,619,202,219,169,492,372,561
17-Sep-26,19:15,26015,0,615,376,630,816,997,1143,1238,913,1065,1120,851,719,1856,1829,1837,590,428,618,202,219,169,492,372,560
17-Sep-26,19:30,25879,0,615,376,628,816,995,1129,1238,912,1077,1120,851,719,1856,1830,1836,590,429,616,202,219,169,492,372,558
17-Sep-26,19:45,25893,0,615,376,625,816,994,1142,1238,912,1055,1120,851,719,1856,1832,1859,590,430,615,202,219,170,492,372,557
17-Sep-26,20:00,26100,0,615,376,617,816,992,1128,1237,912,1059,1120,851,719,1856,1833,1840,590,431,614,202,219,170,492,371,557
17-Sep-26,20:15,26191,0,615,376,600,816,991,1111,1237,911,1019,1120,851,719,1856,1835,1836,590,432,613,202,219,170,492,371,556
17-Sep-26,20:30,26216,0,615,376,594,816,990,1119,1236,911,1052,1120,851,719,1856,1836,1805,590,434,612,202,219,170,492,371,557
17-Sep-26,20:45,26422,0,615,376,607,816,988,1114,1236,910,1047,1120,851,719,1856,1837,1805,590,435,610,202,219,170,492,370,561
17-Sep-26,21:00,26649,0,615,376,610,816,987,1119,1236,910,1053,1120,851,719,1856,1839,1820,590,436,609,202,219,170,492,370,560
17-Sep-26,21:15,26677,0,615,376,608,816,985,1106,1235,910,1053,1120,851,719,1856,1840,1826,590,437,608,202,219,169,492,370,559
17-Sep-26,21:30,27163,0,615,376,627,816,984,1128,1235,909,1057,1120,851,719,1856,1842,1834,590,438,607,202,219,169,492,370,562
17-Sep-26,21:45,26593,0,615,376,631,816,982,1139,1234,909,1058,1120,851,719,1856,1843,1844,590,440,606,202,219,169,492,369,558
17-Sep-26,22:00,26939,0,615,376,625,816,981,1133,1234,908,1058,1120,851,719,1856,1845,1835,590,441,604,202,219,169,492,369,555
17-Sep-26,22:15,26943,0,615,376,629,816,980,1132,1234,908,1053,1120,851,719,1856,1846,1829,590,442,603,202,219,169,492,369,559
17-Sep-26,22:30,26412,0,615,376,628,816,978,1139,1233,908,1071,1120,851,719,1856,1847,1852,590,443,602,202,219,168,492,368,566
17-Sep-26,22:45,26577,0,615,376,631,816,977,1146,1233,907,1047,1120,851,719,1856,1849,1852,590,444,600,202,219,168,492,368,562
17-Sep-26,23:00,26365,0,615,376,623,816,975,1117,1232,907,1055,1120,851,720,1856,1850,1859,590,446,599,202,219,168,492,368,565
17-Sep-26,23:15,26466,0,615,376,631,816,974,1125,1232,906,1049,1120,851,720,1856,1852,1857,590,447,598,202,219,168,492,368,563
17-Sep-26,23:30,26713,0,615,376,628,816,972,1128,1232,906,1067,1120,851,720,1856,1853,1854,590,448,597,202,219,168,492,367,562
17-Sep-26,23:45,26626,0,615,376,623,816,971,1121,1231,906,1031,1120,851,720,1856,1855,1853,590,450,596,202,219,168,492,367,560
18-Sep-26,00:15,26169,0,615,376,624,816,969,1121,1231,905,1059,1120,851,720,1856,1841,1851,590,452,592,202,219,167,492,367,565
18-Sep-26,00:30,25847,0,615,376,621,816,967,1137,1230,905,1034,1120,851,720,1856,1831,1848,590,453,587,202,219,167,492,366,564
18-Sep-26,00:45,25595,0,615,376,622,816,966,1131,1230,904,1046,1120,851,720,1856,1820,1845,590,454,577,202,219,167,492,366,568
18-Sep-26,01:00,25394,0,615,376,621,816,964,1125,1230,904,1048,1120,851,720,1856,1810,1848,590,455,573,202,219,167,492,366,565
18-Sep-26,01:15,25052,0,615,376,621,816,963,1117,1229,904,1045,1120,850,720,1856,1800,1851,590,456,583,202,219,167,492,366,565
18-Sep-26,01:30,24727,0,615,376,611,816,961,1116,1229,903,1046,1120,850,720,1856,1789,1859,590,458,596,202,219,166,492,365,569
18-Sep-26,01:45,24582,0,615,376,608,816,960,1123,1228,903,1048,1120,850,720,1856,1779,1864,590,459,596,202,219,166,492,365,562
18-Sep-26,02:00,24295,0,615,376,605,816,958,1124,1228,902,1049,1120,850,720,1856,1768,1869,590,460,507,202,219,166,492,365,532
18-Sep-26,02:15,23883,0,615,376,603,815,957,1108,1228,902,1053,1120,850,720,1856,1758,1873,590,461,400,202,219,166,492,365,457
18-Sep-26,02:30,23879,0,615,376,600,815,956,1120,1227,902,1058,1120,850,720,1856,1748,1852,590,473,480,202,219,166,492,364,490
18-Sep-26,02:45,23477,0,615,376,608,815,954,1111,1227,901,1045,1120,850,720,1856,1737,1852,590,550,548,202,219,166,492,364,527
18-Sep-26,03:00,23483,0,615,376,607,815,953,1126,1226,901,1058,1120,850,720,1856,1727,1837,590,558,584,202,219,165,492,364,548
18-Sep-26,03:15,23362,0,615,376,609,815,951,1120,1226,900,1055,1120,850,720,1856,1716,1829,590,565,578,202,219,165,492,364,551
18-Sep-26,03:30,23187,0,615,376,600,815,950,1109,1226,900,1051,1120,850,720,1856,1706,1845,590,573,534,202,219,165,492,363,553
18-Sep-26,03:45,22976,0,615,376,600,815,948,1116,1225,900,1063,1120,850,720,1856,1696,1839,590,552,551,202,219,165,492,363,554
18-Sep-26,04:00,22810,0,615,376,598,815,947,1111,1225,899,1042,1120,850,720,1856,1685,1838,590,532,545,202,219,165,492,363,548
18-Sep-26,04:15,22666,0,615,376,607,815,946,1132,1224,899,1061,1120,850,720,1856,1675,1842,590,457,543,202,219,164,492,363,556
18-Sep-26,04:30,22547,0,615,376,611,815,944,1135,1224,898,1060,1120,850,720,1856,1665,1852,590,477,460,202,219,164,492,362,558
18-Sep-26,04:45,22524,0,615,376,631,815,943,1135,1224,898,1062,1120,850,720,1856,1654,1867,590,498,455,202,219,164,492,362,560
18-Sep-26,05:00,22378,0,615,376,637,815,941,1137,1223,898,1049,1120,850,720,1856,1644,1859,590,518,525,202,219,164,492,362,573
18-Sep-26,05:15,22160,0,615,376,636,815,940,1135,1223,897,1057,1120,850,720,1856,1633,1864,590,561,554,202,219,164,492,362,567
18-Sep-26,05:30,22359,0,615,376,641,815,938,1126,1222,897,1061,1120,850,720,1856,1623,1870,590,537,594,202,219,164,492,361,566
18-Sep-26,05:45,22140,0,615,376,628,815,937,1130,1222,896,1081,1120,850,720,1856,1613,1873,590,514,597,202,219,163,492,361,571
18-Sep-26,06:00,21906,4,615,376,624,815,916,1108,1222,896,1076,1120,850,720,1856,1602,1866,590,490,595,202,219,163,492,361,550
18-Sep-26,06:15,20494,31,615,376,626,815,857,1008,1221,896,1070,1120,850,720,1856,1592,1850,590,414,491,202,219,163,492,360,467
18-Sep-26,06:30,20281,76,615,376,632,815,722,931,1221,895,1061,1120,850,721,1856,1581,1812,590,355,389,202,219,163,492,360,455
18-Sep-26,06:45,19962,159,615,376,631,815,658,782,1220,895,1071,1120,850,721,1856,1550,1625,590,335,348,202,219,163,492,360,398
18-Sep-26,07:00,19897,247,615,376,629,815,631,715,1220,894,1055,1120,850,721,1856,1519,1587,590,335,349,202,219,162,492,360,387
18-Sep-26,07:15,19557,329,615,376,629,815,605,722,1220,894,1063,1120,850,721,1856,1488,1510,590,335,350,202,219,162,492,359,281
18-Sep-26,07:30,19468,417,615,376,606,815,578,729,1219,894,1067,1120,850,721,1856,1364,1494,590,335,355,202,219,162,492,359,294
18-Sep-26,07:45,19346,575,615,376,600,815,552,704,1219,893,1062,1120,850,721,1856,1240,1439,590,335,353,201,219,162,492,359,295
18-Sep-26,08:00,19174,686,615,376,581,815,568,618,1218,893,1007,1120,850,721,1856,1076,1046,590,335,350,201,219,162,492,358,295
18-Sep-26,08:15,19395,814,615,376,602,815,584,613,1218,892,1019,1120,850,721,1856,1143,1034,590,335,349,201,219,162,492,358,302
18-Sep-26,08:30,19683,918,615,376,617,814,600,626,1218,892,1046,1120,850,721,1856,1210,1027,590,335,349,201,219,161,492,358,319
18-Sep-26,08:45,19947,1038,615,376,605,814,616,613,1217,892,1054,1121,850,721,1856,1277,1100,590,335,345,201,219,161,492,358,326
18-Sep-26,09:00,20256,1119,615,376,582,814,632,652,1217,891,1065,1121,850,721,1856,1503,1316,590,335,347,201,219,161,492,357,373
18-Sep-26,09:15,21424,1262,615,376,590,814,611,714,1216,891,1049,1121,850,721,1856,1654,1463,590,335,348,201,219,161,492,357,374
18-Sep-26,09:30,21681,1380,615,376,623,814,591,756,1216,890,1058,1121,850,721,1856,1806,1671,590,335,350,201,219,161,492,357,395
18-Sep-26,09:45,22001,1433,615,376,612,814,570,756,1216,890,1070,1121,850,721,1856,1708,1888,590,335,351,201,219,160,492,356,398
18-Sep-26,10:00,22336,1553,615,376,604,814,550,689,1215,890,1060,1121,850,721,1856,1611,1771,590,335,351,201,219,160,492,356,375
18-Sep-26,10:15,22694,1651,615,376,584,814,576,653,1215,889,1079,1121,850,721,1856,1661,1669,590,335,349,201,219,160,492,356,322
18-Sep-26,10:30,22869,1752,615,376,586,814,602,646,1214,889,1075,1121,850,721,1856,1711,1648,590,335,347,201,219,160,492,356,319
18-Sep-26,10:45,22893,1743,615,376,589,814,628,700,1214,888,1061,1121,849,721,1856,1820,1848,590,335,347,201,219,160,492,355,312
18-Sep-26,11:00,22981,1758,615,376,591,814,592,744,1214,888,1073,1121,849,721,1856,1716,1871,590,335,350,201,219,160,492,355,313
18-Sep-26,11:15,22689,1923,615,376,587,814,556,719,1213,888,1076,1121,849,721,1856,1613,1825,590,335,349,201,219,159,492,355,314
18-Sep-26,11:30,22808,1945,615,376,586,814,564,641,1213,887,1082,1121,849,721,1856,1378,1530,590,335,347,201,219,159,492,354,316
18-Sep-26,11:45,22948,1949,615,376,594,814,572,651,1212,887,1081,1121,849,722,1856,1408,1384,590,335,348,201,219,159,492,354,317
18-Sep-26,12:00,22900,2025,615,376,589,814,580,666,1212,886,1078,1121,849,722,1856,1439,1416,0,0,0,201,219,159,492,354,319
18-Sep-26,12:15,22959,1969,615,376,571,814,587,634,1212,886,1065,1121,849,722,1856,1377,1437,590,335,313,201,219,159,492,354,308
18-Sep-26,12:30,23086,1883,615,376,570,814,595,625,1211,886,1062,1121,849,722,1856,1315,1447,590,335,302,201,219,158,492,353,311
18-Sep-26,12:45,22734,1841,615,376,576,814,603,640,1211,885,1075,1121,849,722,1856,1253,1485,544,335,307,201,219,158,492,353,314
18-Sep-26,13:00,22697,1854,615,376,577,814,611,640,1210,885,1082,1121,849,722,1856,1192,1300,498,335,307,201,219,158,492,353,311
18-Sep-26,13:15,22333,1761,615,376,563,814,619,631,1210,884,1073,1121,849,722,1856,1101,1083,452,335,309,201,219,158,492,352,306
18-Sep-26,13:30,22587,1735,615,376,555,814,627,632,1210,884,1076,1121,849,722,1856,1207,1036,405,335,310,201,219,158,492,352,303
18-Sep-26,13:45,22512,1710,615,376,571,814,634,625,1209,884,1076,1121,849,722,1856,1314,1191,461,335,309,201,219,158,492,352,320
18-Sep-26,14:00,22817,1678,615,376,572,813,632,727,1209,883,1086,1121,849,722,1856,1550,1353,340,309,303,201,219,157,492,352,387
18-Sep-26,14:15,22521,1680,615,376,581,813,629,741,1208,883,1081,1121,849,722,1856,1498,1638,342,313,305,201,219,157,492,351,388
18-Sep-26,14:30,22696,1574,615,376,595,813,627,725,1208,882,1078,1121,849,722,1856,1445,1545,345,317,306,201,219,157,492,351,347
18-Sep-26,14:45,22589,1536,615,376,636,813,658,726,1208,882,1080,1121,849,722,1856,1494,1501,347,320,307,201,219,157,492,351,308
18-Sep-26,15:00,22490,1459,615,376,651,813,689,718,1207,882,1087,1121,849,722,1856,1543,1511,349,324,308,201,219,157,492,350,313
18-Sep-26,15:15,22080,1324,615,376,649,813,720,737,1207,881,1091,1121,849,722,1856,1592,1512,352,328,310,201,219,156,492,350,318
18-Sep-26,15:30,21918,1210,615,376,654,813,751,735,1206,881,1089,1121,849,722,1856,1641,1496,354,332,311,201,219,156,492,350,326
18-Sep-26,15:45,21646,1065,615,376,646,813,782,785,1206,880,1082,1121,849,722,1856,1690,1624,356,336,312,201,219,156,492,350,334
18-Sep-26,16:00,21934,1008,615,376,637,813,820,896,1206,880,1077,1121,849,722,1856,1740,1752,359,339,313,201,219,156,492,349,407
18-Sep-26,16:15,21298,839,615,376,636,813,859,891,1205,880,1078,1121,849,723,1856,1790,1698,361,343,314,201,219,156,492,349,404
18-Sep-26,16:30,21155,636,615,376,642,813,897,941,1205,879,1083,1121,849,723,1856,1839,1763,363,347,316,201,219,156,492,349,455
18-Sep-26,16:45,21269,543,615,376,636,813,914,1002,1204,879,1074,1121,849,723,1856,1838,1840,366,351,317,201,219,155,492,348,482
18-Sep-26,17:00,21167,415,615,376,637,813,932,1014,1204,878,1076,1121,849,723,1856,1836,1875,368,355,318,201,219,155,492,348,484
18-Sep-26,17:15,21294,306,615,376,596,813,949,981,1204,878,1080,1121,849,723,1856,1835,1836,370,358,319,201,219,155,492,348,475
18-Sep-26,17:30,21808,225,615,376,591,813,967,1012,1203,878,1058,1121,849,723,1856,1834,1848,373,362,320,201,219,155,492,348,497
18-Sep-26,17:45,22128,111,615,376,631,813,984,1021,1203,877,1064,1121,848,723,1856,1832,1859,375,366,322,201,219,155,492,347,548
18-Sep-26,18:00,22784,0,615,376,605,812,1010,1076,1202,877,1068,1121,848,723,1856,1831,1867,378,370,323,201,219,154,492,347,558
18-Sep-26,18:15,23656,0,615,376,621,812,1008,1112,1202,876,1072,1121,848,723,1856,1830,1874,380,374,324,201,219,154,492,347,560
18-Sep-26,18:30,23331,0,615,376,614,812,1007,1114,1202,876,1066,1121,848,723,1856,1828,1858,382,377,326,201,219,154,492,346,570
18-Sep-26,18:45,23565,0,615,376,620,812,1005,1129,1201,876,1060,1121,848,723,1856,1827,1859,385,381,328,201,219,154,492,346,561
18-Sep-26,19:00,23968,0,615,376,638,812,1004,1121,1201,875,1072,1121,848,723,1856,1826,1858,387,385,333,201,219,154,492,346,559
18-Sep-26,19:15,26075,0,615,376,652,812,1002,1125,1200,875,1064,1121,848,723,1856,1824,1874,389,389,339,201,219,154,492,346,566
18-Sep-26,19:30,26088,0,615,376,636,812,1001,1130,1200,874,1070,1121,848,724,1856,1823,1866,457,457,429,201,219,153,492,345,569
18-Sep-26,19:45,26303,0,615,376,630,812,999,1131,1200,874,1076,1121,848,724,1856,1822,1890,510,527,526,201,219,153,492,345,560
18-Sep-26,20:00,26315,0,615,376,612,812,998,1126,1199,874,1088,1121,848,724,1856,1820,1851,512,567,572,201,219,153,492,345,554
18-Sep-26,20:15,26448,0,615,376,598,812,996,1093,1199,873,1112,1121,848,724,1856,1819,1837,513,588,588,201,219,153,492,345,556
18-Sep-26,20:30,26592,0,615,376,598,812,994,1108,1198,873,1130,1121,848,724,1856,1818,1828,514,586,593,201,219,153,492,344,557
18-Sep-26,20:45,27055,0,615,376,600,812,993,1118,1198,872,1132,1121,848,724,1856,1816,1856,516,584,592,201,219,152,492,344,562
18-Sep-26,21:00,26512,0,615,376,618,812,991,1128,1198,872,1100,1121,848,724,1856,1815,1861,517,582,590,201,219,152,492,344,562
18-Sep-26,21:15,26873,0,615,376,612,811,990,1115,1197,872,1100,1121,848,724,1856,1814,1855,518,581,589,201,219,152,492,344,560
18-Sep-26,21:30,26467,0,615,376,616,811,988,1135,1197,871,1094,1121,848,724,1856,1812,1848,519,579,588,201,219,152,492,343,561
18-Sep-26,21:45,26808,0,615,376,614,811,987,1125,1196,871,1098,1121,848,724,1856,1811,1844,520,577,587,201,219,152,492,343,561
18-Sep-26,22:00,27044,0,615,376,615,811,985,1130,1196,870,1102,1121,848,725,1856,1810,1875,522,575,586,201,219,152,492,343,559
18-Sep-26,22:15,26759,0,615,376,638,811,984,1138,1195,870,1102,1121,848,725,1856,1808,1852,523,573,584,201,219,151,492,343,562
18-Sep-26,22:30,26731,0,615,376,642,811,982,1131,1195,870,1110,1121,848,725,1856,1807,1890,524,571,583,201,219,151,492,342,567
18-Sep-26,22:45,26478,0,615,376,637,811,981,1121,1194,869,1132,1121,848,725,1856,1806,1882,525,569,582,201,219,151,492,342,560
18-Sep-26,23:00,26596,0,615,376,641,811,979,1126,1194,869,1124,1121,847,726,1856,1804,1875,526,568,581,201,219,151,492,342,559
18-Sep-26,23:15,26515,0,615,376,641,810,977,1128,1194,868,1129,1121,847,726,1856,1803,1879,528,566,580,201,219,151,492,342,567
18-Sep-26,23:30,26621,0,615,376,632,810,976,1137,1193,868,1116,1121,847,726,1856,1802,1878,529,564,578,201,219,150,492,341,563
18-Sep-26,23:45,26400,0,615,376,635,810,974,1132,1192,868,1119,1121,847,726,1856,1800,1874,530,562,577,201,219,150,492,341,562
19-Sep-26,00:00,26199,0,615,376,626,810,973,1134,1192,867,1122,1121,847,727,1856,1799,1860,531,560,576,201,219,150,492,341,561
19-Sep-26,00:15,26161,0,615,376,626,810,971,1130,1191,867,1093,1121,847,727,1856,1798,1867,532,558,575,201,219,150,492,341,565
19-Sep-26,00:30,25885,0,615,376,625,810,970,1136,1191,866,1068,1121,847,727,1856,1796,1882,534,556,574,201,219,150,492,340,570
19-Sep-26,00:45,25433,0,615,375,632,809,968,1139,1190,866,1074,1121,847,728,1856,1795,1871,535,555,572,201,219,150,492,340,563
19-Sep-26,01:00,25120,0,615,375,633,809,967,1140,1190,866,1083,1121,847,728,1856,1794,1859,536,553,571,201,219,149,492,340,560
19-Sep-26,01:15,25235,0,615,375,632,809,965,1134,1190,865,1091,1121,847,728,1856,1792,1848,537,551,570,201,219,149,492,340,560
19-Sep-26,01:30,25301,0,615,375,631,809,963,1116,1189,865,1090,1121,847,728,1856,1791,1851,538,549,569,201,219,149,492,339,557
19-Sep-26,01:45,25549,0,615,375,630,809,962,1112,1189,864,1084,1121,847,729,1856,1790,1836,540,547,567,201,219,149,492,339,565
19-Sep-26,02:00,25410,0,615,375,628,808,960,1146,1188,864,1077,1121,847,729,1856,1788,1846,541,545,566,201,219,149,492,339,563
19-Sep-26,02:15,24829,0,615,375,627,808,959,1130,1188,864,1078,1121,847,729,1856,1787,1857,542,543,565,201,219,148,492,338,565
19-Sep-26,02:30,24873,0,615,375,626,808,957,1140,1188,863,1086,1121,847,730,1856,1786,1863,544,542,564,201,219,148,492,338,559
19-Sep-26,02:45,24502,0,615,375,624,808,956,1140,1187,863,1116,1121,846,730,1856,1784,1862,545,540,562,201,219,148,492,338,556
19-Sep-26,03:00,24274,0,615,375,623,808,954,1129,1187,862,1066,1121,846,730,1856,1783,1860,546,538,561,201,219,148,492,338,556
19-Sep-26,03:15,24058,0,615,375,622,808,953,1114,1186,862,1063,1121,846,730,1856,1782,1863,547,536,560,201,219,148,492,337,558
19-Sep-26,03:30,24020,0,615,375,621,807,951,1133,1186,862,1073,1121,846,731,1856,1780,1868,548,534,559,201,219,148,492,337,559
19-Sep-26,03:45,23950,0,615,375,620,807,949,1135,1186,861,1071,1121,846,731,1856,1779,1872,550,532,558,201,219,148,492,337,558
19-Sep-26,04:00,24007,0,615,375,618,807,948,1139,1185,861,1066,1121,846,731,1856,1778,1868,551,530,556,201,219,147,492,336,561
19-Sep-26,04:15,24153,0,615,375,617,807,946,1118,1185,860,1069,1121,846,732,1856,1776,1858,552,529,555,201,219,147,492,336,563
19-Sep-26,04:30,23857,0,615,375,616,806,945,1128,1184,860,1079,1121,846,732,1856,1775,1854,553,527,554,201,219,147,492,336,563
19-Sep-26,04:45,23732,0,615,375,602,806,943,1122,1184,860,1054,1121,846,732,1856,1774,1866,554,525,553,201,219,147,492,336,562
19-Sep-26,05:00,23506,0,615,375,585,806,942,1128,1184,859,1044,1122,846,732,1856,1772,1861,556,523,552,201,219,147,492,335,558
19-Sep-26,05:15,22931,0,615,375,594,806,940,1113,1183,859,1060,1122,846,733,1856,1771,1856,557,521,550,201,219,147,492,335,556
19-Sep-26,05:30,22980,0,615,375,585,805,939,1109,1183,858,1088,1122,846,733,1856,1770,1852,558,519,549,201,219,146,492,335,555
19-Sep-26,05:45,21838,0,615,375,583,805,937,1127,1182,858,1072,1122,845,733,1856,1768,1866,559,517,548,201,219,146,492,334,552
19-Sep-26,06:00,21473,4,615,375,577,805,936,1107,1182,858,1065,1122,845,734,1856,1767,1856,560,516,547,201,219,146,492,334,550
19-Sep-26,06:15,21155,29,615,375,575,804,862,978,1182,857,1065,1122,845,734,1856,1766,1850,562,514,546,201,219,146,492,334,548
19-Sep-26,06:30,21407,70,615,375,606,804,768,917,1181,857,1068,1122,845,734,1856,1764,1855,563,512,544,201,219,146,492,334,557
19-Sep-26,06:45,21484,129,615,375,627,804,670,830,1181,856,1077,1122,845,734,1856,1763,1860,564,510,543,200,219,146,492,333,559
19-Sep-26,07:00,21354,205,615,375,625,804,662,716,1180,856,1066,1122,845,735,1856,1762,1865,565,508,542,200,219,146,492,333,556
19-Sep-26,07:15,21287,301,615,375,622,803,654,707,1180,856,1062,1122,845,735,1856,1760,1843,566,506,541,200,219,145,492,332,555
19-Sep-26,07:30,21057,423,615,375,605,803,645,703,1180,855,1056,1122,844,735,1856,1759,1828,568,504,540,200,219,145,492,332,557
19-Sep-26,07:45,20908,554,615,375,578,803,637,703,1179,855,1068,1122,844,736,1856,1758,1806,569,503,538,200,219,145,492,331,529
19-Sep-26,08:00,20985,671,615,375,579,802,629,702,1179,854,1076,1122,844,736,1856,1701,1766,570,432,519,200,219,145,492,329,433
19-Sep-26,08:15,20997,911,615,375,588,802,630,611,1178,854,1084,1122,844,736,1856,1534,1572,571,359,423,200,219,145,492,327,323
19-Sep-26,08:30,21075,1038,615,375,606,802,632,683,1178,853,1087,1122,844,736,1856,1567,1479,572,372,362,200,219,145,492,330,300
19-Sep-26,08:45,21279,1148,615,375,619,802,634,756,1178,853,1072,1122,844,737,1856,1600,1480,574,385,353,200,219,144,492,334,310
19-Sep-26,09:00,21325,1315,615,375,591,801,635,737,1177,853,1078,1122,843,737,1856,1634,1510,575,398,358,200,219,144,492,337,317
19-Sep-26,09:15,22320,1398,615,375,535,801,637,746,1177,852,1081,1122,843,737,1856,1667,1572,576,411,361,200,219,144,492,341,339
19-Sep-26,09:30,22601,1516,615,375,401,801,642,754,1176,852,1081,1122,843,738,1856,1809,1805,577,424,387,200,219,144,492,403,398
19-Sep-26,09:45,23032,1608,615,375,360,800,648,745,1176,852,1080,1122,843,738,1856,1800,1851,578,497,496,200,219,144,492,481,456
19-Sep-26,10:00,23250,1629,615,375,343,800,654,750,1176,852,1079,1122,843,738,1856,1791,1847,580,570,576,200,219,144,492,532,491
19-Sep-26,10:15,23852,1797,615,375,348,800,660,706,1175,851,1083,1122,842,738,1856,1783,1836,581,554,614,200,219,144,492,526,521
19-Sep-26,10:30,23992,1752,615,375,345,800,666,706,1175,851,1062,1122,842,739,1856,1774,1808,582,539,609,200,219,143,492,521,531
19-Sep-26,10:45,23946,1784,615,375,348,799,672,721,1174,851,1021,1122,842,739,1856,1765,1808,583,523,605,200,219,143,492,515,545
19-Sep-26,11:00,23931,1699,615,375,360,799,678,729,1174,851,1046,1122,842,739,1856,1756,1847,584,507,608,200,219,143,492,509,542
19-Sep-26,11:15,23910,1757,615,375,481,799,683,721,1174,851,1063,1122,842,740,1856,1748,1847,586,434,542,200,219,143,492,503,551
19-Sep-26,11:30,24011,1637,615,375,561,798,689,735,1173,851,1043,1122,842,740,1856,1739,1863,587,463,445,200,219,143,492,498,563
19-Sep-26,11:45,24093,1617,615,375,574,798,695,736,1173,850,1043,1122,841,740,1856,1730,1854,588,492,450,200,219,143,492,492,563
19-Sep-26,12:00,24249,1493,615,375,555,798,701,747,1172,850,1050,1122,841,740,1856,1721,1846,589,569,577,200,219,142,492,486,565
19-Sep-26,12:15,23970,1542,615,375,553,798,707,751,1172,850,1045,1122,841,741,1856,1713,1840,590,574,591,200,219,142,492,480,549
19-Sep-26,12:30,24162,1614,615,375,557,797,713,733,1172,850,1038,1122,841,741,1856,1704,1840,592,578,593,200,219,142,492,475,556
19-Sep-26,12:45,24237,1652,615,375,556,797,719,741,1171,850,1055,1122,840,741,1856,1695,1848,593,510,606,200,219,142,492,469,553
19-Sep-26,13:00,24039,1606,615,375,556,797,725,816,1171,850,1062,1122,840,742,1856,1686,1846,594,531,537,200,219,142,492,493,474
19-Sep-26,13:15,23627,1497,615,375,541,796,794,853,1170,850,1057,1122,840,742,1856,1677,1832,595,552,510,200,219,142,492,517,456
19-Sep-26,13:30,23704,1515,615,375,540,796,881,930,1170,850,1026,1122,840,742,1856,1669,1834,596,573,536,200,219,142,492,541,483
19-Sep-26,13:45,23699,1413,615,375,545,796,866,979,1170,850,1025,1122,840,742,1856,1660,1836,598,536,601,200,219,141,492,509,525
19-Sep-26,14:00,23841,1454,615,375,549,796,852,1032,1169,850,1058,1122,839,743,1856,1651,1839,599,499,597,200,219,141,492,478,535
19-Sep-26,14:15,23671,1382,615,375,606,795,837,1014,1169,850,1052,1122,839,743,1856,1642,1846,600,523,509,200,219,141,492,499,485
19-Sep-26,14:30,23857,1270,615,375,600,795,822,1031,1168,850,1057,1122,839,743,1856,1634,1863,601,548,508,200,219,141,492,521,477
19-Sep-26,14:45,23723,1304,615,375,610,795,808,1035,1168,850,1046,1122,839,744,1856,1625,1851,602,572,510,200,219,141,492,542,527
19-Sep-26,15:00,23622,1255,615,375,633,795,793,1028,1168,850,1049,1122,838,744,1856,1616,1852,604,536,575,200,219,141,492,524,570
19-Sep-26,15:15,23019,1118,615,375,629,794,778,993,1167,850,1039,1122,838,744,1856,1607,1865,605,499,549,200,219,142,492,506,547
19-Sep-26,15:30,22826,1051,615,375,627,794,764,997,1167,849,1031,1122,838,744,1856,1598,1863,606,454,510,200,219,142,492,468,520
19-Sep-26,15:45,22575,879,615,375,626,794,749,1004,1166,849,1051,1122,838,745,1856,1590,1860,607,409,509,200,219,142,492,431,513
19-Sep-26,16:00,22338,841,615,375,627,794,657,798,1166,849,1052,1122,838,745,1856,1581,1680,608,354,391,200,219,142,492,359,383
19-Sep-26,16:15,21658,739,615,375,626,793,687,706,1166,849,1020,1122,837,745,1856,1699,1601,610,386,362,200,219,142,492,384,341
19-Sep-26,16:30,21393,619,615,375,624,793,716,734,1165,849,987,1122,837,746,1856,1817,1712,610,417,423,200,219,142,492,410,384
19-Sep-26,16:45,21295,547,615,375,647,793,791,809,1165,849,1022,1122,837,746,1856,1813,1849,610,448,440,200,219,142,492,449,434
19-Sep-26,17:00,21154,348,615,375,645,792,867,937,1164,849,1053,1122,837,746,1856,1809,1874,610,479,428,200,219,143,492,487,481
19-Sep-26,17:15,21140,265,615,375,635,792,899,1001,1164,849,1014,1122,836,746,1856,1805,1857,610,511,492,200,219,143,492,522,536
19-Sep-26,17:30,21411,196,615,375,651,792,938,1006,1164,849,1012,1122,836,747,1856,1802,1880,610,563,561,200,219,143,492,533,562
19-Sep-26,17:45,21849,135,615,375,650,792,977,1035,1163,849,968,1122,836,747,1856,1798,1881,610,577,596,200,219,143,492,532,568
19-Sep-26,18:00,22119,0,615,375,652,791,1008,1087,1163,849,969,1122,836,747,1856,1794,1884,610,590,599,200,219,143,492,531,570
19-Sep-26,18:15,23153,0,615,375,650,791,1006,1118,1162,849,911,1122,836,748,1856,1790,1886,610,592,589,200,219,143,492,530,570
19-Sep-26,18:30,22597,0,615,375,656,791,1005,1111,1162,849,849,1122,835,748,1856,1786,1888,610,594,592,200,219,144,492,528,572
19-Sep-26,18:45,23330,0,615,375,655,790,1003,1129,1162,849,817,1122,835,748,1856,1782,1872,610,596,596,200,219,144,492,527,564
19-Sep-26,19:00,23923,0,615,375,651,790,1002,1120,1161,849,786,1122,835,748,1856,1779,1880,610,599,601,200,219,144,492,526,568
19-Sep-26,19:15,25401,0,615,375,656,790,1000,1132,1161,849,817,1122,835,749,1856,1775,1880,610,601,599,200,219,144,492,525,566
19-Sep-26,19:30,25600,0,615,375,646,790,999,1135,1160,849,822,1122,834,749,1856,1771,1886,610,603,603,200,219,144,492,524,569
19-Sep-26,19:45,25713,0,615,375,637,789,997,1120,1160,849,811,1122,834,749,1856,1767,1882,610,605,608,200,219,144,492,522,567
19-Sep-26,20:00,25953,0,615,375,633,789,996,1125,1160,849,801,1122,834,750,1856,1763,1877,610,607,620,200,219,144,492,521,571
19-Sep-26,20:15,26723,0,615,375,634,789,994,1113,1159,849,816,1122,834,750,1856,1759,1873,610,609,611,200,219,145,492,520,572
19-Sep-26,20:30,26240,0,615,375,635,788,993,1128,1159,849,851,1122,834,750,1856,1756,1880,610,597,567,200,219,145,492,519,565
19-Sep-26,20:45,26141,0,615,375,648,788,991,1129,1158,848,835,1123,833,750,1856,1752,1888,610,586,574,200,219,145,492,518,567
19-Sep-26,21:00,26167,0,615,375,643,788,990,1128,1158,848,839,1123,833,751,1856,1748,1895,610,574,586,200,219,145,492,516,569
19-Sep-26,21:15,25913,0,615,375,636,788,988,1121,1158,848,840,1123,833,751,1856,1744,1884,610,577,583,200,219,145,492,515,574
19-Sep-26,21:30,26266,0,615,375,635,787,987,1116,1157,848,840,1123,833,751,1856,1740,1872,610,581,586,200,219,145,492,514,569
19-Sep-26,21:45,26355,0,615,375,639,787,985,1112,1157,848,826,1123,832,752,1856,1736,1880,610,588,593,200,219,146,492,513,573
19-Sep-26,22:00,26436,0,615,375,634,787,984,1125,1156,848,850,1123,832,752,1856,1733,1878,610,594,581,200,219,146,492,512,557
19-Sep-26,22:15,26049,0,615,375,644,786,982,1112,1156,848,867,1123,832,752,1856,1729,1872,610,601,591,200,219,146,492,510,550
19-Sep-26,22:30,25886,0,615,375,643,786,981,1127,1156,848,812,1123,832,752,1856,1725,1865,610,608,610,200,219,146,492,509,559
19-Sep-26,22:45,25752,0,615,375,647,786,979,1136,1155,848,792,1123,832,753,1856,1721,1888,610,605,618,200,219,146,492,508,562
19-Sep-26,23:00,25617,0,615,375,637,786,978,1137,1155,848,809,1123,831,753,1856,1717,1896,610,603,621,200,219,146,492,507,564
19-Sep-26,23:15,26188,0,615,375,649,785,976,1129,1154,848,801,1123,831,753,1856,1713,1887,610,600,624,200,219,146,492,506,566
19-Sep-26,23:30,25931,0,615,375,643,785,975,1131,1154,848,777,1123,831,754,1856,1710,1888,610,598,626,200,219,146,492,504,568
19-Sep-26,23:45,25692,0,615,375,630,785,973,1133,1154,848,772,1123,831,754,1856,1706,1880,610,595,624,200,219,146,492,503,563
20-Sep-26,00:00,25447,0,615,375,631,784,972,1137,1153,848,823,1123,830,754,1856,1702,1869,610,593,623,200,219,146,492,502,566
20-Sep-26,00:05,25527,0,615,375,634,784,971,1129,1153,848,809,1123,830,754,1856,1701,1865,610,592,622,200,219,147,492,502,572
20-Sep-26,00:10,25528,0,615,375,646,784,971,1124,1152,848,809,1123,830,755,1856,1699,1880,610,591,622,200,219,147,492,501,571
20-Sep-26,00:15,25496,0,615,375,642,784,970,1124,1152,848,808,1123,830,755,1856,1698,1880,610,590,622,200,219,147,492,501,571
20-Sep-26,00:20,25275,0,615,375,644,783,970,1127,1152,848,809,1123,830,755,1856,1697,1888,610,590,621,200,219,147,492,500,573
20-Sep-26,00:25,25278,0,615,375,644,783,969,1135,1151,848,799,1123,829,756,1856,1696,1896,610,589,621,200,219,147,492,500,572
20-Sep-26,00:30,25481,0,615,375,626,783,969,1123,1151,848,793,1123,829,756,1856,1694,1888,610,588,620,200,219,147,492,500,572
20-Sep-26,00:35,25374,0,615,375,629,783,968,1126,1150,848,784,1123,829,756,1856,1693,1881,610,587,620,200,219,147,492,499,569
20-Sep-26,00:40,25296,0,615,375,635,782,968,1131,1150,848,778,1123,829,756,1856,1692,1878,610,586,620,200,219,147,492,499,566
20-Sep-26,00:45,25142,0,615,375,633,782,967,1128,1150,848,777,1123,828,757,1856,1690,1875,610,585,619,200,219,147,492,498,565
20-Sep-26,00:50,25061,0,615,375,627,782,967,1125,1149,848,778,1123,828,757,1856,1689,1872,610,585,619,200,219,147,492,498,566
20-Sep-26,00:55,24878,0,615,375,632,782,966,1143,1149,848,767,1123,828,757,1856,1688,1870,610,584,618,200,219,147,492,498,565
20-Sep-26,01:00,24807,0,615,375,624,781,966,1138,1148,848,763,1123,828,758,1856,1687,1867,610,583,618,200,219,147,492,497,563
20-Sep-26,01:05,24559,0,615,375,627,781,965,1119,1148,848,757,1123,828,758,1856,1685,1864,610,582,618,200,219,147,492,496,566
20-Sep-26,01:10,24596,0,615,375,628,781,965,1109,1148,848,752,1123,827,758,1856,1684,1861,610,581,617,200,219,148,492,496,564
20-Sep-26,01:15,24644,0,615,375,631,780,964,1141,1147,847,748,1123,827,758,1856,1683,1858,610,580,617,200,219,148,492,496,570
20-Sep-26,01:20,24651,0,615,375,630,780,964,1129,1147,847,749,1123,827,759,1856,1682,1881,610,580,616,200,219,148,492,495,572
20-Sep-26,01:25,24834,0,615,375,634,780,963,1120,1146,847,743,1123,827,759,1856,1680,1881,610,579,616,200,219,148,492,495,571
20-Sep-26,01:30,24799,0,615,375,632,780,963,1127,1146,847,744,1123,826,759,1856,1679,1888,610,578,616,200,219,148,492,494,571
20-Sep-26,01:35,24762,0,615,375,631,779,962,1124,1146,847,744,1123,826,760,1856,1678,1888,610,577,615,200,219,148,492,494,572
20-Sep-26,01:40,24730,0,615,375,633,779,962,1118,1145,847,748,1123,826,760,1856,1676,1865,610,576,615,200,219,148,492,494,567
20-Sep-26,01:45,24686,0,615,375,633,779,961,1124,1145,847,748,1123,826,760,1856,1675,1865,610,575,614,200,219,148,492,493,567
20-Sep-26,01:50,24600,0,615,375,631,779,961,1129,1144,847,747,1123,826,760,1856,1674,1867,610,575,614,200,219,148,492,493,568
20-Sep-26,01:55,24555,0,615,375,626,778,960,1128,1144,847,748,1123,825,761,1856,1673,1869,610,574,614,200,219,148,492,492,569
20-Sep-26,02:00,24390,0,615,375,637,778,960,1129,1144,847,748,1123,825,761,1856,1671,1871,610,573,613,199,219,148,492,492,570
20-Sep-26,02:05,24015,0,615,375,632,778,959,1124,1143,847,748,1123,825,761,1856,1670,1870,610,572,612,199,219,148,492,492,571
20-Sep-26,02:10,23894,0,615,375,631,778,959,1131,1143,847,749,1123,825,762,1856,1669,1869,610,571,612,199,219,148,492,491,569
20-Sep-26,02:15,23890,0,615,375,630,777,958,1129,1142,847,750,1123,824,762,1856,1667,1867,610,570,612,199,219,148,492,491,565
20-Sep-26,02:20,23930,0,615,375,631,777,958,1130,1142,847,748,1123,824,762,1856,1666,1866,610,570,611,199,219,148,492,490,560
20-Sep-26,02:25,24009,0,615,375,630,777,957,1130,1142,847,750,1123,824,762,1856,1665,1868,610,569,611,199,219,149,492,490,563
20-Sep-26,02:30,24066,0,615,375,632,777,957,1133,1141,847,749,1123,824,763,1856,1664,1870,610,568,610,199,219,149,492,490,564
20-Sep-26,02:35,24104,0,615,375,631,776,956,1130,1141,847,748,1124,824,763,1856,1662,1871,610,567,610,199,219,149,492,489,565
20-Sep-26,02:40,24018,0,615,375,630,776,956,1121,1140,847,748,1124,823,763,1856,1661,1873,610,566,610,199,219,149,492,489,566
20-Sep-26,02:45,24101,0,615,375,633,776,955,1120,1140,847,749,1124,823,764,1856,1660,1881,610,565,609,199,219,149,492,488,567
20-Sep-26,02:50,24022,0,615,375,635,776,955,1141,1140,847,749,1124,823,764,1856,1659,1865,610,565,609,199,219,149,492,488,568
20-Sep-26,02:55,24070,0,615,375,637,775,954,1134,1139,847,748,1124,823,764,1856,1657,1873,610,564,608,199,219,149,492,488,569
20-Sep-26,03:00,24102,0,615,375,628,775,954,1132,1139,847,748,1124,822,764,1856,1656,1873,610,563,608,199,219,149,492,487,558
20-Sep-26,03:05,23798,0,615,375,630,775,953,1112,1138,847,747,1124,822,765,1856,1655,1865,610,562,608,199,219,149,492,487,559
20-Sep-26,03:10,23658,0,615,375,632,774,953,1118,1138,847,747,1124,822,765,1856,1653,1881,610,561,607,199,219,149,492,486,560
20-Sep-26,03:15,23263,0,615,375,633,774,952,1124,1138,847,746,1124,822,765,1856,1652,1879,610,560,607,199,219,149,492,486,562
20-Sep-26,03:20,23151,0,615,375,635,774,952,1122,1137,847,747,1124,822,766,1856,1651,1877,610,560,606,199,219,149,492,486,563
20-Sep-26,03:25,23063,0,615,375,635,774,951,1137,1137,847,743,1124,821,766,1856,1650,1876,610,559,606,199,219,149,492,485,565
20-Sep-26,03:30,22993,0,615,375,634,773,951,1127,1136,847,739,1124,821,766,1856,1648,1874,610,558,606,199,219,149,492,485,567
20-Sep-26,03:35,22756,0,615,375,632,773,950,1122,1136,847,744,1124,821,766,1856,1647,1872,610,557,605,199,219,149,492,484,572
20-Sep-26,03:40,22804,0,615,375,631,773,950,1122,1136,847,750,1124,821,767,1856,1646,1870,610,556,605,199,219,150,492,484,563
20-Sep-26,03:45,22735,0,615,375,630,772,949,1138,1135,847,747,1124,820,767,1856,1644,1869,610,555,604,199,219,150,492,484,564
20-Sep-26,03:50,22790,0,615,375,632,772,949,1132,1135,846,750,1124,820,767,1856,1643,1867,610,555,604,199,219,150,492,483,561
20-Sep-26,03:55,22720,0,615,375,635,772,948,1125,1134,846,752,1124,820,768,1856,1642,1865,610,554,604,199,219,150,492,483,560
20-Sep-26,04:00,22741,0,615,375,624,772,948,1128,1134,846,755,1124,820,768,1856,1641,1858,610,553,603,199,219,150,492,482,566
20-Sep-26,04:05,22707,0,615,375,624,771,947,1131,1134,846,758,1124,820,768,1856,1639,1858,610,552,603,199,219,150,492,482,561
20-Sep-26,04:10,22698,0,615,375,626,771,947,1124,1133,846,748,1124,819,768,1856,1638,1862,610,551,602,199,219,150,492,482,557
20-Sep-26,04:15,22697,0,615,375,624,771,946,1123,1133,846,747,1124,819,769,1856,1637,1866,610,550,602,199,219,150,492,481,556
20-Sep-26,04:20,23089,0,615,375,631,771,946,1130,1132,846,756,1124,819,769,1856,1636,1869,610,550,602,199,219,150,492,481,559
20-Sep-26,04:25,23067,0,615,375,632,770,945,1133,1132,846,773,1124,819,769,1856,1634,1873,610,549,601,199,219,150,492,480,555
20-Sep-26,04:30,22938,0,615,375,632,770,945,1135,1132,846,753,1124,818,770,1856,1633,1877,610,548,601,199,219,150,492,480,555
20-Sep-26,04:35,22671,0,615,375,631,770,944,1140,1131,846,753,1124,818,770,1856,1632,1880,610,547,600,199,219,150,492,480,554
20-Sep-26,04:40,22572,0,615,375,630,770,944,1127,1131,846,744,1124,818,770,1856,1630,1884,610,546,600,199,219,150,492,479,553
20-Sep-26,04:45,22451,0,615,375,630,769,943,1135,1130,846,743,1124,818,770,1856,1629,1888,610,545,600,199,219,150,492,479,551
20-Sep-26,04:50,22489,0,615,375,631,769,943,1140,1130,846,743,1124,818,771,1856,1628,1896,610,545,599,199,219,150,492,478,552
20-Sep-26,04:55,22533,0,615,375,631,769,942,1139,1130,846,744,1124,817,771,1856,1627,1896,610,544,599,199,219,150,492,478,551
20-Sep-26,05:00,22376,0,615,375,633,768,942,1144,1129,846,744,1124,817,771,1856,1625,1881,610,543,598,199,219,151,492,478,555
20-Sep-26,05:05,22089,0,615,375,634,768,941,1134,1129,846,745,1124,817,772,1856,1624,1873,610,542,598,199,219,151,492,477,553
20-Sep-26,05:10,22012,0,615,375,633,768,941,1141,1128,846,745,1124,817,772,1856,1623,1865,610,541,598,199,219,151,492,477,553
20-Sep-26,05:15,21984,0,615,375,632,768,940,1144,1128,846,746,1124,816,772,1856,1621,1865,610,540,597,199,219,151,492,476,551
20-Sep-26,05:20,21925,0,615,375,632,767,940,1137,1128,846,748,1125,816,772,1856,1620,1867,610,540,597,199,219,151,492,476,551
20-Sep-26,05:25,22071,0,615,375,629,767,939,1138,1127,846,758,1125,816,773,1856,1619,1869,610,539,596,199,219,151,492,476,552
20-Sep-26,05:30,22329,0,615,375,640,767,939,1126,1127,846,762,1125,816,773,1856,1618,1871,610,538,596,199,219,151,492,475,552
20-Sep-26,05:35,22336,0,615,375,643,766,938,1128,1126,846,764,1125,816,773,1856,1616,1872,610,537,596,199,219,151,492,475,555
20-Sep-26,05:40,22303,0,615,375,638,766,938,1143,1126,846,769,1125,815,774,1856,1615,1872,610,536,595,199,219,151,492,474,558
20-Sep-26,05:45,22399,0,615,375,636,766,937,1138,1125,846,768,1125,815,774,1856,1614,1873,610,535,595,199,219,151,492,474,555
20-Sep-26,05:50,22295,0,615,375,635,766,937,1138,1125,846,772,1125,815,774,1856,1613,1873,610,535,594,199,219,151,492,474,555
20-Sep-26,05:55,22201,0,615,375,636,765,936,1139,1125,846,778,1125,815,774,1856,1611,1874,610,534,594,199,219,151,492,473,553
20-Sep-26,06:00,22144,1,615,375,637,765,936,1126,1124,846,788,1125,814,775,1856,1610,1874,610,533,594,199,219,151,492,473,558
20-Sep-26,06:05,21428,9,615,375,632,765,911,1067,1124,846,784,1125,814,775,1856,1609,1874,610,532,593,199,219,151,492,472,559
20-Sep-26,06:10,21205,15,615,375,631,763,886,1057,1123,846,783,1125,814,775,1856,1607,1875,610,531,593,199,219,151,492,472,558
20-Sep-26,06:15,21169,28,615,375,630,762,862,991,1123,846,789,1125,814,776,1856,1606,1876,610,530,592,199,219,152,492,472,551
20-Sep-26,06:20,21107,42,615,375,628,760,831,955,1123,846,784,1125,814,776,1856,1605,1876,610,530,592,199,219,152,492,471,554
20-Sep-26,06:25,20999,61,615,375,627,752,800,947,1122,846,784,1125,813,776,1856,1604,1876,610,529,592,199,219,152,492,471,556
20-Sep-26,06:30,20902,73,615,375,627,743,768,914,1122,846,797,1125,813,776,1856,1602,1877,610,528,591,199,219,152,492,470,561
20-Sep-26,06:35,20815,90,615,375,631,735,735,883,1121,846,798,1125,813,777,1856,1601,1877,610,527,591,199,219,152,492,470,561
20-Sep-26,06:40,20726,118,615,375,633,702,702,838,1121,846,778,1125,813,777,1856,1600,1878,610,526,590,199,219,152,492,470,556
20-Sep-26,06:45,20668,156,615,375,634,670,670,826,1121,846,778,1125,812,777,1856,1598,1878,610,525,590,199,219,152,492,469,557
20-Sep-26,06:50,20621,182,615,375,632,671,663,731,1121,845,776,1125,812,778,1856,1597,1878,610,525,590,199,219,152,492,469,564
20-Sep-26,06:55,20627,199,615,375,632,672,656,715,1121,845,771,1125,812,778,1856,1596,1879,610,524,589,199,219,152,492,468,564
20-Sep-26,07:00,20499,234,615,375,634,672,648,744,1120,845,759,1125,812,778,1856,1595,1880,610,523,589,199,219,152,492,468,569
20-Sep-26,07:05,20419,252,615,375,632,673,641,737,1120,845,759,1125,812,778,1856,1593,1880,610,522,588,199,219,152,492,468,568
20-Sep-26,07:10,20417,287,615,375,632,674,634,721,1120,845,755,1126,811,779,1856,1592,1881,610,521,587,199,219,152,492,467,565
20-Sep-26,07:15,20486,353,615,375,630,675,626,735,1120,845,760,1126,811,779,1856,1591,1884,610,520,586,199,219,152,492,466,569
20-Sep-26,07:20,20418,409,615,375,637,676,619,734,1120,845,805,1126,811,779,1856,1590,1886,610,520,583,199,219,152,492,463,560
20-Sep-26,07:25,20395,443,615,375,636,677,612,739,1120,845,799,1126,811,780,1856,1588,1888,610,519,580,199,219,152,492,460,556
20-Sep-26,07:30,20510,513,615,375,631,677,605,743,1120,845,788,1126,810,780,1856,1587,1873,610,518,568,199,219,152,492,458,541
20-Sep-26,07:35,20446,549,615,375,631,678,598,734,1120,845,789,1126,810,780,1856,1586,1873,610,505,556,199,219,153,492,447,525
20-Sep-26,07:40,20372,595,615,375,636,679,590,738,1120,845,784,1126,810,780,1856,1584,1865,610,491,544,199,219,153,492,436,496
20-Sep-26,07:45,20470,648,615,375,636,680,583,738,1120,845,784,1126,810,781,1856,1583,1873,610,478,522,199,219,153,492,426,474
20-Sep-26,07:50,20400,675,615,375,631,681,576,724,1120,845,774,1126,810,781,1856,1582,1857,610,464,514,199,219,153,492,416,471
20-Sep-26,07:55,20372,739,615,375,632,681,568,731,1120,845,781,1126,809,781,1856,1581,1826,610,451,520,199,219,153,492,405,463
20-Sep-26,08:00,20388,787,615,375,621,682,561,731,1120,845,769,1126,809,782,1856,1579,1687,610,437,516,199,219,153,492,394,435
20-Sep-26,08:05,20426,853,615,375,615,683,569,688,1120,845,769,1126,809,782,1856,1529,1656,610,412,498,199,219,153,492,371,415
20-Sep-26,08:10,20506,911,615,375,640,684,576,665,1119,845,774,1126,809,782,1856,1478,1586,610,386,445,199,219,153,492,348,400
20-Sep-26,08:15,20625,1006,615,375,632,685,584,669,1119,845,773,1126,808,782,1856,1428,1563,610,360,420,199,219,153,492,325,377
20-Sep-26,08:20,20653,1053,615,375,636,685,591,655,1119,845,806,1126,808,783,1856,1461,1516,610,370,409,199,219,153,492,333,345
20-Sep-26,08:25,20818,1077,615,375,633,686,599,649,1119,845,789,1127,808,783,1856,1493,1521,610,379,393,199,219,153,492,342,326
20-Sep-26,08:30,20802,1092,615,375,624,687,607,651,1119,845,798,1127,808,783,1856,1526,1526,610,389,394,199,219,153,492,350,318
20-Sep-26,08:35,20606,1153,615,374,605,688,614,651,1119,845,798,1127,808,784,1856,1558,1530,610,399,391,199,219,153,492,359,306
20-Sep-26,08:40,20781,1213,615,374,611,689,622,667,1119,845,803,1127,808,784,1856,1591,1535,610,409,387,199,219,153,492,367,315
20-Sep-26,08:45,20844,1253,615,374,598,690,629,696,1119,845,802,1127,808,784,1856,1623,1540,610,418,390,199,219,154,492,376,347
20-Sep-26,08:50,20784,1291,615,374,588,690,622,740,1119,845,803,1127,808,784,1856,1681,1687,610,444,387,199,219,154,492,399,383
20-Sep-26,08:55,20928,1325,615,374,588,691,616,732,1119,845,810,1127,807,785,1856,1740,1671,610,470,394,199,219,154,492,422,399
20-Sep-26,09:00,21143,1356,615,374,581,692,609,726,1119,845,814,1127,807,785,1856,1798,1710,610,495,403,199,219,154,492,444,425
20-Sep-26,09:05,21263,1405,615,374,580,693,603,727,1119,845,823,1127,807,785,1856,1776,1764,610,524,407,199,219,154,492,470,424
20-Sep-26,09:10,21608,1397,615,374,578,694,596,726,1119,845,829,1127,807,786,1856,1754,1826,610,552,416,199,219,154,492,496,441
20-Sep-26,09:15,21844,1460,615,374,556,694,589,718,1119,845,849,1128,807,786,1856,1732,1841,610,581,452,199,219,154,492,523,475
20-Sep-26,09:20,22019,1480,615,374,557,695,583,730,1119,845,848,1128,807,786,1856,1710,1835,610,568,472,199,219,154,492,515,488
20-Sep-26,09:25,22095,1523,615,374,554,696,576,722,1119,845,853,1128,807,786,1856,1688,1829,610,555,508,199,219,154,492,507,518
20-Sep-26,09:30,22117,1589,615,374,548,697,569,726,1119,845,837,1128,807,787,1856,1666,1822,610,543,519,199,219,154,492,499,520
20-Sep-26,09:35,22201,1584,615,374,550,698,563,715,1119,845,849,1128,807,787,1856,1644,1816,610,530,540,199,219,154,492,491,534
20-Sep-26,09:40,22301,1611,615,374,555,698,556,718,1119,845,835,1128,807,787,1856,1622,1810,610,517,535,198,219,155,492,483,536
20-Sep-26,09:45,22476,1592,615,374,554,699,550,727,1118,845,823,1128,806,788,1856,1600,1648,610,517,531,198,219,155,492,475,514
20-Sep-26,09:50,22413,1607,615,374,555,700,559,686,1118,845,835,1129,806,788,1856,1637,1579,610,506,507,198,219,155,492,482,502
20-Sep-26,09:55,22472,1605,615,374,548,701,567,617,1118,845,846,1129,806,788,1856,1673,1540,610,494,468,198,219,155,492,490,478
20-Sep-26,10:00,22589,1624,615,374,540,702,576,618,1118,845,823,1129,806,788,1856,1710,1525,610,483,440,198,219,155,492,497,457
20-Sep-26,10:05,22778,1625,615,374,547,703,585,634,1118,844,810,1130,806,789,1856,1746,1548,610,472,442,198,219,155,492,505,456
20-Sep-26,10:10,22860,1613,615,374,553,703,594,633,1118,844,803,1130,806,789,1856,1783,1611,610,460,436,198,219,155,492,512,460
20-Sep-26,10:15,22847,1617,615,374,549,704,602,629,1118,844,802,1130,806,789,1856,1819,1674,610,449,435,198,219,156,492,519,460
20-Sep-26,10:20,22878,1648,615,374,553,705,611,609,1118,844,794,1130,806,790,1856,1818,1738,610,437,433,198,219,156,492,527,466
20-Sep-26,10:25,22731,1635,615,374,556,706,620,641,1118,844,780,1131,806,790,1856,1818,1801,610,426,426,198,219,156,492,534,476
20-Sep-26,10:30,23025,1697,615,374,574,707,628,653,1118,844,779,1131,806,790,1856,1817,1864,610,415,418,198,219,156,492,542,492
20-Sep-26,10:35,23045,1751,615,374,576,707,616,707,1118,844,780,1131,806,790,1856,1816,1818,610,403,419,198,219,156,492,531,507
20-Sep-26,10:40,23074,1785,615,374,581,708,604,710,1118,844,825,1132,805,791,1856,1816,1826,610,392,420,198,219,156,492,521,527
20-Sep-26,10:45,23307,1836,615,374,578,709,592,717,1118,844,824,1132,805,791,1856,1815,1849,610,380,421,198,219,156,492,510,545
20-Sep-26,10:50,23262,1861,615,374,577,710,579,714,1118,844,844,1132,805,791,1856,1814,1856,610,369,422,198,219,156,492,499,549
20-Sep-26,10:55,23262,1935,615,374,577,711,567,729,1118,844,829,1132,805,792,1856,1814,1848,610,358,423,198,219,157,492,488,551
20-Sep-26,11:00,23390,1914,615,374,585,712,555,714,1118,844,807,1133,805,792,1856,1813,1848,610,346,423,198,219,157,492,478,550
20-Sep-26,11:05,23457,1913,615,374,587,712,567,701,1118,844,803,1133,805,792,1856,1812,1864,610,354,402,198,219,157,492,488,537
20-Sep-26,11:10,23318,1898,615,374,594,713,578,652,1118,844,776,1133,805,792,1856,1812,1864,610,362,373,198,219,157,492,498,519
20-Sep-26,11:15,23355,1914,615,374,589,714,590,627,1118,844,793,1134,805,793,1856,1811,1866,610,371,362,198,219,157,492,508,500
20-Sep-26,11:20,23254,1937,615,374,588,715,602,633,1118,844,754,1134,805,793,1856,1810,1868,610,379,349,198,219,157,492,519,481
20-Sep-26,11:25,23315,1897,615,374,592,716,614,639,1118,844,727,1134,805,793,1856,1810,1870,610,387,348,198,219,157,492,529,486
20-Sep-26,11:30,23317,1901,615,374,588,716,625,650,1118,844,716,1134,804,794,1856,1809,1873,610,395,346,198,219,158,492,539,500
20-Sep-26,11:35,23318,1891,615,374,586,717,633,670,1118,844,727,1135,804,794,1856,1808,1875,610,403,344,198,219,158,492,537,504
20-Sep-26,11:40,23223,1906,615,374,587,718,641,713,1118,844,553,1135,804,794,1856,1808,1877,610,412,353,198,219,158,492,536,522
20-Sep-26,11:45,23353,1840,615,374,591,719,649,733,1118,844,552,1135,804,794,1856,1807,1876,610,420,367,198,219,158,492,534,538
20-Sep-26,11:50,23313,1805,615,374,589,720,656,729,1118,844,521,1136,804,795,1856,1806,1875,610,434,413,198,219,158,492,532,562
20-Sep-26,11:55,23370,1813,615,374,588,720,664,730,1117,844,526,1136,804,795,1856,1806,1874,610,449,431,198,219,158,492,531,565
20-Sep-26,12:00,23480,1801,615,374,591,721,672,750,1117,844,536,1136,804,795,1856,1805,1873,610,463,446,198,219,158,492,529,565
20-Sep-26,12:05,23542,1725,615,374,589,722,680,748,1117,844,551,1136,804,796,1856,1804,1872,610,478,448,198,219,159,492,527,566
20-Sep-26,12:10,23326,1712,615,374,588,723,688,730,1117,844,552,1137,804,796,1856,1804,1871,610,492,444,198,219,159,492,526,566
20-Sep-26,12:15,23441,1763,615,374,599,724,696,733,1117,844,552,1137,804,796,1856,1803,1871,610,507,450,198,219,159,492,524,569
20-Sep-26,12:20,23466,1696,615,374,587,725,703,744,1117,844,553,1137,804,796,1856,1803,1872,610,533,478,198,219,159,492,522,569
20-Sep-26,12:25,23456,1639,615,374,594,725,711,739,1117,844,553,1138,803,796,1856,1802,1874,610,558,508,198,219,159,492,521,572
20-Sep-26,12:30,23578,1629,615,374,589,726,719,790,1117,844,558,1138,803,797,1856,1801,1875,610,584,539,198,219,160,492,519,572
20-Sep-26,12:35,23634,1626,615,374,585,749,744,785,1117,844,563,1138,803,797,1856,1801,1877,610,581,566,198,219,160,492,517,566
20-Sep-26,12:40,23534,1577,615,374,584,772,768,813,1117,844,569,1138,803,797,1856,1800,1878,610,579,594,198,219,160,492,516,559
20-Sep-26,12:45,23534,1577,615,374,587,794,792,821,1117,844,574,1139,803,798,1856,1799,1872,610,576,598,198,219,160,492,514,561
20-Sep-26,12:50,23772,1601,615,374,592,823,822,893,1117,844,579,1139,803,798,1856,1799,1866,610,573,606,198,219,160,492,512,550
20-Sep-26,12:55,23826,1600,615,374,587,852,851,909,1117,844,580,1139,803,798,1856,1798,1859,610,571,607,198,219,160,492,511,553
20-Sep-26,13:00,23873,1560,615,374,583,881,880,927,1117,844,582,1140,803,798,1856,1797,1853,610,568,609,198,219,161,492,509,553
20-Sep-26,13:05,23709,1588,615,374,587,884,883,990,1117,844,584,1140,803,799,1856,1797,1853,610,565,612,198,219,161,492,507,560
20-Sep-26,13:10,23677,1595,615,374,587,888,887,998,1117,844,585,1140,803,799,1856,1796,1854,610,563,609,198,219,161,492,506,562
20-Sep-26,13:15,23759,1501,615,374,598,891,890,1016,1117,844,579,1140,802,799,1856,1795,1854,610,560,615,198,219,161,492,504,565
20-Sep-26,13:20,23818,1556,615,374,594,894,893,1028,1117,844,583,1141,802,799,1856,1795,1855,610,557,613,198,219,161,492,502,565
20-Sep-26,13:25,23784,1522,615,374,589,898,897,1012,1117,844,584,1141,802,800,1856,1794,1855,610,555,614,198,219,162,492,500,564
20-Sep-26,13:30,23857,1573,615,374,584,901,900,1005,1117,844,583,1141,802,800,1856,1793,1856,610,552,613,198,219,162,492,499,563
20-Sep-26,13:35,23852,1514,615,374,580,904,904,994,1117,844,582,1142,802,800,1856,1793,1856,610,549,613,198,219,162,492,497,562
20-Sep-26,13:40,23949,1519,615,374,578,908,907,1005,1117,844,582,1142,802,800,1856,1792,1856,610,546,614,198,219,162,492,495,561
20-Sep-26,13:45,23882,1444,615,374,582,911,910,1005,1117,843,581,1142,802,801,1856,1791,1857,610,544,613,198,219,162,492,494,564
20-Sep-26,13:50,23835,1435,615,374,581,914,914,998,1117,843,580,1142,802,801,1856,1791,1857,610,541,612,198,219,162,492,492,560
20-Sep-26,13:55,23918,1453,615,374,573,918,917,1003,1117,843,577,1143,802,801,1856,1790,1858,610,538,605,198,219,163,492,490,557
20-Sep-26,14:00,24078,1448,615,374,571,921,920,996,1117,843,577,1143,802,802,1856,1789,1858,610,536,607,198,219,163,492,489,562
20-Sep-26,14:05,24100,1438,615,374,567,924,924,999,1117,843,582,1143,802,802,1856,1789,1859,610,533,606,198,219,163,492,487,557
20-Sep-26,14:10,23758,1442,615,374,557,928,927,999,1117,843,584,1144,802,802,1856,1788,1859,610,530,611,198,219,163,492,485,555
20-Sep-26,14:15,23758,1442,615,374,560,931,930,1001,1117,843,586,1144,801,802,1856,1787,1844,610,528,613,198,219,163,492,484,552
20-Sep-26,14:20,23800,1457,615,374,556,934,934,1015,1116,843,588,1144,801,803,1856,1787,1847,610,525,610,198,219,164,492,482,556
20-Sep-26,14:25,23803,1472,615,374,556,938,937,999,1116,843,590,1144,801,803,1856,1786,1850,610,522,613,198,219,164,492,480,559
20-Sep-26,14:30,23980,1463,615,374,560,941,941,997,1116,843,592,1145,801,803,1856,1785,1853,610,520,612,198,219,164,492,479,559
20-Sep-26,14:35,24001,1394,615,374,549,944,944,996,1116,843,591,1145,801,804,1856,1785,1856,610,506,606,198,219,164,492,477,558
20-Sep-26,14:40,24025,1416,615,374,543,948,947,981,1116,843,592,1145,801,804,1856,1784,1859,610,493,545,198,219,164,492,475,555
20-Sep-26,14:45,23903,1384,615,374,545,951,951,966,1116,843,593,1146,801,804,1856,1783,1844,610,479,525,198,219,164,492,474,548
20-Sep-26,14:50,23941,1327,615,374,545,955,954,976,1116,843,592,1146,801,804,1856,1783,1834,610,465,527,198,219,165,492,472,552
20-Sep-26,14:55,23897,1297,615,374,542,958,957,998,1116,843,590,1146,801,804,1856,1782,1824,610,451,527,198,219,165,492,470,540
20-Sep-26,15:00,24066,1231,615,374,542,961,961,993,1116,843,589,1146,801,805,1856,1781,1815,610,438,526,198,219,165,492,469,516
20-Sep-26,15:05,23286,1144,615,374,599,965,964,996,1116,843,585,1147,801,805,1856,1781,1805,610,448,480,198,219,165,492,477,466
20-Sep-26,15:10,23099,1149,615,374,598,968,968,1000,1116,843,580,1147,800,805,1856,1780,1805,610,458,454,198,219,165,492,485,469
20-Sep-26,15:15,23021,1131,615,374,610,971,971,992,1116,843,576,1147,800,806,1856,1779,1813,610,468,441,198,219,166,492,493,467
20-Sep-26,15:20,23031,1100,615,374,602,975,974,1009,1116,843,572,1148,800,806,1856,1779,1816,610,478,439,198,219,166,492,501,469
20-Sep-26,15:25,22890,1097,615,374,604,978,978,1004,1116,843,574,1148,800,806,1856,1778,1819,610,489,432,198,219,166,492,509,471
20-Sep-26,15:30,22822,1083,615,374,608,981,981,1006,1116,843,566,1148,800,806,1856,1777,1822,610,499,433,198,219,166,492,517,469
20-Sep-26,15:35,22695,1014,615,374,602,985,984,1002,1116,843,563,1148,800,807,1856,1777,1825,610,509,434,198,219,166,492,525,470
20-Sep-26,15:40,22706,1033,615,374,607,988,988,1004,1116,843,561,1149,800,807,1856,1776,1828,610,519,434,198,219,166,492,533,472
20-Sep-26,15:45,22638,1000,615,374,605,991,991,1001,1116,843,588,1149,800,807,1856,1775,1836,610,529,435,198,219,167,492,541,501
20-Sep-26,15:50,22505,960,615,374,610,995,994,1006,1116,843,563,1149,800,808,1856,1775,1844,610,539,435,198,219,167,492,541,514
20-Sep-26,15:55,22473,915,615,374,617,998,998,1014,1116,843,556,1150,800,808,1856,1774,1850,610,549,434,198,219,167,492,540,553
20-Sep-26,16:00,22439,881,615,374,619,1001,1001,1013,1116,843,554,1150,800,808,1856,1773,1856,610,559,434,198,219,167,492,540,566
20-Sep-26,16:05,21955,853,615,374,621,1005,1005,1016,1116,843,559,1150,800,808,1856,1773,1861,610,570,435,198,219,167,492,540,564
20-Sep-26,16:10,21773,801,615,374,620,1008,1008,1004,1116,843,559,1150,799,809,1856,1772,1867,610,580,434,198,219,168,492,539,556
20-Sep-26,16:15,21642,773,615,374,620,1011,1011,1005,1116,843,558,1151,799,809,1856,1771,1859,610,590,435,198,219,168,492,538,556
20-Sep-26,16:20,21581,682,615,374,627,1015,1015,1001,1116,843,558,1151,799,809,1856,1771,1844,610,591,435,198,219,168,492,538,557
20-Sep-26,18:10,23387,0,615,374,613,1014,1014,1135,1116,843,678,1151,799,809,1856,1770,1852,610,591,614,198,219,168,492,538,548
20-Sep-26,18:15,23155,0,615,374,625,1014,1014,1129,1116,843,672,1152,799,810,1856,1770,1836,610,592,613,198,219,168,492,537,559
20-Sep-26,18:20,23145,0,615,374,621,1013,1013,1119,1116,843,692,1152,799,810,1856,1769,1859,610,592,613,198,219,168,492,537,555
20-Sep-26,18:25,23153,0,615,374,625,1013,1013,1117,1116,843,666,1152,799,810,1856,1768,1875,610,592,612,198,219,169,492,536,555
20-Sep-26,18:30,23111,0,615,374,624,1012,1012,1108,1116,843,666,1152,799,810,1856,1768,1859,610,593,609,198,219,169,492,536,558
20-Sep-26,18:35,23630,0,615,374,624,1012,1012,1114,1116,843,672,1153,798,811,1856,1767,1862,610,593,615,198,219,169,492,536,551
20-Sep-26,18:40,23545,0,615,374,626,1011,1011,1133,1116,843,686,1153,798,811,1856,1766,1864,610,594,615,198,219,169,492,535,551
20-Sep-26,18:45,23619,0,615,374,631,1011,1011,1131,1116,843,684,1153,798,811,1856,1766,1867,610,594,614,198,219,169,492,535,557
20-Sep-26,18:50,23997,0,615,374,638,1010,1010,1131,1116,843,685,1154,798,812,1856,1765,1870,610,594,614,198,219,170,492,534,558
20-Sep-26,18:55,24131,0,615,374,625,1009,1009,1137,1115,843,677,1154,798,812,1856,1764,1872,610,595,614,198,219,170,492,534,563
20-Sep-26,19:00,24015,0,615,374,631,1009,1009,1123,1115,843,677,1154,798,812,1856,1764,1875,610,595,613,198,219,170,492,534,562
20-Sep-26,19:05,24113,0,615,374,626,1008,1008,1125,1115,843,682,1154,798,812,1856,1763,1875,610,596,613,198,219,170,492,533,562
20-Sep-26,19:10,25504,0,615,374,631,1008,1008,1126,1115,843,695,1155,797,812,1856,1762,1882,610,596,612,197,219,170,492,533,561
20-Sep-26,19:15,25566,0,615,374,631,1007,1007,1123,1115,843,694,1155,797,813,1856,1762,1882,610,596,612,197,219,170,492,532,560
20-Sep-26,19:20,25404,0,615,374,633,1007,1007,1119,1115,843,690,1155,797,813,1856,1761,1875,610,597,612,197,219,171,492,532,559
20-Sep-26,19:25,24928,0,615,374,637,1006,1006,1125,1115,842,709,1156,797,813,1856,1760,1859,610,597,611,197,219,171,492,532,557
20-Sep-26,19:30,25103,0,615,374,632,1006,1006,1123,1115,842,711,1156,797,814,1856,1760,1859,610,598,610,197,219,171,492,531,558
20-Sep-26,19:35,25173,0,615,374,630,1005,1005,1138,1115,842,707,1156,796,814,1856,1759,1867,610,598,610,197,219,171,492,531,555
20-Sep-26,19:40,25171,0,615,374,636,1004,1004,1130,1115,842,711,1156,796,814,1856,1758,1875,610,599,613,197,219,171,492,530,550
20-Sep-26,19:45,25414,0,615,374,631,1004,1004,1134,1115,842,711,1157,796,814,1856,1758,1875,610,599,612,197,219,172,492,530,549
20-Sep-26,19:50,25961,0,615,374,631,1003,1003,1134,1115,842,722,1157,796,815,1856,1757,1867,610,600,612,197,219,172,492,529,562
20-Sep-26,19:55,25783,0,615,374,627,1003,1003,1136,1115,842,716,1157,796,815,1856,1756,1859,610,600,613,197,219,172,492,529,560
20-Sep-26,20:00,25690,0,615,374,629,1002,1002,1139,1115,842,696,1157,796,815,1856,1756,1858,610,600,614,197,219,172,492,528,553
20-Sep-26,20:05,25954,0,615,374,621,1002,1002,1127,1115,842,700,1158,795,815,1856,1755,1856,610,601,614,197,219,172,492,528,551
20-Sep-26,20:10,26028,0,615,374,619,1001,1001,1121,1115,842,716,1158,795,816,1856,1754,1855,610,601,613,197,219,172,492,528,556
20-Sep-26,20:15,25884,0,615,374,612,1001,1001,1117,1115,842,706,1158,795,816,1856,1754,1853,610,602,613,197,219,173,492,527,560
20-Sep-26,20:20,26002,0,615,374,616,1000,1000,1119,1115,842,705,1158,795,816,1856,1753,1852,610,602,610,197,219,173,492,527,564
20-Sep-26,20:25,25842,0,615,374,620,999,999,1111,1115,842,711,1158,795,816,1856,1752,1844,610,602,611,197,219,173,492,526,567
20-Sep-26,20:30,26018,0,615,374,620,999,999,1114,1115,842,706,1159,794,817,1856,1752,1847,610,603,612,197,219,173,492,526,562
20-Sep-26,20:35,26209,0,615,374,624,998,998,1118,1115,842,706,1159,794,817,1856,1751,1851,610,603,615,197,219,173,492,526,565
20-Sep-26,20:40,26362,0,615,374,647,998,998,1124,1115,842,710,1159,794,817,1856,1750,1854,610,604,614,197,219,174,492,525,570
20-Sep-26,20:45,26262,0,615,374,641,997,997,1135,1115,842,700,1159,794,818,1856,1750,1857,610,604,614,197,219,174,492,525,569
20-Sep-26,20:50,26182,0,615,374,629,997,997,1130,1115,842,711,1160,794,818,1856,1749,1860,610,604,614,197,219,174,492,524,572
20-Sep-26,20:55,26208,0,615,374,628,996,996,1124,1115,842,711,1160,794,818,1856,1748,1864,610,605,613,197,219,174,492,524,573
20-Sep-26,21:00,26370,0,615,374,631,996,996,1120,1115,842,710,1160,793,818,1856,1748,1867,610,605,613,197,219,174,492,524,573
20-Sep-26,21:05,26168,0,615,374,632,995,995,1129,1115,842,705,1160,793,818,1856,1747,1875,610,606,612,197,219,174,492,523,570
20-Sep-26,21:10,26116,0,615,374,636,994,994,1122,1115,842,716,1160,793,819,1856,1746,1871,610,606,612,197,219,175,492,523,570
20-Sep-26,21:15,26243,0,615,374,635,994,994,1122,1115,842,711,1161,793,819,1856,1746,1867,610,606,611,197,219,175,492,522,566
20-Sep-26,21:20,26634,0,615,374,631,993,993,1133,1115,842,712,1161,793,819,1856,1745,1863,610,607,611,197,219,175,492,522,562
20-Sep-26,21:25,27394,0,615,374,628,993,993,1121,1115,842,713,1161,792,820,1856,1744,1859,610,607,616,197,219,175,492,522,570
20-Sep-26,21:30,27206,0,615,374,628,992,992,1109,1115,842,716,1161,792,820,1856,1744,1852,610,608,615,197,219,175,492,521,561
20-Sep-26,21:35,26985,0,615,374,624,992,992,1117,1115,842,717,1162,792,820,1856,1743,1860,610,608,616,197,219,176,492,521,564
20-Sep-26,21:40,27048,0,615,374,630,991,991,1123,1115,842,717,1162,792,820,1856,1742,1861,610,608,609,197,219,176,492,520,568
20-Sep-26,21:45,26973,0,615,374,631,991,991,1124,1115,842,707,1162,792,821,1856,1742,1863,610,609,611,197,219,176,492,520,567
20-Sep-26,21:50,26917,0,615,374,630,990,990,1122,1115,842,705,1162,792,821,1856,1741,1864,610,609,613,197,219,176,492,519,565
20-Sep-26,21:55,26874,0,615,374,632,989,989,1122,1115,842,708,1162,791,821,1856,1740,1866,610,608,613,197,219,176,492,519,566
20-Sep-26,22:00,26791,0,615,374,631,989,989,1118,1114,842,713,1163,791,822,1856,1740,1867,610,608,597,197,219,176,492,518,568
20-Sep-26,22:05,26785,0,615,374,631,988,988,1117,1114,842,698,1163,791,822,1856,1739,1867,610,607,577,197,219,177,492,518,570
20-Sep-26,22:10,26716,0,615,374,641,988,988,1119,1114,842,706,1163,791,822,1856,1738,1865,610,606,586,197,219,177,492,518,571
20-Sep-26,22:15,26716,0,615,374,639,987,987,1120,1114,842,705,1163,791,822,1856,1738,1864,610,605,610,197,219,177,492,517,565
20-Sep-26,22:20,26529,0,615,374,637,987,987,1125,1114,842,707,1164,790,823,1856,1737,1862,610,605,617,197,219,177,492,517,571
20-Sep-26,22:25,26278,0,615,374,654,986,986,1119,1114,842,705,1164,790,823,1856,1737,1860,610,604,610,197,219,177,492,516,567
20-Sep-26,22:30,26110,0,615,374,653,986,986,1138,1114,842,691,1164,790,823,1856,1736,1875,610,603,616,197,219,178,492,516,566
20-Sep-26,22:35,26031,0,615,374,637,985,985,1137,1114,842,686,1164,790,823,1856,1735,1882,610,602,617,197,219,178,492,516,567
20-Sep-26,22:40,26004,0,615,374,647,984,984,1127,1114,842,685,1164,790,824,1856,1735,1883,610,602,617,197,219,178,492,515,561
20-Sep-26,22:45,25805,0,615,374,636,984,984,1126,1114,842,695,1165,790,824,1856,1734,1875,610,601,615,197,219,178,492,515,561
20-Sep-26,22:50,25757,0,615,374,643,983,983,1123,1114,842,704,1165,789,824,1856,1733,1860,610,600,618,197,219,178,492,514,560
20-Sep-26,22:55,25728,0,615,374,650,983,983,1122,1114,842,704,1165,789,824,1856,1733,1875,610,600,619,197,219,178,492,514,561
20-Sep-26,23:00,25743,0,615,374,635,982,982,1114,1114,842,706,1165,789,825,1856,1732,1890,610,599,618,197,219,179,492,514,567
20-Sep-26,23:05,26096,0,615,374,634,982,982,1129,1114,842,708,1166,789,825,1856,1731,1875,610,598,620,197,219,179,492,513,568
20-Sep-26,23:10,26169,0,615,374,645,981,981,1123,1114,842,709,1166,789,825,1856,1731,1867,610,597,618,197,219,179,492,513,568
20-Sep-26,23:15,25823,0,615,374,645,981,981,1121,1114,842,711,1166,788,826,1856,1730,1875,610,597,616,197,219,179,492,512,567
20-Sep-26,23:20,25677,0,615,374,632,980,980,1129,1114,842,711,1166,788,826,1856,1729,1883,610,596,619,197,219,179,492,512,569
20-Sep-26,23:25,25736,0,615,374,632,979,979,1129,1114,842,712,1166,788,826,1856,1729,1879,610,595,619,197,219,180,492,512,567
20-Sep-26,23:30,25989,0,615,374,633,979,979,1125,1114,842,712,1167,788,826,1856,1728,1875,610,594,616,197,219,180,492,511,562
20-Sep-26,23:35,26086,0,615,374,637,978,978,1121,1114,841,713,1167,788,827,1856,1727,1871,610,594,616,197,219,180,492,511,559
20-Sep-26,23:40,25687,0,615,373,616,978,978,1117,1114,841,713,1167,788,827,1856,1727,1868,610,593,617,197,219,180,492,510,559
20-Sep-26,23:45,25929,0,615,373,616,977,977,1126,1114,841,714,1167,787,827,1856,1726,1864,610,592,616,197,219,180,492,510,561
20-Sep-26,23:50,26062,0,615,373,615,977,977,1132,1114,841,714,1168,787,828,1856,1725,1860,610,591,617,197,219,180,492,509,557
20-Sep-26,23:55,26041,0,615,373,597,976,976,1131,1114,841,714,1168,787,828,1856,1725,1856,610,591,618,197,219,181,492,509,558
21-Sep-26,00:00,25825,0,615,373,594,976,976,1112,1114,841,715,1168,787,828,1856,1724,1852,610,590,619,197,219,181,492,508,557
21-Sep-26,00:05,25703,0,615,373,627,975,975,1120,1114,841,715,1168,787,828,1856,1723,1828,610,589,617,197,219,181,492,508,563
21-Sep-26,00:10,25768,0,615,373,633,974,974,1113,1114,841,714,1168,786,828,1856,1723,1828,610,589,618,197,219,181,492,508,560
21-Sep-26,00:15,25627,0,615,373,631,974,974,1122,1114,841,713,1169,786,829,1856,1722,1844,610,588,618,197,219,181,492,507,560
21-Sep-26,00:20,24967,0,615,373,634,973,973,1129,1114,841,712,1169,786,829,1856,1721,1867,610,587,617,197,219,182,492,507,558
21-Sep-26,00:25,24893,0,615,373,626,973,973,1124,1114,841,711,1169,786,829,1856,1721,1874,610,586,616,197,219,182,492,506,564
21-Sep-26,00:30,25256,0,615,373,625,972,972,1115,1114,841,710,1169,786,830,1856,1720,1859,610,586,616,197,219,182,492,506,559
21-Sep-26,00:35,24724,0,615,373,626,972,972,1127,1114,841,709,1170,786,830,1856,1719,1856,610,585,611,197,219,182,492,506,561
21-Sep-26,00:40,24591,0,615,373,621,971,971,1125,1114,841,707,1170,785,830,1856,1719,1854,610,584,615,197,219,182,492,505,558
21-Sep-26,00:45,24287,0,615,373,625,971,971,1122,1114,841,706,1170,785,830,1856,1718,1852,610,583,617,197,219,182,492,505,562
21-Sep-26,00:50,24336,0,615,373,626,970,970,1120,1114,841,705,1170,785,831,1856,1717,1849,610,583,614,197,219,183,492,504,560
21-Sep-26,00:55,24487,0,615,373,626,969,969,1118,1114,841,715,1170,785,831,1856,1717,1849,610,582,613,197,219,183,492,504,560
21-Sep-26,01:00,24457,0,615,373,625,969,969,1123,1114,841,715,1171,785,831,1856,1716,1841,610,581,612,197,219,183,492,504,563
21-Sep-26,01:05,24374,0,615,373,625,968,968,1132,1114,841,716,1171,784,831,1856,1715,1833,610,581,613,197,219,183,492,503,560
21-Sep-26,01:10,24294,0,615,373,626,968,968,1136,1114,841,721,1171,784,832,1856,1715,1833,610,580,614,197,219,183,492,503,558
21-Sep-26,01:15,24278,0,615,373,625,967,967,1126,1114,841,720,1172,784,832,1856,1714,1826,610,579,612,197,219,184,492,502,558
21-Sep-26,01:20,24275,0,615,373,627,967,967,1124,1114,841,721,1172,784,832,1856,1713,1826,610,578,612,197,219,184,492,502,560
21-Sep-26,01:25,24205,0,615,373,618,966,966,1135,1113,841,710,1172,784,832,1856,1713,1841,610,578,613,197,219,184,492,502,562
21-Sep-26,01:30,24270,0,615,373,616,966,966,1130,1113,841,710,1172,784,833,1856,1712,1841,610,577,614,197,219,184,492,501,565
21-Sep-26,01:35,24556,0,615,373,615,965,965,1135,1113,841,694,1173,783,833,1856,1711,1843,610,576,613,197,219,184,492,501,563
21-Sep-26,01:40,24484,0,615,373,616,964,964,1132,1113,841,690,1173,783,833,1856,1711,1844,610,575,612,197,219,184,492,500,565
21-Sep-26,01:45,24385,0,615,373,615,964,964,1127,1113,841,702,1173,783,833,1856,1710,1846,610,575,612,197,219,185,492,500,563
21-Sep-26,01:50,24381,0,615,373,615,963,963,1121,1113,841,705,1174,783,834,1856,1709,1847,610,574,606,197,219,185,492,500,557
21-Sep-26,01:55,24432,0,615,373,616,963,963,1131,1113,841,705,1174,783,834,1856,1709,1849,610,573,601,197,219,185,492,499,563
21-Sep-26,02:00,24613,0,615,373,614,962,962,1121,1113,841,706,1174,782,834,1856,1708,1864,610,572,601,197,219,185,492,499,564
21-Sep-26,02:05,24641,0,615,373,615,962,962,1123,1113,841,708,1174,782,834,1856,1707,1864,610,572,600,197,219,185,492,498,565
21-Sep-26,02:10,24586,0,615,373,616,961,961,1134,1113,841,710,1175,782,835,1856,1707,1857,610,571,603,197,219,186,492,498,561
21-Sep-26,02:15,24431,0,615,373,637,961,961,1132,1113,841,711,1175,782,835,1856,1706,1857,610,570,601,197,219,186,492,497,561
21-Sep-26,02:20,24565,0,615,373,634,960,960,1129,1113,841,712,1175,782,835,1856,1705,1849,610,570,600,197,219,186,492,497,567
21-Sep-26,02:25,24532,0,615,373,634,959,959,1130,1113,841,712,1176,782,835,1856,1705,1850,610,569,598,197,219,186,492,496,564
21-Sep-26,02:30,24418,0,615,373,635,959,959,1130,1113,841,704,1176,781,836,1856,1704,1852,610,568,600,197,219,186,492,496,567
21-Sep-26,02:35,24567,0,615,373,635,958,958,1131,1113,841,700,1176,781,836,1856,1704,1853,610,567,601,197,219,186,492,496,564
21-Sep-26,02:40,24626,0,615,373,637,958,958,1124,1113,841,699,1176,781,836,1856,1703,1854,610,567,601,197,219,187,492,495,564
21-Sep-26,02:45,24390,0,615,373,635,957,957,1127,1113,841,698,1176,781,836,1856,1702,1856,610,566,602,197,219,187,492,495,563
21-Sep-26,02:50,24286,0,615,373,636,957,957,1135,1113,841,696,1177,781,837,1856,1702,1857,610,565,602,196,219,187,492,494,561
21-Sep-26,02:55,24073,0,615,373,637,956,956,1130,1113,841,695,1177,780,837,1856,1701,1850,610,564,603,196,219,187,492,494,563
21-Sep-26,03:00,24016,0,615,373,635,956,956,1133,1113,841,690,1177,780,837,1856,1700,1853,610,564,603,196,219,187,492,494,565
21-Sep-26,03:05,24023,0,615,373,635,955,955,1130,1113,841,690,1178,780,838,1856,1700,1856,610,563,604,196,219,188,492,493,564
21-Sep-26,03:10,23877,0,615,373,634,954,954,1130,1113,841,691,1178,780,838,1856,1699,1859,610,562,604,196,219,188,492,493,568
21-Sep-26,03:15,23729,0,615,373,634,954,954,1135,1113,841,691,1178,779,838,1856,1698,1862,610,562,605,196,219,188,492,492,566
21-Sep-26,03:20,23672,0,615,373,635,953,953,1134,1113,841,693,1178,779,838,1856,1698,1865,610,561,604,196,219,188,492,492,569
21-Sep-26,03:25,23769,0,615,373,641,953,953,1138,1113,841,693,1179,779,839,1856,1697,1865,610,560,603,196,219,188,492,492,568
21-Sep-26,03:30,24165,0,615,373,639,952,952,1129,1113,841,692,1179,778,840,1856,1696,1873,610,559,604,196,219,188,492,491,568
21-Sep-26,03:35,24333,0,615,373,634,952,952,1132,1113,841,692,1179,778,840,1856,1696,1873,610,559,603,196,219,189,492,491,566
21-Sep-26,03:40,24590,0,615,373,638,951,951,1130,1113,840,691,1179,778,840,1856,1695,1880,610,558,604,196,219,189,492,490,564
21-Sep-26,03:45,24588,0,615,373,636,951,951,1133,1113,840,691,1180,778,841,1856,1694,1873,610,557,606,196,219,189,492,490,561
21-Sep-26,03:50,24846,0,615,373,637,950,950,1127,1113,840,693,1180,777,841,1856,1694,1873,610,556,607,196,219,189,492,490,562
21-Sep-26,03:55,24808,0,615,373,634,949,949,1116,1113,840,694,1180,777,841,1856,1693,1865,610,556,608,196,219,189,492,489,563
21-Sep-26,04:00,24789,0,615,373,632,949,949,1114,1113,840,696,1180,777,841,1856,1692,1865,610,555,608,196,219,190,492,489,559
21-Sep-26,04:05,24672,0,615,373,638,948,948,1121,1113,840,697,1180,776,842,1856,1692,1873,610,554,608,196,219,190,492,488,558
21-Sep-26,04:10,24663,0,615,373,634,948,948,1129,1113,840,698,1181,776,842,1856,1691,1870,610,554,609,196,219,190,492,488,568
21-Sep-26,04:15,24459,0,615,373,636,947,947,1108,1113,840,699,1181,776,842,1856,1690,1867,610,553,609,196,219,190,492,487,557
21-Sep-26,04:20,24042,0,615,373,634,947,947,1105,1113,840,700,1181,776,842,1856,1690,1863,610,552,610,196,219,190,492,487,555
21-Sep-26,04:25,23781,0,615,373,637,946,946,1126,1113,840,702,1181,775,843,1856,1689,1860,610,551,610,196,219,190,492,486,558
21-Sep-26,04:30,23636,0,615,373,620,946,946,1134,1113,840,703,1182,775,844,1856,1688,1862,610,551,610,196,219,191,492,486,557
21-Sep-26,04:35,23808,0,615,373,620,945,945,1137,1113,840,703,1182,775,844,1856,1688,1864,610,550,611,196,219,191,492,486,555
21-Sep-26,04:40,23947,0,615,373,622,944,944,1138,1113,840,702,1182,774,844,1856,1687,1866,610,549,611,196,219,191,492,485,563
21-Sep-26,04:45,24017,0,615,373,627,944,944,1121,1112,840,702,1182,774,845,1856,1686,1869,610,548,612,196,219,191,492,485,556
21-Sep-26,04:50,24006,0,615,373,625,943,943,1116,1112,840,701,1182,774,845,1856,1686,1871,610,548,612,196,219,191,492,484,562
21-Sep-26,04:55,23860,0,615,373,623,943,943,1120,1112,840,701,1183,774,845,1856,1685,1873,610,547,612,196,219,192,492,484,558
21-Sep-26,05:00,23604,0,615,373,625,942,942,1113,1112,840,702,1183,773,846,1856,1684,1876,610,546,613,196,219,192,492,484,564
21-Sep-26,05:05,23506,0,615,373,623,942,942,1116,1112,840,702,1183,773,846,1856,1684,1878,610,545,613,196,219,192,492,483,565
21-Sep-26,05:10,23257,0,615,373,631,941,941,1128,1112,840,702,1183,773,846,1856,1683,1877,610,545,614,196,219,192,492,483,566
21-Sep-26,05:15,23214,0,615,373,638,941,941,1132,1112,840,703,1184,773,846,1856,1682,1877,610,544,614,196,219,192,492,482,566
21-Sep-26,05:20,23660,0,615,373,635,940,940,1134,1112,840,703,1184,772,847,1856,1682,1876,610,543,614,196,219,192,492,482,567
21-Sep-26,05:25,23768,0,615,373,646,939,939,1137,1112,840,704,1184,772,848,1856,1681,1876,610,543,615,196,219,193,492,482,566
21-Sep-26,05:30,23290,0,615,373,647,939,939,1140,1112,840,704,1184,772,848,1856,1680,1875,610,542,615,196,219,193,492,481,566
21-Sep-26,05:35,22975,0,615,373,636,938,938,1140,1112,840,705,1184,772,848,1856,1680,1874,610,541,616,196,219,193,492,481,559
21-Sep-26,05:40,22894,0,615,373,637,938,938,1127,1112,840,705,1185,771,849,1856,1679,1874,610,540,616,196,219,193,492,480,563
21-Sep-26,05:45,22880,0,615,373,633,937,937,1125,1112,840,706,1185,771,849,1856,1678,1873,610,540,616,196,219,193,492,480,561
21-Sep-26,05:50,22892,0,615,373,635,937,937,1130,1112,840,708,1185,771,849,1856,1678,1865,610,539,617,196,219,194,492,480,559
21-Sep-26,05:55,22925,0,615,373,631,936,936,1126,1112,840,709,1185,770,852,1856,1677,1865,610,538,617,196,219,194,492,479,563
21-Sep-26,06:00,22791,3,615,373,633,936,936,1091,1112,840,711,1186,770,854,1856,1676,1868,610,537,616,196,219,194,492,479,565
21-Sep-26,06:05,21864,10,615,373,634,911,911,1076,1112,840,721,1186,770,863,1856,1676,1870,610,537,616,196,219,194,492,478,565
21-Sep-26,06:10,22042,19,615,373,646,886,886,1031,1112,840,722,1186,770,872,1856,1675,1872,610,536,615,196,219,194,492,478,568
21-Sep-26,06:15,22225,26,615,373,652,862,862,1013,1112,840,722,1186,769,955,1856,1674,1875,610,535,615,196,219,194,492,477,566
21-Sep-26,06:20,22277,35,615,373,645,831,831,994,1112,840,733,1186,769,987,1856,1674,1878,610,535,614,196,219,195,492,477,566
21-Sep-26,06:25,22043,66,615,373,648,800,800,952,1112,840,728,1187,769,1034,1856,1673,1880,610,534,613,196,219,195,492,476,565
21-Sep-26,06:30,21718,75,615,373,646,768,768,948,1112,840,716,1187,769,1025,1856,1672,1888,610,533,614,196,219,195,492,476,563
21-Sep-26,06:35,21132,102,615,373,644,735,735,892,1112,840,718,1187,768,1020,1856,1672,1888,610,532,615,196,219,195,492,476,565
21-Sep-26,06:40,20762,129,615,373,638,702,702,864,1112,840,717,1187,768,1019,1856,1671,1880,610,532,616,196,219,195,492,475,566
21-Sep-26,06:45,20762,129,615,373,640,670,670,843,1112,840,729,1188,768,1019,1856,1671,1873,610,531,616,196,219,196,492,475,564
21-Sep-26,06:50,21171,182,615,373,640,670,668,818,1112,840,719,1188,768,1015,1856,1670,1880,610,530,613,196,219,196,492,474,567
21-Sep-26,06:55,21261,205,615,373,635,671,665,792,1112,840,719,1188,767,1018,1856,1669,1888,610,529,614,196,219,196,492,474,568
21-Sep-26,07:00,21343,240,615,373,635,671,663,767,1112,840,729,1188,767,1020,1856,1669,1888,610,529,613,196,219,196,492,474,563
21-Sep-26,07:05,21321,265,615,373,632,672,661,742,1112,840,738,1188,767,1019,1856,1668,1880,610,528,612,196,219,196,492,473,562
21-Sep-26,07:10,21605,300,615,373,625,672,658,720,1112,840,747,1189,766,1018,1856,1667,1880,610,527,613,196,219,196,492,473,562
21-Sep-26,07:15,21801,342,615,373,624,673,656,738,1112,840,775,1189,766,1011,1856,1667,1865,610,526,615,196,219,197,492,472,560
21-Sep-26,07:20,21713,362,615,373,623,673,654,730,1112,840,787,1189,766,1012,1856,1666,1865,610,526,613,196,219,197,492,472,560
21-Sep-26,07:25,21788,432,615,373,620,674,651,726,1112,840,801,1189,766,1013,1856,1665,1857,610,525,610,196,219,197,492,472,561
21-Sep-26,07:30,21839,484,615,373,617,674,649,725,1112,840,808,1190,765,1017,1856,1665,1850,610,524,606,196,219,197,492,471,561
21-Sep-26,07:35,21900,522,615,373,619,675,647,729,1112,840,806,1190,765,1014,1856,1664,1850,610,524,610,196,219,197,492,471,555
21-Sep-26,07:40,21553,609,615,373,610,675,645,721,1112,840,836,1190,765,1015,1856,1663,1857,610,523,608,196,219,198,492,470,555
21-Sep-26,07:45,21562,643,615,373,607,676,642,704,1112,840,821,1190,765,1014,1856,1663,1857,610,522,607,196,219,198,492,470,549
21-Sep-26,07:50,21765,698,615,373,596,676,640,708,1112,839,818,1190,764,1015,1856,1662,1849,610,521,606,196,219,198,492,470,552
21-Sep-26,07:55,21927,752,615,373,599,676,638,732,1112,839,830,1191,764,1016,1856,1661,1834,610,521,607,196,219,198,492,469,546
21-Sep-26,08:00,21989,792,615,373,599,677,635,730,1112,839,832,1191,764,1015,1856,1661,1826,610,520,606,196,219,198,492,464,547
21-Sep-26,08:05,22090,861,615,373,592,677,633,722,1112,839,840,1191,764,1013,1856,1660,1818,610,519,608,196,219,198,492,460,546
21-Sep-26,08:10,22296,891,615,373,596,678,631,719,1111,839,802,1191,765,1014,1856,1659,1816,610,518,609,196,219,199,492,456,536
21-Sep-26,08:15,22477,940,615,373,588,678,628,710,1111,839,818,1192,765,1013,1856,1659,1814,610,518,590,196,219,199,492,451,500
21-Sep-26,08:20,22480,966,615,373,585,679,629,717,1111,839,821,1192,765,1011,1856,1658,1813,610,494,572,196,219,199,492,434,485
21-Sep-26,08:25,22530,1031,615,373,590,679,630,728,1111,839,814,1192,766,1013,1856,1657,1811,610,471,535,196,219,199,492,418,454
21-Sep-26,08:30,22533,1090,615,373,595,680,631,681,1111,839,820,1192,766,1010,1856,1657,1787,610,448,509,196,219,199,492,401,427
21-Sep-26,08:35,22548,1129,615,373,601,680,632,701,1111,839,832,1192,766,1018,1856,1685,1680,610,458,457,196,219,200,492,410,398
21-Sep-26,08:40,22673,1181,615,373,627,681,632,714,1111,839,811,1193,766,1017,1856,1714,1618,610,468,424,196,219,200,492,420,390
21-Sep-26,08:45,22818,1230,615,373,623,681,633,720,1111,839,806,1193,767,1014,1856,1742,1641,610,478,424,196,219,200,492,429,375
21-Sep-26,08:50,22831,1251,615,373,625,682,634,722,1111,839,809,1193,767,1015,1856,1771,1618,610,487,427,196,219,200,492,439,378
21-Sep-26,08:55,22907,1331,615,373,629,682,635,724,1111,839,810,1193,767,1015,1856,1799,1618,610,497,426,196,219,200,492,448,391
21-Sep-26,09:00,23073,1402,615,373,622,682,636,715,1111,839,809,1194,767,1006,1856,1828,1642,610,507,428,196,219,200,492,458,391
21-Sep-26,09:05,23085,1443,615,373,621,683,635,712,1111,839,801,1194,768,1004,1856,1823,1742,610,533,435,196,219,201,492,481,410
21-Sep-26,09:10,23367,1478,615,373,628,684,635,740,1111,839,816,1194,768,1005,1856,1818,1788,610,558,468,196,219,201,492,504,437
21-Sep-26,09:15,23591,1497,615,373,626,684,634,732,1111,839,820,1194,768,1005,1856,1814,1826,610,584,481,196,219,201,492,526,449
21-Sep-26,09:20,24014,1535,615,373,624,684,633,740,1111,839,817,1194,768,1002,1856,1809,1880,610,578,526,196,219,201,492,521,482
21-Sep-26,09:25,24033,1601,615,373,627,685,633,747,1111,839,816,1195,769,1001,1856,1804,1880,610,573,534,196,219,201,492,516,508
21-Sep-26,09:30,24159,1627,615,372,626,685,632,732,1111,839,825,1195,769,1000,1856,1799,1857,610,567,573,196,219,200,492,511,518
21-Sep-26,09:35,24182,1641,615,372,623,686,631,726,1111,839,826,1195,769,1001,1856,1794,1850,610,562,585,196,219,200,492,506,538
21-Sep-26,09:40,24459,1687,615,372,626,686,631,735,1111,839,822,1195,769,998,1856,1790,1857,610,556,597,196,219,200,492,501,545
21-Sep-26,09:45,24620,1684,615,372,629,687,630,730,1111,839,816,1196,770,999,1856,1785,1862,610,550,594,196,219,200,492,496,549
21-Sep-26,09:50,24717,1737,615,372,627,687,629,726,1111,839,817,1196,770,999,1856,1780,1867,610,545,593,196,219,200,492,492,548
21-Sep-26,09:55,24699,1713,615,372,625,688,629,732,1111,839,819,1196,770,1000,1856,1775,1872,610,539,602,196,219,200,492,487,552
21-Sep-26,10:00,24705,1723,615,372,627,688,628,750,1111,839,825,1196,770,1001,1856,1770,1878,610,534,604,196,219,199,492,486,552
21-Sep-26,10:05,25078,1760,615,372,629,688,627,736,1111,839,824,1197,771,1001,1856,1766,1883,610,528,604,196,219,199,492,484,550
21-Sep-26,10:15,25167,1779,615,372,620,689,627,733,1111,839,823,1197,771,1002,1856,1761,1888,610,523,603,196,219,199,492,482,553
21-Sep-26,10:20,25245,1772,615,372,618,690,630,724,1111,839,823,1197,771,1006,1856,1785,1841,610,535,553,196,219,199,492,482,519
21-Sep-26,10:25,25210,1757,615,372,609,690,632,722,1111,839,838,1197,771,1006,1856,1808,1833,610,548,535,196,219,199,492,481,516
21-Sep-26,10:30,25115,1754,615,372,597,690,634,730,1111,839,816,1198,772,1005,1856,1832,1856,610,560,527,196,219,198,492,481,521
21-Sep-26,10:35,25229,1829,615,372,602,691,635,730,1111,839,814,1198,772,1006,1856,1831,1879,610,573,532,196,219,198,492,480,539
21-Sep-26,10:40,25445,1887,615,372,598,691,636,740,1111,839,825,1198,772,1007,1856,1830,1879,610,585,528,195,219,198,492,480,553
21-Sep-26,10:45,25428,1869,615,372,600,692,638,737,1111,839,818,1198,772,1009,1856,1829,1887,610,598,530,195,219,198,492,480,562
21-Sep-26,10:50,25205,1845,615,372,602,692,639,730,1111,839,812,1198,773,1010,1856,1828,1888,610,586,544,195,219,198,492,479,562
21-Sep-26,10:55,25295,1912,615,372,607,693,640,731,1111,839,824,1199,773,1014,1856,1827,1890,610,575,582,195,219,198,492,479,564
21-Sep-26,11:00,25253,1930,615,372,598,693,641,731,1111,839,828,1199,773,1008,1856,1826,1891,610,563,603,195,219,197,492,478,566
21-Sep-26,11:05,25350,1987,615,372,600,694,642,754,1111,839,840,1199,774,885,1856,1825,1892,610,552,611,195,219,197,492,478,566
21-Sep-26,11:10,25338,1997,615,372,601,694,643,753,1111,839,841,1199,774,873,1856,1824,1894,610,540,610,195,219,197,492,478,567
21-Sep-26,11:15,25402,1975,615,372,592,694,645,750,1111,839,834,1200,774,872,1856,1823,1895,610,529,616,195,219,197,492,477,567
21-Sep-26,11:20,25434,2047,615,372,597,695,646,753,1111,839,834,1200,774,871,1856,1822,1887,610,541,604,195,219,197,492,477,568
21-Sep-26,11:25,25293,1940,615,372,593,696,647,750,1111,839,837,1200,775,869,1856,1821,1872,610,552,564,195,219,196,492,476,568
21-Sep-26,11:30,25225,1977,615,372,599,696,648,743,1111,839,834,1200,780,868,1856,1820,1864,610,564,554,195,219,196,492,476,567
21-Sep-26,11:35,25113,1964,615,372,600,696,649,735,1110,839,845,1201,786,867,1856,1819,1864,610,575,536,195,219,196,492,476,567
21-Sep-26,11:40,25070,1887,615,372,605,697,650,740,1110,839,831,1201,791,866,1856,1818,1880,610,587,536,195,219,196,492,475,566
21-Sep-26,11:45,25076,1907,615,372,605,697,652,747,1110,839,823,1201,796,865,1856,1817,1880,610,598,531,195,219,196,492,475,566
21-Sep-26,11:50,25181,1875,615,372,604,698,653,737,1110,839,838,1201,802,864,1856,1816,1879,610,594,541,195,219,196,492,474,565
21-Sep-26,11:55,25203,1829,615,372,601,698,654,738,1110,839,836,1202,807,864,1856,1815,1877,610,589,582,195,219,195,492,474,567
21-Sep-26,12:00,25272,1877,615,372,596,699,655,750,1110,838,834,1202,812,863,1856,1814,1876,610,585,607,195,219,195,492,474,567
21-Sep-26,12:05,25263,1860,615,372,597,699,656,740,1110,838,831,1202,818,863,1856,1813,1874,610,581,610,195,219,195,492,473,569
21-Sep-26,12:10,25260,1815,615,372,594,700,658,726,1110,838,832,1202,823,863,1856,1812,1873,610,577,612,195,219,195,492,473,569
21-Sep-26,12:15,25100,1898,615,372,603,700,659,732,1110,838,836,1202,829,863,1856,1811,1871,610,572,615,195,219,195,492,472,566
21-Sep-26,12:20,25132,1811,615,372,602,701,660,731,1110,838,835,1203,834,863,1856,1810,1870,610,568,615,195,219,194,492,472,566
21-Sep-26,12:25,25216,1905,615,372,594,701,661,739,1110,838,835,1203,839,863,1856,1809,1868,610,564,614,195,219,194,492,472,573
21-Sep-26,12:30,25334,1927,615,372,591,702,662,730,1110,838,838,1203,845,863,1856,1808,1866,610,560,614,195,219,194,492,471,569
21-Sep-26,12:35,25409,1960,615,372,590,702,663,724,1110,838,823,1203,850,863,1856,1807,1865,610,555,613,195,219,194,492,471,570
21-Sep-26,12:40,25447,2011,615,372,586,702,665,717,1110,838,828,1204,856,863,1856,1807,1863,610,551,613,195,219,194,492,470,571
21-Sep-26,12:45,25473,1964,615,372,588,703,666,723,1110,838,826,1204,861,863,1856,1806,1862,610,547,612,195,219,194,492,470,571
21-Sep-26,12:50,25328,1944,615,372,587,703,667,736,1110,838,831,1204,866,863,1856,1805,1860,610,543,612,195,219,193,492,470,567
21-Sep-26,12:55,25290,1858,615,372,591,704,668,727,1110,838,833,1204,872,863,1856,1804,1858,610,538,614,195,219,193,492,469,569
21-Sep-26,13:00,25274,1901,615,372,588,704,669,723,1110,838,837,1205,877,863,1856,1803,1857,610,534,616,195,219,193,492,469,565
21-Sep-26,13:05,25053,1858,615,372,581,705,670,726,1110,838,831,1205,883,863,1856,1802,1855,610,530,616,195,219,193,492,468,561
21-Sep-26,13:10,24998,1896,615,372,584,705,672,728,1110,838,811,1205,888,863,1856,1801,1854,610,526,617,195,219,193,492,468,556
21-Sep-26,13:15,24851,1872,615,372,581,706,673,728,1110,838,804,1205,893,863,1856,1800,1852,610,521,614,195,219,192,492,468,556
21-Sep-26,13:20,24907,1814,615,372,563,706,674,726,1110,838,790,1206,899,863,1856,1799,1851,610,517,614,195,219,192,492,467,559
21-Sep-26,13:25,24983,1904,615,372,568,707,675,731,1110,838,804,1206,904,863,1856,1798,1849,610,580,574,195,219,192,492,467,566
21-Sep-26,13:30,24929,1872,615,372,579,707,676,742,1110,838,811,1206,909,863,1856,1797,1849,610,580,582,195,219,192,492,466,569
21-Sep-26,13:35,25113,1845,615,372,592,708,678,735,1110,838,821,1206,915,863,1856,1796,1864,610,577,599,195,219,192,492,466,564
21-Sep-26,13:40,25131,1793,615,372,579,708,679,731,1110,838,832,1206,920,863,1856,1795,1869,610,574,609,195,219,192,492,466,571
21-Sep-26,13:45,25259,1780,615,372,585,708,680,727,1110,838,827,1207,926,863,1856,1794,1874,610,571,610,195,219,191,492,465,565
21-Sep-26,13:50,25394,1738,615,372,577,709,681,737,1110,838,842,1207,942,863,1856,1793,1878,610,569,614,195,219,191,492,465,565
21-Sep-26,13:55,25462,1674,615,372,577,709,682,741,1110,838,839,1207,958,863,1856,1792,1883,610,566,617,195,219,191,492,464,570
21-Sep-26,14:00,25564,1651,615,372,572,710,683,733,1110,838,837,1207,973,863,1856,1791,1888,610,563,618,195,219,191,492,464,572
21-Sep-26,14:05,25572,1668,615,372,608,710,685,725,1110,838,820,1208,974,863,1856,1790,1857,610,560,616,195,219,191,492,464,560
21-Sep-26,14:10,25318,1628,615,372,599,711,686,731,1110,838,826,1208,976,863,1856,1789,1854,610,557,617,195,219,190,492,463,557
21-Sep-26,14:15,25357,1572,615,372,589,711,687,728,1110,838,831,1208,977,863,1856,1788,1851,610,554,616,195,219,190,492,463,562
21-Sep-26,14:20,25434,1576,615,372,567,712,688,732,1110,838,826,1208,979,863,1856,1787,1848,610,551,617,195,219,190,492,462,562
21-Sep-26,14:25,25408,1425,615,372,576,712,689,723,1110,838,822,1209,980,863,1856,1786,1845,610,548,616,195,219,190,492,462,553
21-Sep-26,14:30,25450,1412,615,372,563,713,691,721,1110,838,819,1209,982,863,1856,1785,1840,610,546,618,195,219,190,492,462,553
21-Sep-26,14:35,25549,1465,615,372,562,713,692,724,1110,838,814,1209,983,863,1856,1784,1834,610,543,616,195,219,190,492,461,554
21-Sep-26,14:40,25581,1376,615,372,550,714,693,719,1110,838,812,1209,984,863,1856,1783,1829,610,540,611,195,219,189,492,461,550
21-Sep-26,14:45,25613,1440,615,372,557,714,694,727,1110,838,813,1210,984,863,1856,1782,1824,610,537,614,195,219,189,492,460,547
21-Sep-26,14:50,25645,1487,615,372,571,714,695,728,1110,838,810,1210,985,863,1856,1781,1818,610,534,614,195,219,189,492,460,551
21-Sep-26,14:55,25329,1393,615,372,568,715,696,721,1109,838,813,1210,985,863,1856,1780,1813,610,531,611,195,219,189,492,460,557
21-Sep-26,15:00,25317,1354,615,372,585,715,698,713,1109,838,813,1210,986,863,1856,1779,1818,610,528,614,195,219,189,492,459,557
21-Sep-26,15:05,25019,1373,615,372,580,716,699,718,1109,838,815,1210,986,863,1856,1778,1822,610,526,613,195,219,188,492,459,561
21-Sep-26,15:10,24719,1303,615,372,582,716,700,740,1109,838,814,1211,986,863,1856,1777,1827,610,523,612,195,219,188,492,458,561
21-Sep-26,15:15,24495,1323,615,372,585,717,701,743,1109,838,817,1211,987,863,1856,1776,1832,610,520,614,195,219,188,492,458,565
21-Sep-26,15:20,24589,1322,615,372,595,717,702,732,1109,838,819,1211,987,863,1856,1775,1837,610,496,600,195,219,188,492,458,565
21-Sep-26,15:25,24527,1247,615,372,596,718,703,720,1109,838,800,1211,988,863,1856,1774,1842,610,472,547,195,219,188,492,457,563
21-Sep-26,15:30,24655,1223,615,372,603,718,705,734,1109,838,813,1212,988,863,1856,1773,1846,610,448,517,195,219,188,492,457,562
21-Sep-26,15:35,24501,1193,615,372,601,719,706,732,1109,838,811,1212,988,863,1856,1772,1848,610,432,510,195,219,187,492,456,560
21-Sep-26,15:40,24344,1213,615,372,605,719,707,730,1109,838,800,1212,989,863,1856,1771,1850,610,416,463,195,219,187,492,456,558
21-Sep-26,15:45,24303,1199,615,372,594,720,708,741,1109,838,805,1212,989,863,1856,1770,1852,610,400,433,195,219,187,492,456,559
21-Sep-26,15:50,24129,1104,615,372,604,720,709,743,1109,838,811,1213,990,863,1856,1769,1855,610,383,427,195,219,187,492,455,563
21-Sep-26,15:55,23970,1053,615,372,614,720,711,737,1109,838,819,1213,990,863,1856,1768,1857,610,367,423,195,219,187,492,455,565
21-Sep-26,16:00,24025,970,615,372,604,721,712,731,1109,838,832,1213,990,863,1856,1767,1859,610,351,423,195,219,186,492,454,560
21-Sep-26,16:05,23921,959,615,372,613,722,713,724,1109,838,834,1214,991,863,1856,1766,1859,610,362,421,195,219,186,492,454,533
21-Sep-26,16:10,23515,904,615,372,600,722,714,728,1109,837,843,1214,991,863,1856,1765,1851,610,373,390,195,219,186,492,454,533
21-Sep-26,16:15,23340,839,615,371,603,722,715,723,1109,837,845,1214,992,863,1856,1764,1859,610,384,377,195,219,186,492,453,492
21-Sep-26,16:20,23305,788,615,371,604,723,716,728,1109,837,845,1214,992,863,1856,1763,1862,610,395,380,195,219,186,492,453,484
21-Sep-26,16:25,23313,760,615,371,636,723,718,744,1109,837,833,1215,992,863,1856,1762,1866,610,406,381,195,219,186,492,452,500
21-Sep-26,16:30,23347,698,615,371,643,724,719,742,1109,837,834,1215,993,863,1856,1761,1869,610,417,381,195,219,185,492,452,523
21-Sep-26,16:35,23284,647,615,371,630,724,720,731,1109,837,859,1215,993,863,1856,1760,1872,610,443,415,195,219,185,492,452,551
21-Sep-26,16:40,23285,622,615,371,640,725,721,740,1109,837,852,1215,994,863,1856,1759,1875,610,469,422,195,219,185,492,451,557
21-Sep-26,16:45,23147,556,615,371,649,725,722,750,1109,837,834,1214,994,863,1856,1758,1879,610,495,448,195,219,185,492,451,557
21-Sep-26,16:50,23164,537,615,371,644,726,723,751,1109,837,848,1214,994,863,1856,1757,1882,610,524,480,195,219,185,492,450,564
21-Sep-26,16:55,23026,475,615,371,641,726,725,763,1109,837,837,1214,995,863,1856,1756,1874,610,552,512,195,219,184,492,450,571
21-Sep-26,17:00,22639,435,615,371,637,744,726,802,1109,837,849,1214,995,863,1856,1756,1867,610,581,532,195,219,184,492,450,571
21-Sep-26,17:05,22576,405,615,371,622,762,749,830,1109,837,857,1214,996,863,1856,1755,1869,610,578,547,195,219,184,492,449,563
21-Sep-26,17:10,22512,312,615,371,604,781,772,838,1109,837,850,1213,996,863,1856,1754,1871,610,575,557,195,219,184,492,449,563
21-Sep-26,17:15,22679,264,615,371,638,799,794,875,1109,837,846,1213,996,863,1856,1753,1873,610,572,573,195,219,184,492,448,567
21-Sep-26,17:20,22870,234,615,371,642,827,823,898,1109,837,840,1213,997,863,1856,1752,1876,610,569,574,195,219,184,492,448,567
21-Sep-26,17:25,22829,208,615,371,621,854,852,959,1109,837,828,1213,997,863,1856,1751,1878,610,566,594,195,219,183,492,448,574
21-Sep-26,17:30,22710,174,615,371,640,882,881,998,1109,837,841,1212,998,863,1856,1750,1880,610,563,593,195,219,183,492,447,577
21-Sep-26,17:35,22826,157,615,371,640,909,908,1033,1109,837,837,1212,998,863,1856,1749,1882,610,568,592,195,219,183,492,447,577
21-Sep-26,17:40,23031,133,615,371,643,936,936,1048,1109,837,834,1212,998,863,1856,1748,1882,610,574,590,195,219,183,492,446,578
21-Sep-26,17:45,22986,105,615,371,646,963,963,1102,1109,837,836,1212,999,863,1856,1747,1866,610,580,589,195,219,183,492,446,575
21-Sep-26,17:50,22873,87,615,371,643,977,977,1107,1109,837,849,1212,999,863,1856,1746,1866,610,582,591,195,219,182,492,446,579
21-Sep-26,17:55,22575,75,615,371,652,990,990,1096,1109,837,851,1211,1000,863,1856,1745,1874,610,585,592,195,219,182,492,445,579
21-Sep-26,18:00,22846,0,615,371,629,1004,1004,1107,1109,837,843,1211,1000,863,1856,1744,1878,610,587,603,195,219,182,492,445,565
21-Sep-26,18:05,23209,0,615,371,620,1004,1004,1103,1109,837,849,1211,1000,863,1856,1743,1882,610,590,603,195,219,182,492,444,567
21-Sep-26,18:10,23616,0,615,371,634,1003,1003,1131,1108,837,859,1211,1001,863,1856,1742,1885,610,592,597,195,219,182,492,444,563
21-Sep-26,18:15,23741,0,615,371,646,1003,1003,1125,1108,837,861,1210,1001,863,1856,1741,1889,610,595,601,194,219,182,492,444,567
21-Sep-26,18:20,23670,0,615,371,647,1002,1002,1112,1108,837,870,1210,1002,863,1856,1740,1866,610,595,598,194,219,181,492,443,564
21-Sep-26,18:25,23680,0,615,371,643,1002,1002,1126,1108,837,853,1210,1002,863,1856,1739,1874,610,596,599,194,219,181,492,443,559
21-Sep-26,18:30,23888,0,615,371,640,1001,1001,1143,1108,837,862,1210,1002,863,1856,1738,1889,610,596,599,194,219,181,492,442,569
21-Sep-26,18:35,24136,0,615,371,641,1001,1001,1140,1108,837,848,1210,1003,863,1856,1737,1889,610,597,601,194,219,181,492,442,572
21-Sep-26,18:40,23880,0,615,371,642,1000,1000,1142,1108,837,845,1209,1003,863,1856,1736,1866,610,597,602,194,219,181,492,442,569
21-Sep-26,18:45,23479,0,615,371,644,1000,1000,1132,1108,837,843,1209,1004,863,1856,1735,1858,610,598,601,194,219,180,492,441,568
21-Sep-26,18:50,23522,0,615,371,645,999,999,1110,1108,837,842,1209,1004,863,1856,1734,1881,610,598,602,194,219,180,492,441,566
21-Sep-26,18:55,23896,0,615,371,646,999,999,1130,1108,837,847,1209,1004,863,1856,1733,1889,610,598,604,194,219,180,492,440,567
21-Sep-26,19:00,24553,0,615,371,647,998,998,1136,1108,837,851,1208,1005,863,1856,1732,1881,610,599,604,194,219,180,492,440,568
21-Sep-26,19:05,25519,0,615,371,630,998,998,1123,1108,837,851,1208,1005,863,1856,1731,1881,610,600,602,194,219,180,492,440,569
21-Sep-26,19:10,26012,0,615,371,624,997,997,1126,1108,837,849,1208,1006,863,1856,1730,1873,610,600,601,194,219,180,492,439,571
21-Sep-26,19:15,25954,0,615,371,635,997,997,1122,1108,837,847,1208,1006,863,1856,1729,1858,610,600,600,194,219,179,492,439,572
21-Sep-26,19:20,25891,0,615,371,645,996,996,1119,1108,837,845,1208,1006,863,1856,1728,1860,610,601,600,194,219,179,492,438,573
21-Sep-26,19:25,26039,0,615,371,636,996,996,1121,1108,837,843,1207,1007,863,1856,1727,1862,610,601,599,194,219,179,492,438,574
21-Sep-26,19:30,26131,0,615,371,629,995,995,1120,1108,837,843,1207,1007,863,1856,1726,1864,610,602,601,194,219,179,492,438,568
21-Sep-26,19:35,26114,0,615,371,633,995,995,1115,1108,837,845,1207,1008,863,1856,1725,1863,610,602,600,194,219,179,492,437,573
21-Sep-26,19:40,26195,0,615,371,631,994,994,1122,1108,837,831,1207,1008,863,1856,1724,1862,610,602,600,194,219,178,492,437,573
21-Sep-26,19:45,26137,0,615,371,625,994,994,1112,1108,837,840,1206,1008,863,1856,1723,1860,610,603,601,194,219,178,492,436,570
21-Sep-26,19:50,26606,0,615,371,635,994,994,1120,1108,837,859,1206,1009,863,1856,1722,1859,610,603,602,194,219,178,492,436,561
21-Sep-26,19:55,26496,0,615,371,637,993,993,1126,1108,837,850,1206,1009,863,1856,1721,1858,610,604,601,194,219,178,492,436,562
21-Sep-26,20:00,26483,0,615,371,639,993,993,1125,1108,837,850,1206,1010,863,1856,1720,1866,610,604,602,194,219,178,492,435,566
21-Sep-26,20:05,26047,0,615,371,629,992,992,1119,1108,837,847,1206,1010,863,1856,1719,1873,610,605,602,194,219,178,492,435,561
21-Sep-26,20:10,26029,0,615,371,636,992,992,1124,1108,837,845,1205,1010,863,1856,1718,1873,610,605,602,194,219,177,492,434,561
21-Sep-26,20:15,26442,0,615,371,648,991,991,1106,1108,836,848,1205,1011,863,1856,1717,1889,610,606,603,194,219,177,492,434,571
21-Sep-26,20:20,26651,0,615,371,644,991,991,1116,1108,836,850,1205,1011,863,1856,1716,1889,610,606,603,194,219,177,492,434,574
21-Sep-26,20:25,26738,0,615,370,645,990,990,1120,1108,836,851,1205,1012,863,1856,1715,1873,610,606,602,194,219,177,492,433,573
21-Sep-26,20:30,26689,0,615,370,638,990,990,1121,1108,836,852,1204,1012,863,1856,1714,1881,610,607,601,194,219,177,492,433,569
21-Sep-26,20:35,26699,0,615,370,628,989,989,1126,1108,836,852,1204,1012,863,1856,1713,1874,610,607,602,194,219,176,492,432,567
21-Sep-26,20:40,26925,0,615,370,645,989,989,1120,1108,836,861,1204,1013,863,1856,1712,1858,610,608,603,194,219,176,492,432,572
21-Sep-26,20:45,26890,0,615,370,648,988,988,1124,1108,836,857,1204,1013,863,1856,1711,1850,610,608,604,194,219,176,492,432,569
21-Sep-26,20:50,26444,0,615,370,643,988,988,1130,1108,836,857,1204,1014,863,1856,1710,1854,610,609,609,194,219,176,492,431,564
21-Sep-26,20:55,26219,0,615,370,636,987,987,1127,1108,836,856,1203,1014,863,1856,1709,1858,610,609,612,194,219,176,492,431,567
21-Sep-26,21:00,26194,0,615,370,634,987,987,1127,1108,836,852,1203,1014,863,1856,1708,1862,610,608,611,194,219,176,492,430,563
21-Sep-26,21:05,26397,0,615,370,645,986,986,1131,1108,836,854,1203,1015,863,1856,1707,1865,610,608,616,194,219,175,492,430,566
21-Sep-26,21:10,26439,0,615,370,644,986,986,1130,1108,836,849,1203,1015,863,1856,1706,1869,610,607,614,194,219,175,492,430,564
21-Sep-26,21:15,26348,0,615,370,644,985,985,1121,1108,836,838,1202,1016,863,1856,1705,1873,610,606,615,194,219,175,492,429,567
21-Sep-26,21:20,26665,0,615,370,632,985,985,1133,1108,836,840,1202,1016,863,1856,1705,1873,610,606,616,194,219,175,492,429,569
21-Sep-26,21:25,26662,0,615,370,642,984,984,1137,1108,836,838,1202,1016,863,1856,1704,1881,610,605,616,194,219,175,492,428,564
21-Sep-26,21:30,26481,0,615,370,637,984,984,1139,1107,836,841,1202,1017,863,1856,1703,1878,610,604,615,194,219,174,492,428,564
21-Sep-26,21:35,26577,0,615,370,635,984,984,1131,1107,836,842,1202,1017,863,1856,1702,1876,610,604,612,194,219,174,492,428,570
21-Sep-26,21:40,26594,0,615,370,635,983,983,1127,1107,836,845,1201,1018,863,1856,1701,1874,610,603,615,194,219,174,492,427,570
21-Sep-26,21:45,26637,0,615,370,625,983,983,1134,1107,836,836,1201,1018,863,1856,1700,1871,610,602,616,194,219,174,492,427,564
21-Sep-26,21:50,26743,0,615,370,628,982,982,1127,1107,836,836,1201,1018,863,1856,1699,1868,610,601,618,194,219,174,492,426,561
21-Sep-26,21:55,26877,0,615,370,633,982,982,1119,1107,836,838,1201,1019,863,1856,1698,1866,610,601,616,194,219,174,492,426,571
21-Sep-26,22:00,26812,0,615,370,636,981,981,1125,1107,836,847,1200,1019,863,1856,1697,1866,610,600,617,194,219,173,492,426,569
21-Sep-26,22:05,26717,0,615,370,632,981,981,1126,1107,836,849,1200,1020,863,1856,1696,1874,610,599,617,194,219,173,492,425,570
21-Sep-26,22:10,26064,0,615,370,641,980,980,1126,1107,836,846,1200,1020,863,1856,1695,1874,610,599,616,194,219,173,492,425,568
21-Sep-26,22:15,26129,0,615,370,646,980,980,1126,1107,836,844,1200,1020,863,1856,1694,1866,610,598,616,194,219,173,492,424,561
21-Sep-26,22:20,26079,0,615,370,644,979,979,1127,1107,836,841,1200,1021,863,1856,1693,1859,610,597,611,194,219,173,492,424,561
21-Sep-26,22:25,25897,0,615,370,649,979,979,1127,1107,836,838,1199,1021,863,1856,1692,1889,610,597,614,194,219,172,492,424,551
21-Sep-26,22:30,26071,0,615,370,642,978,978,1132,1107,836,846,1199,1022,863,1856,1691,1889,610,596,617,194,219,172,492,423,561
21-Sep-26,22:35,26355,0,615,370,646,978,978,1127,1107,836,843,1199,1022,863,1856,1690,1888,610,595,616,194,219,172,492,423,552
21-Sep-26,22:40,26447,0,615,370,648,977,977,1129,1107,836,844,1199,1022,863,1856,1689,1887,610,595,616,194,219,172,492,422,551
21-Sep-26,22:45,26492,0,615,370,646,977,977,1124,1107,836,840,1198,1023,863,1856,1688,1886,610,594,616,194,219,172,492,422,562
21-Sep-26,22:50,26227,0,615,370,642,976,976,1129,1107,836,843,1198,1023,863,1856,1687,1884,610,593,615,194,219,172,492,422,561
21-Sep-26,22:55,26375,0,615,370,649,976,976,1121,1107,836,850,1198,1024,863,1856,1686,1883,610,593,616,194,219,171,492,421,557
21-Sep-26,23:00,26284,0,615,370,645,975,975,1118,1107,836,850,1198,1024,864,1856,1685,1881,610,592,616,194,219,171,492,421,557
21-Sep-26,23:05,26078,0,615,369,644,975,975,1116,1107,836,849,1198,1024,864,1856,1684,1878,610,591,617,194,219,171,492,420,568
21-Sep-26,23:10,26250,0,615,369,645,974,974,1114,1107,836,846,1197,1025,864,1856,1683,1876,610,590,618,194,219,171,492,420,573
21-Sep-26,23:15,26254,0,615,369,644,974,974,1127,1107,836,844,1197,1025,864,1856,1682,1878,610,590,617,194,219,171,492,420,571
21-Sep-26,23:20,25900,0,615,369,643,974,974,1121,1107,836,843,1197,1026,864,1856,1681,1879,610,589,618,194,219,170,492,419,571
21-Sep-26,23:25,25869,0,615,369,643,973,973,1127,1107,836,849,1197,1026,864,1856,1680,1880,610,588,617,194,219,170,492,419,572
21-Sep-26,23:30,25890,0,615,369,642,973,973,1125,1107,836,848,1196,1026,864,1856,1679,1878,610,588,617,194,219,170,492,418,573
21-Sep-26,23:35,25820,0,615,369,641,972,972,1128,1107,836,845,1196,1027,864,1856,1678,1876,610,587,609,194,219,170,492,418,572
21-Sep-26,23:40,25722,0,615,369,641,972,972,1122,1107,836,845,1196,1027,864,1856,1677,1875,610,586,616,194,219,170,492,418,572
21-Sep-26,23:45,26004,0,615,369,640,971,971,1137,1107,836,846,1196,1028,864,1856,1676,1873,610,586,613,194,219,170,492,417,565
21-Sep-26,23:50,26070,0,615,369,652,971,971,1137,1107,836,847,1196,1028,864,1856,1675,1871,610,585,615,194,219,169,492,417,560
21-Sep-26,23:55,26004,0,615,369,643,970,970,1130,1107,836,843,1195,1028,864,1856,1674,1870,610,584,615,194,219,169,492,416,559
22-Sep-26,00:00,26099,0,615,369,643,970,970,1133,1107,836,843,1195,1029,864,1856,1673,1868,610,584,613,194,219,169,492,416,557
22-Sep-26,00:05,26583,0,615,369,653,969,969,1128,1107,836,841,1195,1029,864,1856,1672,1866,610,583,616,194,219,169,492,416,567
22-Sep-26,00:10,26635,0,615,369,653,969,969,1123,1107,835,835,1195,1030,864,1856,1671,1865,610,582,616,194,219,169,492,415,567
22-Sep-26,00:15,26262,0,615,369,644,968,968,1136,1107,835,837,1194,1030,864,1856,1670,1863,610,582,614,194,219,168,492,415,568
22-Sep-26,00:20,26044,0,615,369,639,968,968,1131,1107,835,839,1194,1030,864,1856,1669,1861,610,581,613,194,219,168,492,414,568
22-Sep-26,00:25,25805,0,615,369,636,967,967,1120,1107,835,849,1194,1031,864,1856,1668,1860,610,580,618,194,219,168,492,414,568
22-Sep-26,00:30,25515,0,615,369,637,967,967,1126,1107,835,831,1194,1031,864,1856,1667,1858,610,579,616,194,219,168,492,414,569
22-Sep-26,00:35,25284,0,615,369,639,966,966,1137,1107,835,837,1194,1032,865,1856,1666,1874,610,579,615,194,219,168,492,413,568
22-Sep-26,00:40,25179,0,615,369,635,966,966,1139,1107,835,837,1193,1032,865,1856,1665,1874,610,578,616,194,219,168,492,413,566
22-Sep-26,00:45,25172,0,615,368,633,966,966,1129,1106,835,840,1193,1032,865,1856,1664,1889,610,577,615,194,219,167,492,412,554
22-Sep-26,00:50,25333,0,615,368,636,965,965,1136,1106,835,839,1193,1033,865,1856,1663,1897,610,577,616,194,219,167,492,412,559
22-Sep-26,00:55,25465,0,615,368,631,964,964,1132,1106,835,839,1193,1033,865,1856,1662,1874,610,576,617,194,219,167,492,412,563
22-Sep-26,01:00,25295,0,615,368,635,964,964,1140,1106,835,840,1192,1034,865,1856,1661,1851,610,575,618,194,219,167,492,411,565
22-Sep-26,01:05,25404,0,615,368,634,964,964,1122,1106,835,841,1192,1034,865,1856,1660,1859,610,575,619,194,219,167,492,411,565
22-Sep-26,01:10,25607,0,615,368,634,963,963,1127,1106,835,842,1192,1034,865,1856,1659,1867,610,574,617,194,219,166,492,410,566
22-Sep-26,01:15,25272,0,615,368,635,963,963,1128,1106,835,843,1192,1035,865,1856,1658,1874,610,573,616,194,219,166,492,410,561
22-Sep-26,01:20,25383,0,615,368,635,962,962,1128,1106,835,842,1192,1035,865,1856,1657,1882,610,573,616,194,219,166,492,410,559
22-Sep-26,01:25,25482,0,615,368,633,962,962,1125,1106,835,844,1191,1036,865,1856,1656,1882,610,572,613,194,219,166,492,409,562
22-Sep-26,01:30,25388,0,615,368,635,961,961,1120,1106,835,846,1191,1036,865,1856,1655,1866,610,571,616,194,219,166,492,409,562
22-Sep-26,01:35,25362,0,615,368,631,961,961,1122,1106,835,848,1191,1036,865,1856,1654,1866,610,571,614,194,219,166,492,408,564
22-Sep-26,01:40,25407,0,615,368,636,960,960,1123,1106,835,846,1191,1037,865,1856,1654,1859,610,570,616,194,219,165,492,408,563
22-Sep-26,01:45,25370,0,615,368,635,960,960,1117,1106,835,848,1190,1037,865,1856,1653,1867,610,569,615,194,219,165,492,408,564
22-Sep-26,01:50,25446,0,615,368,637,959,959,1119,1106,835,854,1190,1038,865,1856,1652,1868,610,568,615,194,219,165,492,407,566
22-Sep-26,01:55,25381,0,615,368,634,959,959,1121,1106,835,833,1190,1038,865,1856,1651,1868,610,568,614,193,219,165,492,407,568
22-Sep-26,02:00,25436,0,615,368,633,958,958,1118,1106,835,833,1190,1038,865,1856,1650,1869,610,567,615,193,219,165,492,406,567
22-Sep-26,02:05,25503,0,615,369,637,958,958,1118,1106,835,847,1190,1039,865,1856,1649,1869,610,566,615,193,219,164,492,406,566
22-Sep-26,02:10,25373,0,615,369,635,957,957,1116,1106,835,841,1189,1039,866,1856,1648,1870,610,566,616,193,219,164,492,406,566
22-Sep-26,02:15,25430,0,615,369,636,957,957,1122,1106,835,829,1189,1040,866,1856,1647,1870,610,565,616,193,219,164,492,405,565
22-Sep-26,02:20,25277,0,615,369,635,956,956,1127,1106,835,837,1189,1040,866,1856,1646,1871,610,564,617,193,219,164,492,405,566
22-Sep-26,02:25,25047,0,615,369,628,956,956,1119,1106,835,824,1189,1040,866,1856,1645,1871,610,564,617,193,219,164,492,404,568
22-Sep-26,02:30,25075,0,615,369,622,956,956,1114,1106,835,824,1188,1041,866,1856,1644,1872,610,563,618,193,219,164,492,404,569
22-Sep-26,02:35,24853,0,615,369,631,955,955,1117,1106,835,832,1188,1041,866,1856,1643,1872,610,562,619,193,219,163,492,404,568
22-Sep-26,02:40,24799,0,615,369,636,954,954,1122,1106,835,830,1188,1042,866,1856,1642,1873,610,562,617,193,219,163,492,403,566
22-Sep-26,02:45,24765,0,615,369,634,954,954,1132,1106,835,833,1188,1042,866,1856,1641,1873,610,561,617,193,219,163,492,403,564
22-Sep-26,02:50,24775,0,615,369,635,954,954,1127,1106,835,842,1188,1042,866,1856,1640,1875,610,560,616,193,219,163,492,402,563
22-Sep-26,02:55,24778,0,615,370,642,953,953,1131,1106,835,845,1187,1043,866,1856,1639,1878,610,560,616,193,219,163,492,402,566
22-Sep-26,03:00,24883,0,615,370,640,953,953,1134,1106,835,853,1187,1043,866,1856,1638,1880,610,559,620,193,219,162,492,402,566
22-Sep-26,03:05,24719,0,615,370,636,952,952,1134,1106,835,842,1187,1044,866,1856,1637,1879,610,558,619,193,219,162,492,401,570
22-Sep-26,03:10,24508,0,615,370,637,952,952,1136,1106,835,842,1187,1044,866,1856,1636,1878,610,558,614,193,219,162,492,401,569
22-Sep-26,03:15,24472,0,615,370,636,951,951,1133,1106,835,859,1186,1044,866,1856,1635,1877,610,557,615,193,219,162,492,400,571
22-Sep-26,03:20,24369,0,615,370,639,951,951,1139,1106,835,854,1186,1045,866,1856,1634,1876,610,556,614,193,219,162,492,400,570
22-Sep-26,03:25,24029,0,615,370,636,950,950,1127,1106,835,837,1186,1045,866,1856,1633,1875,610,555,614,193,219,162,492,400,571
22-Sep-26,03:30,23939,0,615,370,633,950,950,1125,1106,835,837,1186,1046,866,1856,1632,1873,610,555,612,193,219,161,492,399,568
22-Sep-26,03:35,23886,0,615,370,639,949,949,1123,1106,835,838,1186,1046,866,1856,1631,1870,610,554,614,193,219,161,492,399,565
22-Sep-26,03:40,23850,0,615,370,637,949,949,1127,1106,834,840,1185,1046,866,1856,1630,1868,610,553,617,193,219,161,492,398,563
22-Sep-26,03:45,23690,0,615,371,639,948,948,1129,1106,834,841,1185,1047,866,1856,1629,1866,610,553,620,193,219,161,492,398,564
22-Sep-26,03:50,23774,0,615,371,636,948,948,1133,1106,834,842,1185,1047,866,1856,1628,1864,610,552,618,193,219,161,492,398,566
22-Sep-26,03:55,23751,0,615,371,634,947,947,1129,1106,834,838,1185,1048,866,1856,1627,1863,610,551,619,193,219,160,492,397,563
22-Sep-26,04:00,23813,0,615,371,634,947,947,1119,1105,834,838,1184,1048,867,1856,1626,1861,610,551,614,193,219,160,492,397,565
22-Sep-26,04:05,23849,0,615,371,628,946,946,1117,1105,834,844,1184,1048,867,1856,1625,1859,610,550,613,193,219,160,492,396,563
22-Sep-26,04:10,23663,0,615,371,622,946,946,1124,1105,834,841,1184,1048,867,1856,1624,1866,610,549,615,193,219,160,492,396,563
22-Sep-26,04:15,23815,0,615,371,621,946,946,1125,1105,834,838,1184,1048,867,1856,1623,1863,610,549,616,193,219,160,492,396,565
22-Sep-26,04:20,23894,0,615,371,623,945,945,1121,1105,834,842,1184,1048,867,1856,1622,1860,610,548,616,193,219,160,492,395,566
22-Sep-26,04:25,24037,0,615,371,621,944,944,1116,1105,834,841,1183,1048,867,1856,1621,1857,610,547,618,193,219,159,492,394,569
22-Sep-26,04:30,24012,0,615,372,621,944,944,1117,1105,834,836,1183,1048,867,1856,1620,1854,610,547,616,193,219,159,492,394,570
22-Sep-26,04:35,24027,0,615,372,622,944,944,1111,1105,834,835,1183,1048,867,1856,1619,1852,610,546,614,193,219,159,492,394,570
22-Sep-26,04:40,24031,0,615,372,614,943,943,1127,1105,834,837,1183,1048,867,1856,1618,1849,610,545,615,193,219,159,492,393,571
22-Sep-26,04:45,23880,0,615,372,611,943,943,1130,1105,834,841,1182,1048,867,1856,1617,1846,610,544,615,193,219,159,492,393,572
22-Sep-26,04:50,23842,0,615,372,612,942,942,1124,1105,834,845,1182,1048,867,1856,1616,1847,610,544,616,193,219,158,492,392,563
22-Sep-26,04:55,23687,0,615,372,598,942,942,1116,1105,834,839,1182,1048,867,1856,1615,1848,610,543,616,193,219,158,492,392,563
22-Sep-26,05:00,23571,0,615,372,599,941,941,1110,1105,834,838,1182,1048,867,1856,1614,1848,610,542,616,193,219,158,492,392,568
22-Sep-26,05:05,23416,0,615,372,604,941,941,1124,1105,834,835,1182,1048,867,1856,1613,1849,610,542,617,193,219,158,492,391,561
22-Sep-26,05:10,23303,0,615,372,604,940,940,1124,1105,834,842,1181,1048,867,1856,1612,1850,610,541,616,193,219,158,492,391,564
22-Sep-26,05:15,23244,0,615,372,605,940,940,1118,1105,834,836,1181,1048,867,1856,1611,1851,610,540,616,193,219,158,492,390,568
22-Sep-26,05:20,23271,0,615,373,606,940,939,1122,1105,834,833,1181,1048,867,1856,1610,1859,610,540,618,193,219,157,492,390,563
22-Sep-26,05:25,23436,0,615,373,606,939,939,1110,1105,834,835,1181,1048,867,1856,1609,1859,610,539,618,193,219,157,492,390,565
22-Sep-26,05:30,23449,0,615,373,608,939,938,1116,1105,834,837,1180,1048,867,1856,1608,1856,610,538,617,193,219,157,492,389,564
22-Sep-26,05:35,23090,0,615,373,605,938,938,1127,1105,834,838,1180,1048,867,1856,1607,1854,610,538,614,193,219,157,492,389,561
22-Sep-26,05:40,23099,0,615,373,605,938,937,1127,1105,834,838,1180,1048,867,1856,1606,1851,610,537,614,193,219,157,492,388,561
22-Sep-26,05:45,23181,0,615,373,606,938,937,1112,1105,834,836,1180,1048,868,1856,1605,1848,610,536,613,193,219,158,492,388,563
22-Sep-26,05:50,23197,0,615,373,607,937,936,1098,1105,834,830,1180,1048,868,1856,1604,1846,610,536,615,193,219,158,492,388,562
22-Sep-26,05:55,23024,0,615,373,604,937,936,1097,1105,834,830,1179,1048,868,1856,1603,1847,610,535,616,193,219,158,492,387,559
22-Sep-26,06:00,22787,3,615,373,601,936,916,1103,1105,834,835,1179,1048,868,1856,1603,1848,610,534,619,193,219,158,492,387,558
22-Sep-26,06:05,22066,10,615,374,586,936,896,1063,1105,834,832,1179,1048,868,1856,1602,1849,610,533,614,193,219,158,492,386,557
22-Sep-26,06:10,22099,15,615,374,592,936,877,1036,1105,834,828,1179,1048,868,1856,1601,1850,610,533,612,193,219,158,492,386,568
22-Sep-26,06:15,22822,30,615,374,635,935,857,990,1105,834,830,1178,1048,868,1856,1600,1851,610,532,614,193,219,159,492,386,559
22-Sep-26,06:20,22976,37,615,374,626,935,827,982,1105,834,831,1178,1048,868,1856,1599,1866,610,531,613,193,219,159,492,385,559
22-Sep-26,06:25,22738,60,615,374,636,934,797,938,1105,834,832,1178,1048,868,1856,1598,1874,610,531,614,193,219,159,492,385,562
22-Sep-26,06:30,22235,85,615,374,644,934,767,920,1105,834,832,1178,1048,868,1856,1597,1867,610,530,612,193,219,159,492,384,557
22-Sep-26,06:35,21933,116,615,374,638,933,734,899,1105,834,833,1178,1048,868,1856,1596,1859,610,529,614,193,219,159,492,384,563
22-Sep-26,06:40,21832,132,615,374,639,933,702,849,1105,834,834,1177,1048,868,1856,1595,1863,610,529,613,193,219,158,492,384,564
22-Sep-26,06:45,22478,173,615,374,637,933,670,799,1105,834,835,1177,1048,868,1856,1594,1866,610,528,612,193,219,158,492,383,564
22-Sep-26,06:50,22742,188,615,374,635,932,662,777,1104,834,835,1177,1048,868,1856,1593,1870,610,527,613,193,219,158,492,383,561
22-Sep-26,06:55,22930,230,615,375,640,932,654,748,1104,833,831,1177,1048,868,1856,1592,1869,610,527,613,193,219,158,492,382,568
22-Sep-26,07:00,22947,272,615,375,642,931,652,745,1104,833,837,1176,1048,868,1856,1591,1868,610,526,614,193,219,158,492,382,568
22-Sep-26,07:05,23018,320,615,375,643,931,650,735,1104,833,839,1176,1048,868,1856,1590,1866,610,525,615,193,219,158,492,382,567
22-Sep-26,07:10,23067,347,615,375,649,931,647,734,1104,833,837,1176,1048,868,1856,1589,1865,610,525,614,193,219,157,492,381,565
22-Sep-26,07:15,23018,406,615,375,638,930,646,738,1104,833,829,1176,1048,868,1856,1588,1864,610,524,614,193,219,157,492,381,566
22-Sep-26,07:20,22984,468,615,375,636,930,646,747,1104,833,832,1176,1048,868,1856,1587,1863,610,523,618,193,219,157,492,380,557
22-Sep-26,07:25,23015,509,615,375,631,929,645,751,1104,833,832,1175,1048,868,1856,1586,1861,610,522,617,193,219,157,492,380,558
22-Sep-26,07:30,23040,571,615,375,626,929,645,699,1104,833,843,1175,1048,868,1856,1585,1860,610,522,617,193,219,157,492,380,556
22-Sep-26,07:35,22873,646,615,375,619,928,644,688,1104,833,849,1175,1048,869,1856,1584,1859,610,521,616,193,219,158,492,379,552
22-Sep-26,07:40,22980,707,615,376,617,928,644,718,1104,833,839,1175,1048,869,1856,1583,1836,610,520,616,193,219,158,492,379,549
22-Sep-26,07:45,22981,747,615,376,617,928,644,718,1104,833,839,1174,1048,869,1856,1582,1836,610,520,616,193,219,158,492,378,546
22-Sep-26,07:50,23039,769,615,376,608,928,643,720,1104,833,816,1174,1048,869,1856,1581,1828,610,519,615,193,219,158,492,378,542
22-Sep-26,07:55,23078,842,615,376,614,927,643,728,1104,833,781,1174,1048,869,1856,1580,1851,610,518,615,193,219,158,492,378,549
22-Sep-26,08:00,23130,905,615,376,596,926,642,707,1104,833,750,1174,1048,869,1856,1579,1742,610,518,614,193,219,158,492,377,535
22-Sep-26,08:05,23158,990,615,376,592,926,642,655,1104,833,709,1174,1048,869,1856,1619,1650,610,525,581,193,219,159,492,377,479
22-Sep-26,08:10,23287,1001,615,376,610,926,642,625,1104,833,703,1173,1048,869,1856,1658,1619,610,532,560,193,219,159,492,376,475
22-Sep-26,08:15,23430,1060,615,376,617,926,641,612,1104,833,711,1173,1048,869,1856,1698,1565,610,539,529,193,219,159,492,376,467
22-Sep-26,08:20,23396,1107,615,376,630,925,641,633,1104,833,718,1173,1048,869,1856,1737,1595,610,546,519,193,219,159,492,376,462
22-Sep-26,08:25,23402,1126,615,376,633,924,640,630,1104,833,727,1173,1048,869,1856,1777,1588,610,553,521,193,219,159,492,375,471
22-Sep-26,08:30,23565,1176,615,377,619,924,640,633,1104,833,727,1172,1048,869,1856,1816,1657,610,560,526,193,219,160,492,375,475
22-Sep-26,08:35,23559,1229,615,377,621,924,640,638,1104,833,725,1172,1048,869,1856,1815,1688,610,568,522,193,219,160,492,374,485
22-Sep-26,08:40,23841,1277,615,377,613,923,639,646,1104,833,739,1172,1048,869,1856,1814,1812,610,575,523,193,219,160,492,374,476
22-Sep-26,08:45,23865,1308,615,377,614,923,639,626,1104,833,755,1172,1048,869,1856,1814,1835,610,582,521,193,219,160,492,374,488
22-Sep-26,08:50,23928,1333,615,377,611,923,638,618,1104,833,762,1172,1048,869,1856,1813,1850,610,589,520,193,219,160,492,373,488
22-Sep-26,08:55,24081,1393,615,377,603,922,638,655,1104,833,798,1171,1048,869,1856,1812,1850,610,596,522,193,219,160,492,373,484
22-Sep-26,09:00,24186,1397,615,377,590,922,638,679,1104,833,763,1171,1048,869,1856,1811,1866,610,603,521,193,219,159,492,372,485
22-Sep-26,09:05,24545,1396,615,377,581,922,637,713,1104,833,809,1171,1048,869,1856,1810,1858,610,598,553,193,219,159,492,372,512
22-Sep-26,09:10,24912,1428,615,377,581,922,637,712,1104,833,795,1171,1048,870,1856,1809,1851,610,594,576,193,219,159,492,372,527
22-Sep-26,09:15,24986,1434,615,378,583,922,636,722,1104,833,814,1170,1048,870,1856,1809,1850,610,589,602,193,219,159,492,371,539
22-Sep-26,09:20,25176,1437,615,378,594,922,636,727,1104,833,843,1170,1048,870,1856,1808,1850,610,585,614,193,219,159,492,371,541
22-Sep-26,09:25,25369,1458,615,378,597,922,636,734,1103,833,818,1170,1048,870,1856,1807,1848,610,580,611,193,219,158,492,370,545
22-Sep-26,09:30,25397,1502,615,378,594,922,635,735,1103,833,821,1170,1048,870,1856,1806,1846,610,576,612,192,219,158,492,370,546
22-Sep-26,09:35,25462,1567,615,378,571,921,635,719,1103,833,832,1170,1048,870,1856,1805,1845,610,571,613,192,219,158,492,370,545
22-Sep-26,09:40,25522,1586,615,378,573,921,634,720,1103,833,839,1171,1048,870,1856,1804,1846,610,567,614,192,219,158,492,369,548
22-Sep-26,09:45,25674,1552,615,378,562,921,634,702,1103,832,844,1171,1048,870,1856,1804,1846,610,562,615,192,219,158,492,369,543
22-Sep-26,09:50,25686,1585,615,378,556,921,634,706,1103,832,847,1171,1048,870,1856,1803,1847,610,558,611,192,219,158,492,368,547
22-Sep-26,09:55,25754,1637,615,378,550,921,633,702,1103,832,836,1171,1048,870,1856,1802,1848,610,553,616,192,219,157,492,368,544
22-Sep-26,10:00,25756,1625,615,378,539,921,633,727,1103,832,824,1172,1048,870,1856,1801,1849,610,549,614,192,219,157,492,368,543
22-Sep-26,10:05,25770,1655,615,379,543,921,632,731,1103,832,827,1172,1048,870,1856,1800,1850,610,544,614,192,219,157,492,367,544
22-Sep-26,10:10,25946,1721,615,379,554,921,632,713,1103,832,830,1172,1048,870,1856,1800,1850,610,540,612,192,219,157,492,367,543
22-Sep-26,10:15,26029,1770,615,379,555,920,632,719,1103,832,815,1172,1048,870,1856,1799,1851,610,535,612,192,219,157,492,366,546
22-Sep-26,10:20,25980,1835,615,379,569,920,631,729,1103,832,835,1172,1048,870,1856,1798,1854,610,531,615,192,219,156,492,366,548
22-Sep-26,10:25,26105,1808,615,379,576,920,631,729,1103,832,835,1173,1048,870,1856,1797,1856,610,526,615,192,219,156,492,366,545
22-Sep-26,10:30,26033,1786,615,379,582,920,630,710,1103,832,892,1173,1048,870,1856,1796,1858,610,522,611,192,219,156,492,365,551
22-Sep-26,10:35,26177,1817,615,379,579,920,630,712,1103,832,900,1173,1048,871,1856,1795,1861,610,508,586,192,219,156,492,365,552
22-Sep-26,10:40,26118,1848,615,379,595,920,630,730,1103,832,913,1173,1048,871,1856,1795,1864,610,494,542,192,219,156,492,364,549
22-Sep-26,10:45,26075,1863,615,379,594,920,629,720,1103,832,917,1174,1048,871,1856,1794,1866,610,480,525,192,219,156,492,364,555
22-Sep-26,10:50,26090,1800,615,380,589,920,629,751,1103,832,941,1174,1048,871,1856,1793,1868,610,466,507,192,219,155,492,364,553
22-Sep-26,10:55,26122,1780,615,380,589,920,628,735,1103,832,922,1174,1048,871,1856,1792,1871,610,452,532,192,219,155,492,363,552
22-Sep-26,11:00,26064,1811,615,380,582,919,628,754,1103,832,908,1174,1048,871,1856,1791,1874,610,438,510,192,219,155,492,363,560
22-Sep-26,11:05,26114,1844,615,380,589,919,628,733,1103,832,927,1174,1048,871,1856,1791,1876,610,449,496,192,219,155,492,362,553
22-Sep-26,11:10,25969,1835,615,380,595,919,627,747,1103,832,878,1175,1048,871,1856,1790,1878,610,461,453,192,219,155,492,362,513
22-Sep-26,11:15,26133,1829,615,380,596,919,627,752,1103,832,873,1175,1048,871,1856,1789,1881,610,472,436,192,219,154,492,362,481
22-Sep-26,11:20,25942,1871,615,380,615,919,626,742,1103,832,852,1175,1048,871,1856,1788,1884,610,483,433,192,219,154,492,361,463
22-Sep-26,11:25,25871,1924,615,380,621,919,626,738,1103,832,851,1175,1048,871,1856,1787,1886,610,494,437,192,219,154,492,361,470
22-Sep-26,11:30,25945,1900,615,380,613,919,626,736,1103,832,858,1176,1048,871,1856,1786,1888,610,506,434,192,219,154,492,360,470
22-Sep-26,11:35,25928,1783,615,380,603,919,625,746,1102,832,857,1176,1048,872,1856,1786,1891,610,532,445,192,219,154,492,360,530
22-Sep-26,11:40,26094,1908,615,381,596,918,625,754,1102,832,854,1176,1048,872,1856,1785,1891,610,558,485,192,219,154,492,360,556
22-Sep-26,11:45,26149,1934,615,381,600,918,624,746,1102,832,859,1176,1048,872,1856,1784,1877,610,584,519,192,219,153,492,359,560
22-Sep-26,11:50,26199,1837,615,381,596,918,624,740,1102,832,862,1176,1048,872,1856,1783,1877,610,581,543,192,219,153,492,359,561
22-Sep-26,11:55,26225,1915,615,381,594,918,624,744,1102,832,856,1177,1048,872,1856,1782,1876,610,579,584,192,219,153,492,358,561
22-Sep-26,12:00,26261,1967,615,381,586,918,623,750,1102,832,859,1177,1048,872,1856,1781,1876,610,576,592,192,219,153,492,358,562
22-Sep-26,12:05,26244,1887,615,381,566,918,623,723,1102,832,847,1177,1048,872,1856,1781,1884,610,573,605,192,219,153,492,358,561
22-Sep-26,12:10,26265,1831,615,381,570,918,622,731,1102,832,821,1177,1048,872,1856,1780,1882,610,571,607,192,219,152,492,357,564
22-Sep-26,12:15,26227,1789,615,381,565,918,622,730,1102,832,796,1178,1048,872,1856,1779,1880,610,568,610,192,219,152,492,357,563
22-Sep-26,12:20,26357,1889,615,381,567,918,622,723,1102,831,795,1178,1048,873,1856,1778,1879,610,565,612,192,219,152,492,356,560
22-Sep-26,12:25,26248,1848,615,382,567,917,621,732,1102,831,829,1178,1048,873,1856,1777,1877,610,563,614,192,219,152,492,356,562
22-Sep-26,12:30,26313,1845,615,382,568,917,621,733,1102,831,836,1178,1048,873,1856,1777,1877,610,560,614,192,219,152,492,356,559
22-Sep-26,12:35,26317,1901,615,382,562,917,620,738,1102,831,789,1178,1048,873,1856,1776,1854,610,557,612,192,219,152,492,355,560
22-Sep-26,12:40,26220,1917,615,382,569,917,620,738,1102,831,799,1179,1048,874,1856,1775,1861,610,555,614,192,219,151,492,355,565
22-Sep-26,12:45,26235,1838,615,382,568,917,620,744,1102,831,794,1179,1048,874,1856,1774,1861,610,552,613,192,219,151,492,354,565
22-Sep-26,12:50,26329,1822,615,382,577,917,619,728,1102,831,814,1179,1048,874,1856,1773,1865,610,549,612,192,219,151,492,354,561
22-Sep-26,12:55,26364,1916,615,382,594,917,619,729,1102,831,833,1179,1048,874,1856,1772,1869,610,546,614,192,219,151,492,354,567
22-Sep-26,13:00,26348,1932,615,382,591,917,618,738,1102,831,847,1180,1048,875,1856,1772,1873,610,544,609,192,219,151,492,353,567
22-Sep-26,13:05,26411,1894,615,382,578,918,618,735,1102,831,843,1180,1048,875,1856,1771,1877,610,541,614,192,219,152,492,353,564
22-Sep-26,13:10,25917,1898,615,382,578,918,618,737,1102,831,833,1180,1048,875,1856,1770,1870,610,538,613,192,219,152,492,352,560
22-Sep-26,13:15,25984,1782,615,383,579,918,617,740,1102,831,844,1180,1048,876,1856,1769,1870,610,536,613,192,219,152,492,352,556
22-Sep-26,13:20,25976,1817,615,383,572,918,617,729,1102,831,822,1180,1048,876,1856,1768,1867,610,533,612,192,219,152,492,352,555
22-Sep-26,13:25,26001,1809,615,383,572,918,616,729,1102,831,822,1181,1048,876,1856,1768,1864,610,530,612,192,219,152,492,351,554
22-Sep-26,13:30,26116,1880,615,383,568,918,616,731,1101,831,788,1181,1048,876,1856,1767,1861,610,528,611,192,219,152,492,351,553
22-Sep-26,13:35,26234,1868,615,383,567,918,616,732,1101,831,801,1181,1048,886,1856,1766,1858,610,525,611,192,219,153,492,350,552
22-Sep-26,13:40,26347,1816,615,383,572,918,615,732,1101,831,812,1181,1048,992,1856,1765,1855,610,522,610,192,219,153,492,350,561
22-Sep-26,13:45,26273,1796,615,383,572,918,615,733,1101,831,812,1182,1048,992,1856,1764,1855,610,520,610,192,219,153,492,350,561
22-Sep-26,13:50,26321,1745,615,384,571,919,614,734,1101,831,841,1182,1048,1010,1856,1763,1879,610,506,594,192,219,153,492,349,560
22-Sep-26,13:55,26480,1778,615,384,583,919,614,745,1101,831,852,1182,1048,1013,1856,1763,1879,610,493,546,192,219,153,492,349,521
22-Sep-26,14:00,26509,1774,615,384,577,919,614,740,1101,831,848,1182,1048,994,1856,1762,1863,610,479,523,192,219,154,492,347,485
22-Sep-26,14:05,26481,1815,615,384,571,919,613,728,1101,831,857,1182,1048,960,1856,1761,1857,610,465,519,192,219,154,492,346,478
22-Sep-26,14:10,26330,1810,615,384,578,919,613,729,1101,831,828,1183,1048,948,1856,1760,1851,610,451,524,192,219,154,492,344,472
22-Sep-26,14:15,26330,1810,615,384,584,919,612,734,1101,831,827,1183,1048,990,1856,1759,1845,610,438,512,192,219,154,492,343,472
22-Sep-26,14:20,26543,1755,615,384,578,919,612,746,1101,831,835,1183,1048,1052,1856,1758,1839,610,412,523,192,219,154,492,338,467
22-Sep-26,14:25,26461,1651,615,384,577,919,612,748,1101,831,862,1183,1048,1016,1856,1758,1833,610,386,468,192,219,154,492,332,414
22-Sep-26,14:30,26613,1636,615,385,586,920,611,752,1101,830,872,1184,1048,1021,1856,1757,1841,610,361,423,192,219,155,492,326,414
22-Sep-26,14:35,26590,1609,615,385,583,920,611,744,1101,830,867,1184,1048,996,1856,1767,1828,610,365,414,192,219,155,492,332,352
22-Sep-26,14:40,26521,1578,615,385,586,920,610,741,1101,830,878,1184,1048,985,1856,1777,1815,610,369,383,192,219,155,492,338,352
22-Sep-26,14:45,26666,1629,615,385,588,920,610,739,1101,830,899,1184,1048,1010,1856,1787,1802,610,374,349,192,219,155,492,343,311
22-Sep-26,14:50,26730,1623,615,385,584,920,610,737,1101,830,891,1184,1048,990,1856,1797,1789,610,378,344,192,219,155,492,349,311
22-Sep-26,14:55,26632,1552,615,385,584,920,609,727,1101,830,923,1185,1048,950,1856,1806,1776,610,382,345,192,219,156,492,355,302
22-Sep-26,15:00,26632,1516,615,385,586,920,609,716,1100,830,913,1185,1048,959,1856,1816,1763,610,386,344,192,219,156,492,361,302
22-Sep-26,15:05,26008,1484,615,386,585,920,608,724,1100,830,913,1185,1048,966,1856,1826,1763,610,390,343,192,219,156,492,367,309
22-Sep-26,15:10,25866,1456,615,386,601,920,608,717,1100,830,921,1185,1048,926,1856,1836,1748,610,394,342,192,219,156,492,372,300
22-Sep-26,15:15,25715,1399,615,386,614,921,608,722,1100,830,919,1186,1048,922,1856,1846,1765,610,399,341,192,219,156,492,378,302
22-Sep-26,15:20,25786,1348,615,386,602,921,607,709,1100,830,885,1186,1048,909,1856,1844,1782,610,403,341,192,219,156,492,391,332
22-Sep-26,15:25,25781,1344,615,386,602,921,607,713,1100,830,882,1186,1048,909,1856,1841,1799,610,407,340,192,219,157,492,403,366
22-Sep-26,15:30,25722,1327,615,386,609,921,606,726,1100,830,889,1186,1048,911,1856,1839,1816,610,411,339,192,219,157,492,416,378
22-Sep-26,15:35,25601,1302,615,386,597,921,606,704,1100,830,881,1186,1048,909,1856,1836,1833,610,415,339,192,219,157,492,429,386
22-Sep-26,15:40,25557,1249,615,386,600,921,606,698,1100,830,868,1187,1048,909,1856,1834,1833,610,420,338,192,219,157,492,442,394
22-Sep-26,15:45,25490,1213,615,387,604,921,605,705,1100,830,868,1187,1048,910,1856,1832,1837,610,424,340,192,219,157,492,454,401
22-Sep-26,15:50,25402,1118,615,387,609,921,605,714,1100,830,907,1187,1048,930,1856,1829,1841,610,438,387,192,219,158,492,468,409
22-Sep-26,15:55,25399,1083,615,387,607,922,604,723,1100,830,897,1187,1048,936,1856,1827,1845,610,452,401,192,219,158,492,481,437
22-Sep-26,16:00,25431,1041,615,387,613,922,604,721,1100,830,895,1188,1048,937,1856,1824,1849,610,466,425,192,219,158,492,495,437
22-Sep-26,16:05,25165,1025,615,387,605,922,604,705,1100,830,903,1188,1048,917,1856,1822,1853,610,479,451,192,219,158,492,508,467
22-Sep-26,16:10,24692,970,615,387,603,922,603,718,1100,830,913,1188,1048,911,1856,1820,1857,610,493,429,192,219,158,492,522,467
22-Sep-26,16:15,24461,872,615,387,612,922,603,714,1099,830,905,1188,1048,978,1856,1817,1857,610,507,450,192,219,158,492,535,491
22-Sep-26,16:20,24466,859,615,388,622,922,602,714,1099,830,908,1188,1048,986,1856,1815,1841,610,533,463,192,219,159,492,534,491
22-Sep-26,16:25,24342,789,615,388,613,922,602,726,1099,829,936,1189,1048,1003,1856,1812,1841,610,558,523,192,219,159,492,534,544
22-Sep-26,16:30,24342,746,615,388,616,922,602,738,1099,829,950,1189,1048,1050,1856,1810,1857,610,584,539,192,219,159,492,533,541
22-Sep-26,16:35,24356,693,615,388,616,922,601,749,1099,829,939,1189,1048,1044,1856,1808,1872,610,586,580,192,219,159,492,532,531
22-Sep-26,16:40,23981,671,615,388,630,923,601,759,1099,829,936,1189,1048,1042,1856,1805,1857,610,587,588,192,219,159,492,532,544
22-Sep-26,16:45,23785,640,615,388,642,923,600,740,1099,829,939,1190,1048,1046,1856,1803,1859,610,589,599,192,219,160,492,531,559
22-Sep-26,16:50,23564,617,615,388,649,923,600,744,1099,829,945,1190,1048,1044,1856,1801,1861,610,590,603,192,219,160,492,530,560
22-Sep-26,16:55,23444,545,615,388,628,923,600,744,1099,829,950,1190,1048,1007,1856,1798,1862,610,592,602,192,219,160,492,530,563
22-Sep-26,17:00,23529,525,615,389,637,923,599,766,1099,829,923,1190,1048,1012,1856,1796,1864,610,593,603,192,219,160,492,529,571
22-Sep-26,17:05,23738,483,615,389,631,923,599,758,1098,829,932,1190,1048,1007,1856,1793,1866,610,592,609,192,219,160,492,528,571
22-Sep-26,17:10,23938,468,615,389,621,923,598,735,1098,829,942,1191,1048,969,1856,1791,1868,610,592,599,191,219,160,492,528,564
22-Sep-26,17:15,23951,371,615,389,646,923,598,753,1098,829,942,1191,1048,1009,1856,1789,1869,610,591,606,191,219,161,492,527,575
22-Sep-26,17:20,24262,297,615,389,636,924,598,743,1098,829,921,1191,1048,1021,1856,1786,1871,610,591,601,191,219,161,492,526,572
22-Sep-26,17:25,24341,276,615,389,641,924,597,760,1098,829,951,1191,1048,1022,1856,1784,1873,610,590,607,191,219,161,492,526,570
22-Sep-26,17:30,24473,249,615,389,642,924,597,754,1098,829,978,1192,1048,1028,1856,1781,1880,610,590,604,191,219,161,492,525,571
22-Sep-26,17:35,24516,225,615,390,643,924,596,753,1098,829,947,1192,1048,1041,1856,1779,1880,610,589,603,191,219,161,492,524,570
22-Sep-26,17:40,24425,195,615,390,637,924,596,756,1097,829,961,1192,1048,1034,1856,1777,1879,610,588,601,191,219,162,492,524,570
22-Sep-26,17:45,24411,165,615,390,646,924,596,758,1097,829,978,1192,1048,1037,1856,1774,1886,610,588,602,191,219,162,492,523,572
22-Sep-26,17:50,24139,147,615,390,649,924,595,752,1097,829,1003,1192,1048,1041,1856,1772,1863,610,587,603,191,219,162,492,522,570
22-Sep-26,17:55,23938,136,615,390,649,924,595,748,1097,828,1019,1193,1048,1041,1856,1769,1871,610,587,601,191,219,162,492,522,568
22-Sep-26,18:00,24067,0,615,390,648,924,594,748,1097,828,1028,1193,1048,1040,1856,1767,1873,610,586,601,191,219,162,492,521,568
22-Sep-26,18:05,24429,0,615,390,642,924,594,758,1096,828,1039,1193,1048,1027,1856,1765,1875,610,585,603,191,219,162,492,520,574
22-Sep-26,18:10,24413,0,615,390,636,925,594,746,1096,828,1039,1193,1048,995,1856,1762,1877,610,585,601,191,219,163,492,520,569
22-Sep-26,18:15,24352,0,615,391,650,925,593,743,1096,828,1036,1194,1048,1046,1856,1760,1880,610,584,602,191,219,163,492,519,564
22-Sep-26,18:20,24437,0,615,391,648,925,593,737,1096,828,1038,1194,1048,1036,1856,1757,1882,610,584,602,191,219,163,492,518,565
22-Sep-26,18:25,23982,0,615,391,642,925,592,731,1096,828,1050,1194,1048,1035,1856,1755,1884,610,583,605,191,219,163,492,518,565
22-Sep-26,18:30,24037,0,615,391,638,925,592,737,1096,828,1051,1194,1048,1037,1856,1753,1886,610,583,603,191,219,163,492,517,570
22-Sep-26,18:35,24020,0,615,391,642,925,592,742,1095,828,1050,1194,1048,1034,1856,1750,1894,610,582,601,191,219,164,492,517,574
22-Sep-26,18:40,23858,0,615,391,638,925,591,757,1095,828,1048,1195,1048,1038,1856,1748,1894,610,581,606,191,219,164,492,516,574
22-Sep-26,18:45,23969,0,615,391,640,925,591,759,1095,828,1051,1195,1048,1037,1856,1746,1879,610,581,605,191,219,164,492,515,575
22-Sep-26,18:50,24184,0,615,392,638,925,590,744,1095,828,1052,1195,1048,1038,1856,1743,1871,610,580,605,191,219,164,492,515,575
22-Sep-26,18:55,24213,0,615,392,630,925,590,742,1095,828,1051,1195,1048,1037,1856,1741,1875,610,580,604,191,219,164,492,514,573
22-Sep-26,19:00,24199,0,615,392,635,925,590,743,1094,828,1048,1196,1048,1035,1856,1738,1878,610,579,606,191,219,164,492,513,573
22-Sep-26,19:05,25025,0,615,392,632,925,589,759,1094,828,1045,1196,1048,1023,1856,1736,1882,610,579,607,191,219,165,492,513,572
22-Sep-26,19:10,25513,0,615,392,625,925,589,772,1094,827,1051,1196,1048,1028,1856,1734,1882,610,578,609,191,219,165,492,512,570
22-Sep-26,19:15,25986,0,615,392,644,926,588,744,1094,827,1043,1196,1048,1035,1856,1731,1881,610,577,608,191,219,165,492,511,564
22-Sep-26,19:20,26087,0,615,392,638,926,588,734,1094,827,1041,1196,1048,1036,1856,1729,1881,610,577,607,191,219,165,492,511,566
22-Sep-26,19:25,26156,0,615,392,635,926,588,732,1094,827,1053,1197,1048,1040,1856,1726,1882,610,576,607,191,219,165,492,510,555
22-Sep-26,19:30,26193,0,615,393,627,926,587,731,1093,827,1043,1197,1048,1034,1856,1724,1882,610,576,608,191,220,166,492,509,559
22-Sep-26,19:35,26158,0,615,393,631,926,587,731,1093,827,1035,1197,1048,1007,1856,1722,1882,610,575,605,191,220,166,492,509,561
22-Sep-26,19:40,26122,0,615,393,624,926,586,721,1093,827,1044,1197,1048,1013,1856,1719,1883,610,574,603,191,220,166,492,508,562
22-Sep-26,19:45,26043,0,615,393,626,926,586,729,1093,827,1048,1198,1048,1020,1856,1717,1884,610,574,602,191,220,166,492,507,566
22-Sep-26,19:50,26040,0,615,393,622,926,586,716,1093,827,1050,1198,1048,1014,1856,1714,1881,610,573,603,191,220,166,492,507,567
22-Sep-26,19:55,26111,0,615,393,626,926,585,725,1092,827,1059,1198,1048,1003,1856,1712,1878,610,573,603,191,220,166,492,506,564
22-Sep-26,20:00,26429,0,615,393,621,926,585,732,1092,826,1059,1198,1048,988,1856,1710,1874,610,572,598,191,220,167,492,505,564
22-Sep-26,20:05,26582,0,615,394,625,926,584,730,1092,826,1068,1198,1048,976,1856,1707,1871,610,572,602,191,220,167,492,505,563
23-Sep-26,03:05,27017,0,615,394,576,926,584,720,1092,826,1064,1199,1048,1018,1856,1705,1854,610,574,584,191,220,167,492,504,566
23-Sep-26,03:10,27077,0,615,394,593,926,584,727,1092,826,1060,1199,1048,1029,1856,1702,1862,610,575,586,191,220,167,492,503,567
23-Sep-26,03:15,27170,0,615,394,608,926,583,725,1092,826,1067,1199,1048,1037,1856,1700,1870,610,577,585,191,220,167,492,503,568
23-Sep-26,03:20,27144,0,615,394,605,926,583,737,1091,826,1075,1199,1048,1034,1856,1698,1877,610,578,587,191,220,168,492,502,559
23-Sep-26,03:25,27185,0,615,394,631,926,582,730,1091,826,1070,1200,1048,1041,1856,1695,1893,610,580,585,191,220,168,492,501,558
23-Sep-26,03:30,27305,0,615,394,629,926,582,739,1091,826,1074,1200,1048,1033,1856,1693,1885,610,581,585,191,220,168,492,501,559
23-Sep-26,03:35,27156,0,615,394,626,926,582,740,1091,825,1070,1200,1048,1037,1856,1690,1885,610,582,586,191,220,168,492,500,559
23-Sep-26,03:40,27121,0,615,395,629,926,581,742,1091,825,1072,1200,1048,1036,1856,1688,1883,610,584,587,191,220,168,492,499,561
23-Sep-26,03:45,27049,0,615,395,627,927,581,746,1090,825,1062,1200,1048,1043,1856,1686,1881,610,585,588,191,220,168,492,499,560
23-Sep-26,03:50,26939,0,615,395,629,927,580,746,1090,825,1052,1201,1048,1030,1856,1683,1879,610,587,589,191,220,169,492,498,568
23-Sep-26,03:55,26982,0,615,395,627,927,580,743,1090,825,1055,1201,1048,1020,1856,1681,1876,610,588,590,191,220,169,492,497,568
23-Sep-26,04:00,26916,0,615,395,628,927,580,743,1090,824,1048,1201,1048,1021,1856,1678,1874,610,589,591,191,220,169,492,497,567
23-Sep-26,04:05,26952,0,615,395,620,927,579,738,1090,824,1034,1201,1048,974,1856,1676,1872,610,591,598,191,220,169,492,496,561
23-Sep-26,04:10,26920,0,615,395,597,927,579,740,1090,824,1041,1202,1048,982,1856,1674,1874,610,592,602,191,220,169,492,495,562
23-Sep-26,04:15,26856,0,615,396,598,927,578,732,1089,824,1036,1202,1048,1015,1856,1671,1875,610,594,603,191,220,170,492,495,562
23-Sep-26,04:20,26890,0,615,396,592,927,578,726,1089,824,1046,1202,1048,979,1856,1669,1876,610,571,603,191,220,170,492,494,561
23-Sep-26,04:25,26890,0,615,396,592,927,578,713,1089,824,1053,1202,1048,960,1856,1667,1878,610,548,610,191,220,170,492,493,558
23-Sep-26,04:30,26886,0,615,396,594,927,577,719,1089,823,1033,1202,1048,948,1856,1664,1870,610,525,611,191,220,170,492,493,558
23-Sep-26,04:35,26832,0,615,396,592,927,577,717,1089,823,1025,1203,1048,938,1856,1662,1869,610,502,563,191,221,170,492,492,546
23-Sep-26,04:40,26900,0,615,396,591,927,576,723,1088,823,1036,1203,1048,942,1856,1659,1867,610,545,563,191,221,170,492,491,546
23-Sep-26,04:45,26736,0,615,396,595,927,576,732,1088,823,1037,1203,1048,956,1856,1657,1866,610,545,556,191,221,171,492,491,554
23-Sep-26,04:50,26772,0,615,396,590,927,576,727,1088,823,1027,1203,1048,954,1856,1655,1865,610,544,576,191,221,171,492,490,554
23-Sep-26,04:55,26824,0,615,397,594,927,575,734,1088,822,1035,1204,1048,951,1856,1652,1863,610,543,612,191,221,171,492,489,546
23-Sep-26,05:00,26810,0,615,397,589,927,575,730,1088,822,1000,1204,1048,945,1856,1650,1862,610,543,614,191,221,171,492,489,551
23-Sep-26,05:05,26693,0,615,397,589,927,574,724,1088,822,980,1204,1048,946,1856,1647,1854,610,542,615,191,221,172,492,488,550
23-Sep-26,05:10,25901,0,615,397,585,927,574,712,1087,822,937,1204,1048,948,1856,1645,1847,610,541,616,191,221,172,492,487,553
23-Sep-26,05:15,25720,0,615,397,587,927,574,706,1087,822,938,1204,1048,975,1856,1643,1853,610,540,618,191,221,172,492,487,554
23-Sep-26,05:20,25702,0,615,397,589,927,573,712,1087,822,921,1205,1048,978,1856,1640,1859,610,540,617,191,221,172,492,486,561
23-Sep-26,05:25,25382,0,615,397,587,927,573,730,1087,821,913,1205,1048,1016,1856,1638,1865,610,539,616,191,221,173,492,485,558
23-Sep-26,05:30,25309,0,615,398,588,927,572,732,1087,821,913,1205,1048,1024,1856,1635,1871,610,538,616,191,221,173,492,485,569
23-Sep-26,05:35,24987,0,615,398,589,928,572,741,1086,821,917,1205,1048,995,1856,1633,1871,610,537,615,191,221,173,492,484,564
23-Sep-26,05:40,24960,0,615,398,589,928,572,752,1086,821,911,1206,1048,1006,1856,1631,1870,610,536,615,191,221,174,492,484,564
23-Sep-26,06:05,24627,5,615,398,597,928,571,744,1086,821,903,1206,1048,946,1856,1628,1862,610,536,614,191,221,174,492,483,549
23-Sep-26,06:10,23983,12,615,398,597,928,571,739,1086,820,905,1206,1048,970,1856,1626,1862,610,535,613,191,221,174,492,482,549
23-Sep-26,06:15,23695,24,615,398,607,928,570,742,1086,820,907,1206,1048,1066,1856,1623,1854,610,534,613,191,221,174,492,482,555
23-Sep-26,06:20,23731,30,615,398,612,928,570,750,1086,820,905,1206,1048,1077,1856,1621,1862,610,533,610,191,221,175,492,481,557
23-Sep-26,06:25,23622,47,615,398,634,928,570,750,1085,820,935,1207,1048,1058,1856,1619,1870,610,533,615,191,221,175,492,480,564
23-Sep-26,06:30,23413,68,615,399,646,928,569,757,1085,820,973,1207,1048,1046,1856,1616,1871,610,532,612,191,221,175,492,480,565
23-Sep-26,06:35,23327,82,615,399,641,928,569,765,1085,820,998,1207,1048,1044,1856,1614,1872,610,531,612,191,221,175,492,479,564
23-Sep-26,06:40,23328,108,615,399,636,928,568,753,1085,819,1002,1207,1048,1044,1856,1612,1872,610,530,611,191,221,176,492,478,562
23-Sep-26,06:45,23425,135,615,399,631,928,568,763,1085,819,1037,1208,1048,1045,1856,1609,1873,610,529,612,191,222,176,492,478,564
23-Sep-26,06:50,23386,150,615,399,621,928,568,767,1084,819,1046,1208,1048,1012,1856,1607,1874,610,529,611,191,222,176,492,477,570
23-Sep-26,06:55,23440,180,615,399,627,928,567,753,1084,819,1041,1208,1048,1001,1856,1604,1875,610,528,612,191,222,176,492,476,565
23-Sep-26,07:00,23411,212,615,399,627,928,567,743,1084,819,1038,1208,1048,972,1856,1602,1875,610,527,613,191,222,177,492,476,563
23-Sep-26,07:05,23321,236,615,400,626,928,566,736,1084,818,1027,1208,1048,990,1856,1600,1876,610,526,614,191,222,177,492,475,577
23-Sep-26,07:10,23382,264,615,400,627,928,566,737,1084,818,1025,1209,1048,992,1856,1597,1877,610,526,612,191,222,177,492,474,577
23-Sep-26,07:15,23312,292,615,400,629,928,566,734,1084,818,1022,1209,1048,971,1856,1595,1862,610,525,613,191,222,177,492,474,571
23-Sep-26,07:20,23332,310,615,400,627,928,565,738,1083,818,1022,1209,1048,966,1856,1592,1854,610,524,611,191,222,178,492,473,568
23-Sep-26,07:25,23404,343,615,400,623,928,564,732,1083,818,1029,1209,1048,964,1856,1590,1854,610,523,612,191,222,178,492,472,565
23-Sep-26,07:30,23284,389,615,400,617,928,564,717,1083,818,1017,1210,1048,937,1856,1588,1846,610,522,613,191,222,178,492,472,562
23-Sep-26,07:35,23344,436,615,400,620,928,564,725,1083,817,1009,1210,1048,936,1856,1585,1869,610,522,613,191,222,178,492,471,563
23-Sep-26,07:40,23099,487,615,400,626,928,563,734,1083,817,1020,1210,1048,999,1856,1583,1869,610,521,612,191,222,179,492,470,564
23-Sep-26,07:45,23121,534,615,401,619,928,563,718,1082,817,1020,1210,1048,1016,1856,1580,1861,610,520,610,191,222,179,492,470,564
23-Sep-26,07:50,23148,544,615,401,600,928,563,722,1082,817,1012,1210,1048,951,1856,1578,1861,610,519,613,191,222,179,492,469,556
23-Sep-26,07:55,23009,655,615,401,608,928,563,723,1082,817,1012,1211,1048,936,1856,1856,1854,610,519,604,191,222,179,492,468,551
23-Sep-26,08:00,22919,690,615,401,591,928,563,729,1082,816,1010,1211,1048,935,1856,1856,1838,610,518,602,190,222,180,492,468,551
23-Sep-26,08:05,22957,748,615,401,583,928,563,653,1082,816,1004,1211,1048,928,1856,1717,1690,610,494,565,190,222,180,492,447,493
23-Sep-26,08:10,23089,771,615,401,594,929,563,618,1082,816,998,1211,1048,927,1856,1578,1597,610,471,534,190,222,180,492,426,461
23-Sep-26,08:15,23264,795,615,401,595,929,563,625,1081,816,959,1212,1048,937,1856,1438,1512,610,448,498,190,222,180,492,405,425
23-Sep-26,08:20,23234,819,615,402,604,929,563,622,1081,816,932,1212,1048,978,1856,1334,1450,610,420,478,190,222,181,492,379,412
23-Sep-26,08:25,23289,846,615,402,600,929,563,624,1081,816,910,1212,1048,948,1856,1230,1395,610,392,438,190,222,181,492,354,391
23-Sep-26,08:30,23407,863,615,402,595,929,563,625,1081,815,896,1212,1048,927,1856,1125,1272,610,363,421,190,222,181,492,328,391
23-Sep-26,08:35,23510,963,615,402,595,929,563,624,1081,815,859,1212,1048,932,1856,1168,1171,610,379,393,190,221,182,492,342,368
23-Sep-26,08:40,23508,962,615,402,598,929,563,648,1080,815,852,1213,1048,975,1856,1212,1094,610,396,387,190,221,182,492,356,344
23-Sep-26,08:45,23442,1038,615,402,600,929,563,682,1080,815,845,1213,1048,962,1856,1256,1086,610,412,387,190,221,182,492,370,321
23-Sep-26,08:50,23513,1041,615,402,602,929,563,697,1080,815,895,1213,1048,979,1856,1336,1164,610,439,394,190,221,182,492,394,298
23-Sep-26,08:55,23597,1033,615,402,601,929,563,716,1080,814,909,1213,1048,1018,1856,1417,1287,610,466,445,190,221,181,492,418,366
23-Sep-26,09:00,23794,1181,615,403,598,929,563,712,1080,814,918,1214,1048,978,1856,1498,1442,610,494,459,190,221,181,492,443,366
23-Sep-26,09:05,24227,1322,615,403,594,929,563,732,1080,814,954,1214,1048,963,1856,1588,1503,610,523,501,190,221,181,492,470,438
23-Sep-26,09:10,24380,1350,615,403,598,929,563,735,1079,814,974,1214,1048,1047,1856,1677,1666,610,552,529,190,221,180,492,496,438
23-Sep-26,09:15,24765,1328,615,403,598,929,563,726,1079,814,1024,1214,1048,999,1856,1766,1728,610,581,555,190,221,180,492,522,504
23-Sep-26,09:20,24937,1314,615,403,600,929,563,733,1079,814,1042,1214,1048,997,1856,1757,1806,610,582,561,190,221,180,492,520,525
23-Sep-26,09:25,25087,1317,615,403,596,929,563,731,1079,813,1042,1215,1048,1013,1856,1749,1822,610,583,594,190,221,180,492,517,537
23-Sep-26,09:30,25302,1337,615,403,575,929,563,740,1079,813,1039,1215,1048,1011,1856,1740,1837,610,584,602,190,221,179,492,514,554
23-Sep-26,09:35,25311,1342,615,404,574,929,563,743,1078,813,1039,1215,1048,1001,1856,1732,1853,610,585,603,190,221,179,492,512,562
23-Sep-26,09:40,25325,1356,615,404,573,929,563,739,1078,813,1030,1215,1048,1008,1856,1723,1868,610,586,601,190,221,179,492,510,562
23-Sep-26,09:45,25519,1337,615,404,573,929,563,737,1078,813,1030,1216,1048,996,1856,1715,1884,610,587,604,190,221,179,492,507,565
23-Sep-26,09:50,25601,1338,615,404,571,929,563,744,1078,812,1025,1216,1048,989,1856,1706,1882,610,588,606,190,221,178,492,504,570
23-Sep-26,09:55,25664,1379,615,404,571,929,563,741,1078,812,1027,1216,1048,1013,1856,1698,1881,610,589,612,190,221,178,492,502,569
23-Sep-26,10:00,25768,1376,615,404,580,929,563,729,1078,812,1028,1216,1048,1008,1856,1689,1880,610,590,615,190,221,178,492,500,571
23-Sep-26,10:05,25798,1256,615,404,576,929,563,732,1077,812,1035,1216,1048,1004,1856,1681,1878,610,591,619,190,221,178,492,497,563
23-Sep-26,10:10,25964,1274,615,404,577,929,563,733,1077,812,1033,1217,1048,1014,1856,1672,1876,610,592,618,190,221,177,492,494,568
23-Sep-26,10:15,26207,1398,615,405,576,929,563,732,1077,812,1024,1217,1048,995,1856,1663,1875,610,593,617,190,221,177,492,492,568
23-Sep-26,10:20,26179,1427,615,405,575,929,563,728,1077,811,1030,1217,1048,927,1856,1655,1874,610,594,616,190,220,177,492,490,557
23-Sep-26,10:25,26022,1469,615,405,575,929,563,729,1077,811,1007,1217,1048,972,1856,1646,1872,610,595,615,190,220,177,492,487,556
23-Sep-26,10:30,26022,1424,615,405,568,929,563,725,1076,811,997,1218,1048,926,1856,1638,1870,610,596,611,190,220,178,492,484,556
23-Sep-26,10:35,25851,1382,615,405,568,929,563,727,1076,811,987,1218,1048,915,1856,1629,1874,610,583,611,190,220,178,492,482,542
23-Sep-26,10:40,25813,1434,615,405,577,930,563,730,1076,810,974,1218,1048,968,1856,1621,1877,610,570,609,190,220,178,492,480,542
23-Sep-26,10:45,25861,1556,615,405,575,930,563,725,1076,810,959,1218,1048,970,1856,1612,1880,610,557,609,190,220,178,492,477,549
23-Sep-26,10:50,25820,1630,615,406,576,930,563,735,1076,810,940,1218,1048,981,1856,1604,1884,610,543,606,190,220,179,492,474,558
23-Sep-26,10:55,25904,1631,615,406,578,930,563,736,1076,810,907,1219,1048,999,1856,1595,1861,610,530,607,190,220,179,492,472,558
23-Sep-26,11:00,25994,1578,615,406,579,930,563,720,1075,809,960,1219,1048,966,1856,1587,1752,610,517,605,190,220,179,492,470,547
23-Sep-26,11:05,25698,1511,615,406,579,930,563,726,1075,809,979,1219,1048,922,1856,1546,1682,610,490,606,190,220,179,492,448,533
23-Sep-26,11:10,25342,1489,615,406,578,930,563,709,1075,809,986,1219,1048,843,1856,1505,1597,610,464,537,190,220,180,492,427,477
23-Sep-26,11:15,25342,1489,615,406,578,930,563,709,1075,809,986,1220,1048,843,1856,1464,1597,610,438,537,190,220,180,492,406,477
23-Sep-26,11:20,25273,1613,615,406,576,930,563,694,1075,808,994,1220,1048,800,1856,1422,1582,610,412,499,190,220,180,492,380,447
23-Sep-26,11:25,25340,1719,615,406,577,930,563,704,1074,803,982,1220,1048,752,1856,1381,1543,610,386,472,190,220,180,492,354,421
23-Sep-26,11:30,25290,1528,615,407,577,930,563,717,1074,785,954,1220,1048,742,1856,1340,1482,610,361,441,190,220,181,492,328,390
23-Sep-26,11:35,25374,1662,615,407,578,930,563,719,1074,767,955,1220,1048,756,1856,1400,1334,610,371,417,190,220,181,492,336,345
23-Sep-26,11:40,25456,1694,615,407,579,930,563,716,1074,817,983,1221,1048,755,1856,1459,1327,610,380,402,190,220,181,492,344,334
23-Sep-26,11:45,25387,1766,615,407,579,930,563,723,1074,870,986,1221,1048,804,1856,1518,1396,610,390,377,190,220,182,492,352,321
23-Sep-26,11:50,25444,1778,615,407,578,930,563,728,1074,915,979,1221,1048,770,1856,1602,1474,610,399,367,190,220,182,492,360,320
23-Sep-26,11:55,25681,1847,615,407,578,930,563,731,1073,960,1015,1221,1048,813,1856,1687,1566,610,409,365,190,220,182,492,368,314
23-Sep-26,12:00,25696,1888,615,407,578,930,563,738,1073,1005,1010,1222,1048,761,1856,1772,1626,610,418,391,190,220,182,492,376,307
23-Sep-26,12:05,25718,1950,615,408,577,930,563,737,1073,1003,1017,1222,1048,737,1856,1757,1687,610,444,401,190,220,183,492,399,325
23-Sep-26,12:10,25502,1905,615,408,573,930,563,738,1073,1002,1023,1222,1048,692,1856,1742,1747,610,470,425,190,219,183,492,422,343
23-Sep-26,12:15,25432,1880,615,408,572,930,563,739,1073,1000,1056,1222,1048,687,1856,1727,1808,610,495,439,190,219,183,492,444,361
23-Sep-26,12:20,25549,1889,615,408,573,930,563,742,1072,999,1045,1222,1048,698,1856,1712,1868,610,520,463,190,219,183,492,470,379
23-Sep-26,12:25,25630,1896,615,408,571,930,563,737,1072,997,1028,1223,1048,714,1856,1697,1876,610,546,470,190,219,184,492,496,379
23-Sep-26,12:30,25510,1913,615,408,571,930,563,728,1072,995,1016,1223,1048,688,1856,1682,1860,610,572,517,190,219,184,492,523,438
23-Sep-26,12:35,25560,1955,615,408,573,930,563,727,1072,994,1005,1223,1048,690,1856,1668,1884,610,562,526,190,219,184,492,515,467
23-Sep-26,12:40,25574,1899,615,408,570,930,563,722,1072,992,1005,1223,1048,689,1856,1653,1884,610,553,552,190,219,184,492,507,496
23-Sep-26,12:45,25568,1951,615,409,570,930,563,724,1072,990,1017,1224,1048,689,1856,1638,1868,610,543,566,190,219,185,492,499,525
23-Sep-26,12:50,25665,1927,615,409,571,930,563,734,1071,989,1025,1224,1048,691,1856,1623,1860,610,533,586,190,219,185,492,491,554
23-Sep-26,12:55,25738,1857,615,409,568,930,563,713,1071,987,1018,1224,1048,701,1856,1608,1845,610,523,603,190,219,185,492,483,567
23-Sep-26,13:00,25734,1931,615,409,566,930,563,712,1071,986,1012,1224,1048,700,1856,1593,1744,610,514,604,190,219,186,492,475,567
23-Sep-26,13:05,25707,1908,615,409,557,930,563,711,1071,984,1020,1224,1048,696,1856,1631,1682,610,520,584,190,219,186,492,486,532
23-Sep-26,13:10,25457,1883,615,409,556,930,563,719,1071,982,1023,1225,1048,702,1856,1668,1651,610,527,544,190,219,186,492,496,492
23-Sep-26,13:15,25465,1923,615,409,556,930,563,718,1070,981,1021,1225,1048,691,1856,1706,1620,610,533,526,190,219,186,492,507,456
23-Sep-26,13:20,25508,1872,615,410,561,930,563,709,1070,979,1016,1225,1048,682,1856,1743,1588,610,540,504,190,219,187,492,517,445
23-Sep-26,13:25,25440,1825,615,410,570,931,563,729,1070,977,1026,1225,1048,694,1856,1781,1557,610,546,515,190,219,187,492,528,473
23-Sep-26,13:30,25299,1808,615,410,573,931,563,716,1070,976,1026,1226,1048,696,1856,1818,1626,610,552,516,190,219,187,492,538,507
23-Sep-26,13:35,25256,1776,615,410,568,931,563,738,1070,974,1013,1226,1048,693,1856,1809,1773,610,559,513,190,219,188,492,535,533
23-Sep-26,13:40,25415,1764,615,410,575,931,563,736,1070,973,1021,1226,1048,700,1856,1801,1812,610,565,517,190,219,188,492,533,546
23-Sep-26,13:45,25400,1736,615,410,575,931,563,738,1069,971,1073,1226,1048,771,1856,1792,1859,610,571,513,190,219,188,492,530,551
23-Sep-26,13:50,25500,1680,615,410,585,931,563,731,1069,969,1101,1226,1048,809,1856,1784,1874,610,578,513,190,219,188,492,528,551
23-Sep-26,13:55,25610,1673,615,410,585,931,563,745,1069,968,1114,1227,1048,850,1856,1775,1873,610,584,514,190,218,189,492,525,553
23-Sep-26,14:00,25762,1682,615,411,582,931,563,750,1069,966,1101,1227,1048,859,1856,1767,1871,610,591,528,190,218,189,492,523,558
23-Sep-26,14:05,25860,1584,615,411,582,931,563,743,1069,964,1095,1227,1048,894,1856,1758,1870,610,593,556,190,218,189,492,520,558
23-Sep-26,14:10,25836,1545,615,411,586,931,563,728,1068,963,1052,1227,1048,933,1856,1749,1869,610,595,596,190,218,190,492,518,560
23-Sep-26,14:15,25920,1532,615,411,583,931,563,736,1068,961,1070,1228,1048,934,1856,1741,1867,610,597,601,190,218,190,492,515,560
23-Sep-26,14:20,25899,1568,615,411,584,931,563,738,1068,960,1098,1228,1048,980,1856,1732,1866,610,599,608,190,218,190,492,513,570
23-Sep-26,14:25,26099,1548,615,411,587,931,563,742,1068,958,1116,1228,1048,1032,1856,1724,1868,610,600,608,190,218,190,492,510,569
23-Sep-26,14:30,26029,1469,615,411,585,931,563,748,1068,956,1082,1228,1048,1037,1856,1715,1871,610,602,609,190,218,191,492,508,569
23-Sep-26,14:35,26063,1436,615,412,579,931,563,743,1068,955,1078,1228,1048,1030,1856,1707,1873,610,604,608,190,218,191,492,505,567
23-Sep-26,14:40,26122,1410,615,412,581,931,563,734,1067,953,1126,1229,1048,1026,1856,1698,1875,610,606,611,190,218,191,492,502,564
23-Sep-26,14:45,26046,1386,615,412,582,931,563,726,1067,951,1142,1229,1048,1025,1856,1689,1877,610,608,614,190,218,191,492,500,562
23-Sep-26,14:50,26036,1403,615,412,582,931,563,732,1067,950,1139,1229,1048,1030,1856,1681,1880,610,599,614,190,218,192,492,497,560
23-Sep-26,14:55,26229,1370,615,412,581,931,563,733,1067,948,1146,1229,1048,1027,1856,1672,1882,610,590,616,190,218,192,492,495,563
23-Sep-26,15:00,26129,1300,615,412,581,931,563,728,1067,947,1146,1230,1048,1033,1856,1664,1882,610,581,615,190,218,192,492,492,563
23-Sep-26,15:05,25692,1128,615,412,580,931,563,721,1066,951,1131,1230,1048,1000,1856,1655,1880,610,572,614,190,218,192,492,490,561
23-Sep-26,15:10,25509,1124,615,412,610,931,563,729,1066,956,1091,1230,1048,931,1856,1647,1877,610,562,615,190,218,193,492,487,561
23-Sep-26,15:15,25241,1064,615,413,617,931,563,724,1066,960,1082,1230,1048,986,1856,1638,1875,610,553,614,190,218,193,492,485,564
23-Sep-26,15:20,25181,1045,615,413,615,931,563,719,1066,964,1082,1230,1048,983,1856,1629,1873,610,544,616,190,218,193,492,482,564
23-Sep-26,15:25,24876,1001,615,413,619,931,563,726,1066,969,1112,1231,1048,931,1856,1621,1871,610,535,612,190,218,194,492,480,557
23-Sep-26,15:30,24799,993,615,413,620,931,563,729,1066,973,1098,1231,1048,951,1856,1612,1868,610,526,612,190,218,194,492,477,557
23-Sep-26,15:35,24699,996,615,413,619,931,563,724,1065,977,1091,1231,1048,971,1856,1604,1866,610,500,606,190,218,194,492,475,552
23-Sep-26,15:40,24451,956,615,413,621,931,563,734,1065,982,1092,1231,1048,951,1856,1595,1859,610,475,547,189,218,194,492,472,546
23-Sep-26,15:45,24497,937,615,413,619,931,563,727,1065,986,1080,1231,1048,973,1856,1587,1812,610,450,531,189,217,195,492,470,541
23-Sep-26,15:50,24414,868,615,414,617,931,563,722,1065,991,1059,1231,1048,932,1856,1515,1696,610,421,472,189,217,195,492,448,536
23-Sep-26,15:55,24314,865,615,414,622,931,563,714,1065,995,1061,1231,1048,922,1856,1443,1658,610,392,440,189,217,195,492,427,536
23-Sep-26,16:00,24126,786,615,414,624,931,563,710,1064,999,1107,1231,1048,1040,1856,1371,1372,610,364,362,189,217,195,492,406,449
23-Sep-26,16:05,23969,717,615,414,622,932,563,708,1064,1004,1107,1231,1048,1043,1856,1401,1357,610,370,366,189,217,196,492,412,441
23-Sep-26,16:10,23416,651,615,414,621,932,563,725,1064,1008,1113,1231,1048,1017,1856,1430,1325,610,377,356,189,217,196,492,418,415
23-Sep-26,16:15,23372,633,615,414,621,932,563,725,1064,1012,1099,1231,1048,1040,1856,1460,1318,610,383,344,189,217,196,492,424,398
23-Sep-26,16:20,23377,622,615,414,620,932,563,721,1064,1017,1088,1231,1048,1051,1856,1489,1295,610,390,340,189,217,196,492,430,397
23-Sep-26,16:25,23363,578,615,414,620,932,563,716,1064,1021,1101,1231,1048,990,1856,1519,1310,610,396,344,189,217,197,492,436,390
23-Sep-26,16:30,23290,549,615,415,619,932,563,713,1063,1025,1075,1231,1048,964,1856,1548,1325,610,402,331,189,217,197,492,443,390
23-Sep-26,16:35,23243,513,615,415,610,932,563,723,1063,1030,1058,1231,1048,942,1856,1625,1426,610,409,338,189,217,197,492,449,388
23-Sep-26,16:40,23233,492,615,415,603,932,563,713,1063,1034,1057,1231,1048,931,1856,1702,1580,610,415,371,189,217,197,492,455,397
23-Sep-26,16:45,23315,481,615,415,603,932,563,710,1063,1038,1053,1231,1048,931,1856,1779,1642,610,422,388,189,217,198,492,461,400
23-Sep-26,16:50,23036,408,615,415,598,932,563,714,1063,1043,1040,1231,1048,930,1856,1781,1657,610,447,437,189,217,198,492,483,422
23-Sep-26,16:55,23144,390,615,415,596,932,563,720,1062,1047,1046,1231,1048,923,1856,1783,1773,610,472,453,189,217,198,492,505,452
23-Sep-26,17:00,23305,361,615,415,596,932,563,727,1062,1051,1045,1231,1048,955,1856,1785,1850,610,496,481,189,217,198,492,527,467
23-Sep-26,17:05,23193,328,615,416,580,932,563,719,1062,1056,1037,1231,1048,948,1856,1787,1858,610,524,522,189,217,199,492,518,481
23-Sep-26,17:10,23141,317,615,416,571,932,563,720,1062,1060,1037,1231,1048,911,1856,1789,1827,610,553,541,189,217,199,492,510,496
23-Sep-26,17:15,23152,264,615,416,577,932,563,724,1062,1065,1040,1231,1048,912,1856,1791,1781,610,582,538,189,217,198,492,501,515
23-Sep-26,17:20,23031,241,615,416,588,932,563,721,1062,1069,1044,1231,1048,916,1856,1794,1804,610,566,557,189,217,197,492,493,530
23-Sep-26,17:25,22972,225,615,416,589,932,563,726,1061,1073,1036,1231,1048,929,1856,1796,1827,610,550,589,189,217,197,492,484,545
23-Sep-26,17:30,23124,200,615,416,596,932,563,728,1061,1078,1054,1231,1048,993,1856,1798,1842,610,533,577,189,216,196,492,476,545
23-Sep-26,17:35,23249,187,615,416,595,932,563,730,1061,1082,1042,1231,1048,962,1856,1800,1850,610,506,572,189,216,195,492,453,528
23-Sep-26,17:40,23160,132,615,416,601,932,563,732,1061,1086,1109,1231,1048,1007,1856,1802,1858,610,478,529,189,216,190,492,430,512
23-Sep-26,17:45,23249,106,615,417,622,932,563,734,1061,1091,1123,1231,1048,1035,1856,1804,1873,610,451,516,189,216,186,492,407,496
23-Sep-26,17:50,23569,75,615,417,629,932,563,731,1060,1138,1217,1231,1048,1025,1856,1817,1873,610,460,512,189,216,181,492,416,479
23-Sep-26,17:55,23581,65,615,417,630,932,563,729,1060,1184,1227,1231,1048,1011,1856,1830,1858,610,470,460,189,216,177,492,424,412
23-Sep-26,18:00,23761,0,615,417,631,932,563,723,1060,1231,1276,1231,1048,994,1856,1843,1858,610,479,439,189,216,177,492,433,412
23-Sep-26,18:05,24012,0,615,417,630,932,563,726,1060,1231,1304,1231,1048,945,1856,1841,1866,610,489,447,189,216,174,492,441,414
23-Sep-26,18:10,24473,0,615,417,629,932,563,730,1060,1232,1333,1231,1048,929,1856,1840,1850,610,498,455,189,216,172,492,450,417
23-Sep-26,18:15,24853,0,615,417,628,932,563,734,1060,1232,1362,1231,1048,984,1856,1838,1819,610,508,462,189,216,170,492,458,420
23-Sep-26,18:20,25412,0,615,418,627,932,563,737,1059,1233,1390,1231,1048,1042,1856,1837,1858,610,534,470,189,216,167,492,481,422
23-Sep-26,18:25,25192,0,615,418,633,932,563,740,1059,1233,1416,1231,1048,1054,1856,1835,1881,610,559,478,189,216,197,492,504,448
23-Sep-26,18:30,24868,0,615,418,630,932,563,744,1059,1234,1410,1231,1048,1046,1856,1834,1881,610,584,486,189,216,197,492,526,448
23-Sep-26,18:35,25072,0,615,418,634,932,563,729,1059,1234,1425,1231,1048,1004,1856,1832,1874,610,582,538,189,216,204,492,525,477
23-Sep-26,18:40,25003,0,615,418,635,932,563,741,1059,1235,1450,1231,1048,1020,1856,1831,1874,610,580,568,189,216,204,492,525,477
23-Sep-26,18:45,25418,0,615,418,645,932,563,754,1058,1235,1416,1231,1048,1038,1856,1829,1881,610,578,589,189,216,203,492,524,542
23-Sep-26,18:50,25651,0,615,418,641,933,563,757,1058,1236,1413,1231,1048,1041,1856,1828,1874,610,577,606,189,216,202,492,523,558
23-Sep-26,18:55,25739,0,615,419,635,933,563,756,1058,1236,1422,1231,1048,1039,1856,1826,1876,610,577,615,189,216,202,492,522,560
23-Sep-26,19:00,25986,0,615,419,634,933,563,750,1058,1237,1425,1231,1048,1045,1856,1825,1878,610,576,616,189,216,201,492,522,562
23-Sep-26,19:05,26085,0,615,419,628,933,563,740,1058,1237,1438,1231,1048,1002,1856,1823,1880,610,576,602,189,216,198,492,521,569
23-Sep-26,19:10,26639,0,615,419,632,933,563,744,1058,1238,1464,1231,1048,975,1856,1822,1882,610,576,598,189,216,194,492,520,563
23-Sep-26,19:15,26964,0,615,419,625,933,563,738,1057,1238,1463,1231,1048,994,1856,1820,1874,610,575,594,189,216,194,492,519,563
23-Sep-26,19:20,26962,0,615,419,625,933,563,729,1057,1239,1429,1231,1048,998,1856,1819,1859,610,575,590,189,215,195,492,519,569
23-Sep-26,19:25,27228,0,615,420,627,933,563,728,1057,1239,1457,1231,1048,1009,1856,1817,1866,610,574,586,189,215,194,492,518,574
23-Sep-26,19:30,27375,0,615,420,625,933,563,733,1057,1240,1453,1231,1048,1001,1856,1816,1866,610,574,584,189,215,191,492,517,573
23-Sep-26,19:35,27355,0,615,420,626,933,563,724,1057,1240,1446,1231,1048,975,1856,1814,1859,610,574,578,189,215,190,492,517,570
23-Sep-26,19:40,27398,0,615,420,625,933,563,732,1056,1241,1464,1231,1048,974,1856,1813,1866,610,573,578,189,215,193,492,516,568
23-Sep-26,19:45,27535,0,615,420,623,933,563,721,1056,1241,1462,1231,1048,976,1856,1811,1866,610,573,583,189,215,191,492,515,566
23-Sep-26,19:50,27661,0,615,420,629,933,563,712,1056,1242,1416,1231,1048,980,1856,1810,1858,610,572,582,189,215,192,492,514,566
23-Sep-26,19:55,27641,0,615,420,621,933,563,712,1056,1242,1411,1231,1048,952,1856,1808,1843,610,572,580,189,215,196,492,514,562
23-Sep-26,20:00,27609,0,615,421,616,933,563,731,1056,1242,1422,1231,1048,948,1856,1806,1827,610,572,580,189,215,195,492,513,562
23-Sep-26,20:05,27735,0,615,421,618,933,563,728,1056,1243,1413,1231,1048,911,1856,1805,1831,610,571,579,189,215,194,492,512,559
23-Sep-26,20:10,27866,0,615,421,614,933,563,718,1055,1244,1403,1231,1048,911,1856,1803,1836,610,571,579,189,215,193,492,511,556
23-Sep-26,20:15,28380,0,615,421,626,933,564,721,1055,1244,1405,1231,1048,940,1856,1802,1840,610,570,578,189,215,192,492,511,551
23-Sep-26,20:20,28324,0,615,421,608,933,564,725,1055,1244,1403,1231,1048,950,1856,1800,1844,610,570,578,189,215,192,492,510,552
23-Sep-26,20:25,28204,0,615,421,615,933,564,734,1055,1245,1408,1231,1048,965,1856,1799,1849,610,570,578,189,215,191,492,509,552
23-Sep-26,20:30,28236,0,615,422,606,933,564,725,1055,1245,1405,1231,1048,951,1856,1797,1853,610,569,577,189,215,191,492,509,545
23-Sep-26,20:35,28329,0,615,422,600,933,564,723,1054,1246,1402,1231,1048,946,1856,1796,1857,610,568,577,189,215,189,492,508,541
23-Sep-26,20:40,28347,0,615,422,608,933,564,728,1054,1246,1408,1231,1048,978,1856,1794,1862,610,568,576,189,215,189,492,507,541
23-Sep-26,20:45,28460,0,615,422,606,933,564,732,1054,1247,1430,1231,1048,988,1856,1793,1859,610,568,576,189,215,194,492,506,543
23-Sep-26,20:50,28651,0,615,422,602,933,564,727,1054,1247,1435,1231,1048,1000,1856,1791,1856,610,567,579,189,215,194,492,506,545
23-Sep-26,20:55,28547,0,615,422,607,933,564,733,1054,1248,1419,1231,1048,968,1856,1790,1854,610,567,580,189,215,196,492,505,548
23-Sep-26,21:00,28370,0,615,422,601,933,564,730,1054,1248,1421,1231,1048,961,1856,1788,1851,610,566,579,189,215,196,492,504,550
23-Sep-26,21:05,28305,0,615,423,600,933,564,719,1053,1249,1415,1231,1048,954,1856,1787,1858,610,566,585,189,214,195,492,503,552
23-Sep-26,21:10,28263,0,615,423,603,933,564,716,1053,1249,1400,1231,1048,939,1856,1785,1866,610,566,593,189,214,194,492,503,550
23-Sep-26,21:15,28235,0,615,423,600,933,564,722,1053,1250,1411,1231,1048,949,1856,1784,1850,610,565,591,189,214,194,492,502,551
23-Sep-26,21:20,28267,0,615,423,598,933,564,715,1053,1250,1411,1231,1048,936,1856,1782,1835,610,565,591,189,214,194,492,501,543
23-Sep-26,21:25,28358,0,615,423,599,933,564,713,1052,1251,1401,1231,1048,931,1856,1781,1827,610,564,593,189,214,193,492,501,541
23-Sep-26,21:30,28587,0,615,423,604,934,564,721,1052,1251,1399,1231,1048,939,1856,1779,1820,610,564,592,189,214,193,492,500,546
23-Sep-26,21:35,28695,0,615,424,604,934,564,724,1052,1252,1417,1231,1048,959,1856,1778,1820,610,564,592,189,214,192,492,499,550
23-Sep-26,21:40,28706,0,615,424,603,934,564,721,1052,1252,1417,1231,1048,1004,1856,1776,1827,610,563,594,189,214,192,492,498,551
23-Sep-26,21:45,28687,0,615,424,605,934,564,723,1051,1253,1437,1231,1048,974,1856,1774,1835,610,563,592,189,214,192,492,498,541
23-Sep-26,21:50,28793,0,615,424,605,934,564,727,1051,1253,1426,1231,1048,1008,1856,1773,1859,610,562,593,189,214,191,492,497,558
23-Sep-26,21:55,28881,0,615,424,628,934,564,735,1051,1254,1472,1231,1048,1032,1856,1771,1859,610,562,592,189,214,191,492,496,558
23-Sep-26,22:00,28992,0,615,424,628,934,564,729,1051,1254,1463,1231,1048,999,1856,1770,1874,610,562,591,189,214,190,492,495,554
23-Sep-26,22:05,29127,0,615,424,621,934,564,728,1050,1255,1455,1231,1048,966,1856,1768,1859,610,561,589,189,214,190,492,495,553
23-Sep-26,22:10,28938,0,615,425,625,934,564,735,1050,1255,1470,1231,1048,1012,1856,1767,1860,610,561,590,189,214,190,492,494,554
23-Sep-26,22:15,28977,0,615,425,622,934,564,736,1050,1256,1454,1231,1048,994,1856,1765,1851,610,560,590,189,214,189,492,493,554
23-Sep-26,22:20,28932,0,615,425,625,934,564,736,1050,1256,1452,1231,1048,993,1856,1764,1844,610,560,588,189,214,189,492,492,553
23-Sep-26,22:25,28809,0,615,425,629,934,564,734,1049,1256,1469,1231,1048,1055,1856,1762,1849,610,560,589,189,214,188,492,492,572
23-Sep-26,22:30,28901,0,615,425,624,934,564,728,1049,1257,1461,1231,1048,1019,1856,1761,1854,610,559,587,189,214,188,492,491,572
23-Sep-26,22:35,28879,0,615,425,627,934,564,734,1049,1257,1472,1231,1048,1022,1856,1759,1860,610,559,591,189,214,188,492,490,556
23-Sep-26,22:40,28712,0,615,426,650,934,564,731,1049,1258,1476,1231,1048,1047,1856,1758,1865,610,558,585,189,214,187,492,490,563
23-Sep-26,22:45,28780,0,615,426,638,934,564,721,1048,1258,1471,1231,1048,1042,1856,1756,1870,610,558,589,189,214,187,492,489,568
23-Sep-26,22:50,28736,0,615,426,635,934,564,744,1048,1259,1471,1231,1048,1027,1856,1755,1875,610,558,586,189,214,186,492,488,570
23-Sep-26,22:55,28819,0,615,426,632,934,564,744,1048,1259,1479,1231,1048,1045,1856,1753,1867,610,557,586,189,213,186,492,487,568
23-Sep-26,23:00,28813,0,615,426,631,934,564,736,1048,1260,1479,1231,1048,1014,1856,1752,1867,610,557,587,189,213,186,492,487,566
23-Sep-26,23:05,28698,0,615,426,625,934,564,731,1047,1260,1454,1231,1048,987,1856,1750,1875,610,556,584,189,213,185,492,486,562
23-Sep-26,23:10,28567,0,615,426,615,934,564,727,1047,1261,1468,1231,1048,1014,1856,1749,1875,610,556,580,189,213,185,492,485,564
23-Sep-26,23:15,28518,0,615,427,616,934,565,709,1047,1261,1454,1231,1048,999,1856,1747,1867,610,556,576,188,213,184,492,484,555
23-Sep-26,23:20,28392,0,615,427,602,934,565,707,1047,1262,1462,1231,1048,1001,1856,1746,1871,610,555,573,188,213,184,492,484,559
23-Sep-26,23:25,28297,0,615,427,602,934,565,707,1046,1262,1462,1231,1048,1001,1856,1744,1874,610,555,573,188,213,183,492,483,559
23-Sep-26,23:30,28202,0,615,427,606,934,565,699,1046,1263,1453,1231,1048,996,1856,1743,1878,610,554,578,188,213,183,492,482,558
23-Sep-26,23:35,28163,0,615,427,604,934,565,699,1046,1263,1463,1231,1048,1023,1856,1741,1882,610,554,574,188,213,182,492,482,561
23-Sep-26,23:40,28027,0,615,427,613,934,565,703,1046,1264,1445,1231,1048,981,1856,1739,1867,610,554,580,188,213,182,492,481,561
23-Sep-26,23:45,27943,0,615,428,616,934,565,716,1045,1264,1457,1231,1048,987,1856,1738,1859,610,553,575,188,213,182,492,480,558
23-Sep-26,23:50,27775,0,615,428,616,934,565,710,1045,1265,1451,1231,1048,1009,1856,1736,1867,610,553,572,188,213,181,492,479,558
23-Sep-26,23:55,27744,0,615,428,617,934,565,715,1045,1265,1435,1231,1048,1025,1856,1735,1874,610,552,573,188,213,181,492,479,561
24-Sep-26,00:05,27577,0,615,428,615,934,565,735,1045,1266,1453,1231,1048,1022,1856,1733,1878,610,552,577,188,213,180,492,478,563
24-Sep-26,00:10,27496,0,615,428,627,934,565,731,1044,1266,1458,1231,1048,1089,1856,1732,1882,610,552,576,188,213,180,492,477,558
24-Sep-26,00:15,27472,0,615,428,627,934,565,729,1044,1267,1461,1231,1048,1077,1856,1730,1886,610,551,577,188,213,180,492,476,557
24-Sep-26,00:20,27467,0,615,428,633,935,565,746,1044,1267,1471,1231,1048,1054,1856,1729,1890,610,551,574,188,213,179,492,476,566
24-Sep-26,00:25,27360,0,615,429,638,935,565,745,1044,1268,1459,1231,1048,1090,1856,1727,1890,610,550,574,188,213,179,492,475,567
24-Sep-26,00:30,27152,0,615,429,636,935,565,735,1043,1268,1461,1231,1048,1083,1856,1726,1882,610,549,572,188,213,178,492,474,562
24-Sep-26,00:35,26984,0,615,429,635,935,565,742,1043,1268,1472,1231,1048,1073,1856,1724,1880,610,548,565,188,213,178,492,474,562
24-Sep-26,00:40,26905,0,615,429,633,935,565,745,1043,1269,1463,1231,1048,1090,1856,1723,1878,610,547,565,188,213,178,492,473,564
24-Sep-26,00:45,26791,0,615,429,632,935,565,741,1043,1269,1467,1231,1048,1084,1856,1721,1876,610,544,568,188,212,177,492,472,565
24-Sep-26,00:50,26738,0,615,429,633,935,565,744,1042,1270,1466,1231,1048,1073,1856,1720,1874,610,532,561,188,212,177,492,471,565
24-Sep-26,00:55,26601,0,615,430,637,935,565,737,1042,1270,1468,1231,1048,1104,1856,1718,1873,610,521,555,188,212,176,492,471,566
24-Sep-26,01:00,26543,0,615,430,630,935,565,732,1042,1271,1464,1231,1048,1102,1856,1717,1871,610,509,561,188,212,176,492,470,566
24-Sep-26,01:05,26362,0,615,430,636,935,565,721,1042,1271,1463,1231,1048,1072,1856,1715,1869,610,497,558,188,212,176,492,469,564
24-Sep-26,01:10,26259,0,615,430,633,935,565,726,1041,1272,1444,1231,1048,1062,1856,1714,1867,610,486,560,188,212,175,492,468,565
24-Sep-26,01:15,26102,0,615,430,634,935,565,728,1041,1272,1454,1231,1048,1056,1856,1712,1867,610,474,560,188,212,175,492,468,559
24-Sep-26,01:20,25995,0,615,430,629,935,565,651,1041,1273,1451,1231,1048,1056,1856,1711,1882,610,448,518,188,212,174,492,447,536
24-Sep-26,01:25,25868,0,615,430,629,935,565,644,1041,1273,1441,1231,1048,1071,1856,1709,1882,610,422,490,188,212,173,492,426,498
24-Sep-26,01:30,25762,0,615,431,626,935,565,623,1040,1274,1406,1231,1048,1034,1856,1708,1867,610,395,436,188,212,169,492,405,498
24-Sep-26,01:35,25588,0,615,431,626,935,565,626,1040,1274,1417,1231,1048,1042,1856,1638,1782,610,380,416,188,212,165,492,379,414
24-Sep-26,01:40,25452,0,615,431,629,935,565,630,1040,1275,1436,1231,1048,1062,1856,1568,1696,610,365,368,188,212,161,492,354,414
24-Sep-26,01:45,25427,0,615,431,632,935,565,623,1040,1275,1431,1231,1048,1065,1856,1498,1634,610,350,349,188,212,157,492,328,358
24-Sep-26,01:50,25203,0,615,431,627,935,565,637,1039,1276,1433,1231,1048,1075,1856,1514,1526,610,352,353,188,212,159,492,330,343
24-Sep-26,01:55,25129,0,615,431,632,935,565,635,1039,1276,1442,1231,1048,1084,1856,1530,1457,610,353,339,188,212,160,492,331,307
24-Sep-26,02:00,25079,0,615,432,635,935,565,639,1039,1277,1437,1231,1048,1068,1856,1546,1434,610,355,337,188,212,160,492,333,306
24-Sep-26,02:05,25034,0,615,432,628,935,565,642,1038,1277,1433,1231,1048,1070,1856,1562,1434,610,356,337,188,212,163,492,334,311
24-Sep-26,02:10,24943,0,615,432,629,935,565,647,1038,1278,1441,1231,1048,1078,1856,1578,1457,610,358,339,188,212,160,492,336,313
24-Sep-26,02:15,24830,0,615,432,628,935,565,645,1038,1278,1437,1231,1048,1068,1856,1594,1473,610,360,344,188,212,159,492,337,318
24-Sep-26,02:20,24859,0,615,432,626,935,566,645,1038,1279,1429,1231,1048,1069,1856,1610,1480,610,361,342,188,212,158,492,339,316
24-Sep-26,02:25,24708,0,615,432,625,935,566,638,1037,1279,1433,1231,1048,1045,1856,1626,1465,610,363,341,188,212,157,492,340,310
24-Sep-26,02:30,24570,0,615,432,626,935,566,628,1037,1270,1407,1231,1048,1031,1856,1642,1411,610,364,339,188,212,157,492,342,310
24-Sep-26,02:35,24556,0,615,433,623,935,566,630,1037,1261,1403,1231,1048,1012,1856,1658,1396,610,366,337,188,211,156,492,343,306
24-Sep-26,02:40,24349,0,615,433,625,935,566,632,1036,1252,1420,1231,1048,1055,1856,1674,1403,610,368,339,188,211,155,492,345,312
24-Sep-26,02:45,24177,0,615,433,625,935,566,629,1036,1243,1405,1231,1048,1022,1856,1690,1473,610,369,341,188,211,154,492,346,308
24-Sep-26,02:50,24075,0,615,433,623,935,566,634,1036,1234,1405,1231,1048,1036,1856,1653,1566,610,371,342,188,211,155,492,348,313
24-Sep-26,02:55,23878,0,615,433,624,936,566,632,1036,1225,1412,1231,1048,1062,1856,1615,1713,610,372,344,188,211,157,492,349,311
24-Sep-26,03:00,23853,0,615,433,624,936,566,639,1035,1216,1414,1231,1048,1047,1856,1578,1728,610,374,346,188,211,157,492,351,311
24-Sep-26,03:05,23684,0,615,434,622,936,566,640,1035,1207,1389,1231,1048,1021,1856,1540,1705,610,375,348,188,211,156,492,352,307
24-Sep-26,03:10,23726,0,615,434,618,936,566,641,1035,1198,1383,1231,1048,1032,1856,1503,1689,610,377,353,188,211,156,492,354,306
24-Sep-26,03:15,23604,0,615,434,618,936,566,641,1034,1189,1382,1231,1048,1069,1856,1465,1612,610,379,357,188,211,159,492,355,314
24-Sep-26,03:20,23535,0,615,434,617,936,566,639,1034,1173,1374,1231,1048,1078,1856,1386,1542,610,380,356,188,211,157,492,357,313
24-Sep-26,03:25,23444,0,615,434,630,936,566,644,1034,1158,1394,1231,1048,1085,1856,1307,1503,610,382,362,188,211,157,492,358,313
24-Sep-26,03:30,23413,0,615,434,629,936,566,644,1034,1142,1385,1231,1048,1083,1856,1228,1411,610,383,356,188,211,152,492,360,312
24-Sep-26,03:35,23272,0,615,434,633,936,566,645,1033,1127,1382,1231,1048,1081,1856,1176,1310,610,385,367,188,211,156,492,361,311
24-Sep-26,03:40,23151,0,615,435,631,936,566,642,1033,1111,1364,1231,1048,1089,1856,1124,1217,610,387,366,188,211,158,492,363,310
24-Sep-26,03:45,23149,0,615,435,633,936,566,638,1033,1096,1350,1231,1048,1093,1856,1073,1132,610,388,365,188,211,158,492,364,310
24-Sep-26,03:50,23064,0,615,435,632,936,566,640,1032,1083,1332,1231,1048,1097,1856,1090,1101,610,390,364,188,211,156,492,366,309
24-Sep-26,03:55,22975,0,615,435,630,936,566,639,1032,1071,1315,1231,1048,1068,1856,1108,1085,610,391,364,188,211,163,492,367,308
24-Sep-26,04:00,22913,0,615,435,629,936,566,631,1032,1058,1288,1231,1048,1044,1856,1125,1039,610,393,363,188,211,161,492,369,308
24-Sep-26,04:05,22914,0,615,435,624,936,566,629,1032,1045,1229,1231,1048,998,1856,1143,1031,610,395,362,188,211,158,492,370,309
24-Sep-26,04:10,22907,0,615,436,630,936,566,635,1031,1032,1136,1231,1048,985,1856,1160,1023,610,396,361,188,211,156,492,372,310
24-Sep-26,04:15,22859,0,615,436,632,936,566,636,1031,1020,1129,1231,1048,1022,1856,1177,1023,610,398,360,188,211,153,492,373,311
24-Sep-26,04:20,22826,0,615,436,630,936,566,626,1031,1054,1116,1231,1048,1023,1856,1195,1042,610,399,359,188,210,151,492,375,312
24-Sep-26,04:25,22783,0,615,436,630,936,566,627,1030,1088,1130,1231,1048,1035,1856,1212,1061,610,401,359,188,210,153,492,376,308
24-Sep-26,04:30,22776,0,615,436,629,936,566,644,1030,1123,1183,1231,1048,1016,1856,1229,1080,610,403,358,188,210,154,492,378,308
24-Sep-26,04:35,22776,0,615,436,629,936,566,635,1030,1162,1190,1231,1048,994,1856,1247,1098,610,404,357,188,210,156,492,379,306
24-Sep-26,04:40,22702,0,615,436,617,936,566,617,1030,1202,1214,1231,1048,1042,1856,1264,1117,610,406,356,188,210,157,492,381,306
24-Sep-26,04:45,22526,0,615,437,618,936,566,657,1029,1241,1247,1231,1048,1061,1856,1282,1136,610,407,355,188,210,159,492,382,327
24-Sep-26,04:50,22644,0,615,437,616,936,566,693,1029,1204,1296,1231,1048,1068,1856,1356,1155,610,409,354,188,210,159,492,389,327
24-Sep-26,04:55,22620,0,615,437,617,936,566,717,1028,1168,1282,1231,1048,1055,1856,1430,1263,610,410,354,188,210,180,492,395,379
24-Sep-26,05:00,22590,0,615,437,613,936,566,728,1026,1132,1279,1231,1048,1034,1856,1504,1387,610,412,353,188,210,183,492,402,383
24-Sep-26,05:05,22250,0,615,437,611,936,566,736,1025,1085,1230,1231,1048,1001,1856,1554,1526,610,414,352,188,210,181,492,408,387
24-Sep-26,05:10,22186,0,615,437,616,936,566,750,1023,1038,1156,1231,1048,1032,1856,1605,1595,610,415,351,188,210,186,492,415,391
24-Sep-26,05:15,22142,0,615,438,615,936,566,739,984,992,1136,1231,1048,1075,1856,1655,1595,610,417,351,188,210,183,492,421,395
24-Sep-26,05:20,22123,0,615,438,623,937,566,731,985,989,1117,1231,1048,1063,1856,1705,1588,610,418,352,188,210,179,492,428,388
24-Sep-26,05:25,22133,0,615,438,589,937,566,736,986,986,1090,1231,1048,1067,1856,1755,1595,610,420,353,188,210,185,492,434,394
24-Sep-26,05:30,22145,0,615,438,565,937,567,735,988,982,1052,1231,1048,1086,1856,1806,1727,610,422,356,188,210,185,492,441,394
24-Sep-26,05:35,21949,0,615,438,539,937,567,726,989,979,1025,1231,1048,1058,1856,1798,1750,610,423,359,188,210,184,492,447,387
24-Sep-26,05:40,21911,0,615,438,487,937,567,739,990,976,1031,1231,1048,1057,1856,1791,1828,610,425,374,188,210,183,492,454,388
24-Sep-26,05:45,21853,0,615,438,473,937,567,737,991,973,1024,1231,1048,1070,1856,1783,1866,610,426,390,188,210,182,492,460,388
24-Sep-26,05:50,21739,0,615,439,405,937,567,727,993,970,1027,1231,1048,1024,1856,1775,1859,610,417,406,188,210,182,492,452,442
24-Sep-26,05:55,21680,0,615,439,380,937,567,725,994,966,1030,1231,1048,1030,1856,1768,1874,610,408,425,188,210,182,492,445,460
24-Sep-26,06:00,21658,0,615,439,383,937,567,728,995,963,1028,1231,1048,1006,1856,1760,1859,610,399,442,188,210,181,492,437,465
24-Sep-26,06:05,21153,1,615,439,377,937,567,727,996,960,1016,1231,1048,1010,1856,1752,1843,610,390,439,188,210,181,492,430,472
24-Sep-26,06:10,20399,3,615,439,333,937,567,725,998,957,1019,1231,1048,986,1856,1744,1866,610,380,440,188,209,180,492,422,474
24-Sep-26,06:15,20278,12,615,439,338,937,567,719,999,953,1031,1231,1048,1044,1856,1737,1839,610,371,440,188,209,184,492,414,473
24-Sep-26,06:20,20220,16,615,440,354,937,567,724,1000,950,1041,1231,1048,1055,1856,1729,1839,610,362,437,188,209,185,492,407,474
24-Sep-26,06:25,20080,27,615,440,388,937,567,728,1001,947,1055,1231,1048,1068,1856,1721,1855,610,353,440,188,209,187,492,399,482
24-Sep-26,06:30,20096,34,615,440,431,937,567,682,1003,944,1057,1231,1048,1072,1856,1714,1870,610,344,422,188,209,185,492,392,468
24-Sep-26,06:35,19988,42,615,440,437,937,567,654,1004,941,1059,1231,1048,1075,1856,1691,1777,610,345,411,188,209,178,492,370,449
24-Sep-26,06:40,19852,55,615,440,454,937,567,639,1005,937,1069,1231,1048,1073,1856,1669,1747,610,345,388,188,209,171,492,347,430
24-Sep-26,06:45,19841,74,615,440,449,937,567,637,1006,934,1082,1231,1048,1076,1856,1646,1731,610,346,386,188,209,164,492,324,411
24-Sep-26,06:50,19822,92,615,440,455,937,567,638,1008,931,1068,1231,1048,1080,1856,1624,1731,610,347,377,188,209,157,492,325,392
24-Sep-26,06:55,19803,109,615,441,443,937,567,634,1009,928,1070,1231,1048,1095,1856,1601,1739,610,347,369,188,209,153,492,325,316
24-Sep-26,07:00,19659,129,615,441,426,937,567,633,1010,924,1048,1231,1048,1062,1856,1579,1669,610,348,364,187,209,153,492,326,316
24-Sep-26,07:05,19594,169,615,441,392,937,567,639,1011,921,1062,1231,1048,1065,1856,1504,1615,610,349,365,187,209,156,492,326,312
24-Sep-26,07:10,19700,186,615,441,351,937,567,641,1013,918,1059,1231,1048,1066,1856,1428,1607,610,350,371,187,209,156,492,327,312
24-Sep-26,07:15,19808,224,615,441,366,937,567,646,1014,915,1057,1231,1048,1057,1856,1353,1560,610,350,361,187,209,158,492,327,308
24-Sep-26,07:20,19770,239,615,441,366,937,567,646,1015,912,1050,1231,1048,1057,1856,1270,1468,610,351,356,187,209,158,492,328,308
24-Sep-26,07:25,19762,299,615,442,360,938,567,639,1016,908,1033,1231,1048,1051,1856,1187,1322,610,352,361,187,209,155,492,328,311
24-Sep-26,07:30,19716,326,615,442,348,938,567,629,1018,905,1027,1231,1048,999,1856,1104,1160,610,352,341,187,209,152,492,329,307
24-Sep-26,07:35,19710,383,615,442,347,938,567,644,1019,908,1030,1231,1048,991,1856,1108,1157,610,353,340,187,209,152,492,329,308
24-Sep-26,07:40,19738,406,615,442,351,938,567,649,1020,911,1038,1231,1048,1048,1856,1112,1155,610,354,346,187,209,159,492,330,321
24-Sep-26,07:45,19676,402,615,442,350,938,567,644,1021,914,1009,1231,1048,988,1856,1115,1152,610,354,345,187,208,153,492,330,308
24-Sep-26,07:50,19467,432,615,442,352,938,567,647,1023,917,1016,1231,1048,998,1856,1119,1150,610,355,344,187,208,153,492,331,308
24-Sep-26,07:55,19523,468,615,442,349,938,567,636,1024,920,1022,1231,1048,1007,1856,1123,1147,610,356,343,187,208,154,492,331,319
24-Sep-26,08:00,19594,510,615,443,348,938,567,633,1025,923,1015,1231,1048,966,1856,1126,1145,610,356,342,187,208,155,492,332,319
24-Sep-26,08:05,19616,558,615,443,347,938,567,641,1026,927,1024,1231,1048,972,1856,1130,1142,610,357,341,187,208,156,492,332,316
24-Sep-26,08:10,19732,601,615,443,348,938,567,638,1028,930,1048,1231,1048,1004,1856,1134,1140,610,358,341,187,208,157,492,333,314
24-Sep-26,08:15,19716,583,615,443,347,938,567,635,1029,933,1027,1231,1048,998,1856,1138,1137,610,358,342,187,208,156,492,333,311
24-Sep-26,08:20,19697,658,615,443,349,938,567,641,1030,936,1023,1231,1048,972,1856,1142,1135,610,359,343,187,208,156,492,334,308
24-Sep-26,08:25,19858,642,615,443,349,938,567,626,1031,939,1028,1231,1048,1028,1856,1145,1132,610,360,341,187,208,155,492,334,314
24-Sep-26,08:30,19742,676,615,444,350,938,567,640,1033,942,1033,1231,1048,1004,1856,1149,1129,610,361,341,187,208,154,492,335,314
24-Sep-26,08:35,19926,734,615,444,347,938,568,625,1034,952,1046,1231,1048,1007,1856,1153,1127,610,361,345,187,208,157,492,335,320
24-Sep-26,08:40,19955,713,615,444,348,938,568,624,1035,963,1035,1231,1048,1012,1856,1156,1124,610,362,346,187,208,150,492,336,311
24-Sep-26,08:45,20087,695,615,444,349,938,568,633,1036,973,1037,1231,1048,1015,1856,1160,1122,610,363,347,187,208,153,492,336,314
24-Sep-26,08:50,19996,758,615,444,349,938,568,635,1038,983,1049,1231,1048,1025,1856,1164,1119,610,363,347,187,208,154,492,337,313
24-Sep-26,08:55,20098,763,615,444,347,938,568,618,1039,994,1049,1231,1048,1009,1856,1168,1117,610,364,346,187,208,151,492,337,308
24-Sep-26,09:00,20181,741,615,444,352,938,568,627,1040,1004,1053,1231,1048,970,1856,1172,1114,610,365,348,187,208,148,492,338,305
24-Sep-26,09:05,20383,777,615,445,359,938,568,629,1041,1014,1045,1231,1048,974,1856,1175,1112,610,365,347,187,208,148,492,338,305
24-Sep-26,09:10,20749,863,615,445,404,938,568,629,1043,1024,1039,1231,1048,986,1856,1179,1109,610,366,348,187,208,151,492,339,306
24-Sep-26,09:15,20963,907,615,445,455,938,568,635,1044,1035,1055,1231,1048,983,1856,1183,1106,610,367,347,187,208,150,492,339,305
24-Sep-26,09:20,21061,908,615,445,482,938,568,640,1043,1028,1051,1231,1048,1004,1856,1186,1104,610,367,349,187,208,152,492,340,308
24-Sep-26,09:25,21216,934,615,445,514,938,568,646,1041,1021,1069,1231,1048,1001,1856,1190,1101,610,368,348,187,207,152,492,340,310
24-Sep-26,09:30,21305,831,615,445,538,938,568,638,1040,1014,1063,1231,1048,971,1856,1194,1099,610,369,348,187,207,154,492,341,311
24-Sep-26,09:35,21253,867,615,446,545,939,568,635,1038,1015,1059,1231,1048,983,1856,1198,1096,610,369,347,187,207,152,492,341,309
24-Sep-26,09:40,21565,915,615,446,546,939,568,639,1037,1016,1050,1231,1048,954,1856,1202,1094,610,370,346,187,207,150,492,342,308
24-Sep-26,09:45,21733,963,615,446,547,939,568,641,1036,1018,1065,1231,1048,949,1856,1205,1091,610,371,346,187,207,150,492,342,308
24-Sep-26,09:50,21666,820,615,446,543,939,568,645,1034,1019,1062,1231,1048,964,1856,1209,1089,610,372,347,187,207,152,492,343,309
24-Sep-26,09:55,21664,911,615,446,535,939,568,649,1033,1020,1081,1231,1048,969,1856,1213,1086,610,372,347,187,207,155,492,343,316
24-Sep-26,10:00,21494,970,615,446,532,939,568,642,1031,1021,1056,1231,1048,972,1856,1216,1084,610,373,348,187,207,155,492,344,316
24-Sep-26,10:05,21826,1162,615,446,532,939,568,636,1030,1023,1055,1231,1048,969,1856,1220,1081,610,374,348,187,207,153,492,344,310
24-Sep-26,10:10,22007,1128,615,447,538,939,568,649,1028,1024,1062,1231,1048,924,1856,1224,1078,610,374,350,187,207,155,492,345,316
24-Sep-26,10:15,22055,1077,615,447,533,939,568,648,1027,1025,1050,1231,1048,853,1856,1228,1076,610,375,351,187,207,153,492,345,310
24-Sep-26,10:20,22062,983,615,447,530,939,568,635,1026,1026,1051,1231,1048,825,1856,1232,1073,610,376,352,187,207,156,492,346,313
24-Sep-26,10:25,22241,1096,615,447,532,939,568,626,1024,1028,1048,1231,1048,774,1856,1235,1071,610,376,354,187,207,152,492,346,310
24-Sep-26,10:30,22204,1133,615,447,530,939,568,621,1023,1029,1045,1231,1048,770,1856,1239,1068,610,377,353,187,207,151,492,347,307
24-Sep-26,10:35,22233,1168,615,447,520,939,568,624,1021,1030,1037,1231,1048,772,1856,1243,1066,610,378,352,187,207,149,492,347,306
24-Sep-26,10:40,22151,1126,615,448,527,939,568,623,1020,1031,1044,1231,1048,734,1856,1246,1063,610,378,352,187,207,149,492,348,302
24-Sep-26,10:45,22142,1084,615,448,520,939,568,624,1019,1033,1046,1231,1048,726,1856,1250,1061,610,379,351,187,207,151,492,348,303
24-Sep-26,10:50,22051,1099,615,448,528,939,568,626,1017,1034,1042,1231,1048,706,1856,1254,1058,610,380,350,187,207,151,492,349,302
24-Sep-26,10:55,22081,1219,615,448,528,939,568,634,1016,1035,1031,1231,1048,714,1856,1258,1056,610,380,350,187,207,164,492,349,305
24-Sep-26,11:00,22145,1155,615,448,493,939,568,629,1014,1036,1036,1231,1048,705,1856,1262,1053,610,381,350,187,206,155,492,350,304
24-Sep-26,11:05,22169,1095,615,448,483,939,568,632,1013,1038,1040,1231,1048,706,1856,1265,1053,610,382,349,187,206,154,492,350,304
24-Sep-26,11:10,22117,1083,615,448,446,939,568,626,1011,1039,1027,1231,1048,704,1856,1269,1054,610,383,349,187,206,153,492,351,304
24-Sep-26,11:15,22197,1093,615,449,424,939,568,628,1010,1040,1025,1231,1048,700,1856,1273,1054,610,383,348,187,206,153,492,351,303
24-Sep-26,11:20,22219,1116,615,449,391,939,568,629,1009,1041,1022,1231,1048,723,1856,1276,1057,610,384,348,187,206,154,492,352,303
24-Sep-26,11:25,22179,1133,615,449,364,939,568,641,1007,1043,1036,1231,1048,712,1856,1280,1059,610,385,348,187,206,154,492,352,313
24-Sep-26,11:30,22086,1147,615,449,362,939,568,636,1006,1044,1031,1231,1048,752,1856,1284,1061,610,385,347,187,206,155,492,353,310
24-Sep-26,11:35,21936,1209,615,449,348,939,568,627,1004,1042,1041,1231,1048,760,1856,1288,1072,610,386,347,187,206,155,492,353,308
24-Sep-26,11:40,21856,1244,615,449,352,940,568,621,1003,1041,1051,1231,1048,717,1856,1292,1117,610,387,346,187,206,156,492,354,306
24-Sep-26,11:45,21826,1289,615,450,358,940,569,635,1002,1039,1043,1231,1048,706,1856,1295,1162,610,387,346,187,206,156,492,354,303
24-Sep-26,11:50,21774,1335,615,450,354,940,569,692,1000,1037,1021,1231,1048,678,1856,1366,1206,610,388,345,187,206,157,492,355,303
24-Sep-26,11:55,21785,1358,615,450,352,940,569,712,999,1036,1030,1231,1048,676,1856,1436,1314,610,389,345,187,206,158,492,355,304
24-Sep-26,12:00,21723,1341,615,450,361,940,569,712,997,1034,1025,1231,1048,670,1856,1507,1345,610,389,344,187,206,162,492,356,305
24-Sep-26,12:05,21820,1378,615,450,352,940,569,730,996,1032,1027,1231,1048,675,1856,1505,1414,610,390,344,187,206,165,492,356,306
24-Sep-26,12:10,21809,1361,615,450,346,940,569,733,994,1031,1030,1231,1048,677,1856,1503,1538,610,391,343,187,206,168,492,357,307
24-Sep-26,12:15,21754,1398,615,450,348,940,569,734,993,1029,1029,1231,1048,677,1856,1500,1515,610,392,344,187,206,170,492,357,308
24-Sep-26,12:20,21595,1344,615,451,345,940,569,735,992,1027,1035,1231,1048,679,1856,1498,1499,610,392,344,187,206,173,492,358,310
24-Sep-26,12:25,21696,1446,615,451,345,940,569,732,990,1026,1049,1231,1048,692,1856,1496,1499,610,393,345,187,206,182,492,358,311
24-Sep-26,12:30,21538,1424,615,451,367,940,569,735,989,1024,1034,1231,1048,686,1856,1494,1585,610,394,341,187,206,180,492,359,312
24-Sep-26,12:35,21467,1337,615,451,356,940,569,727,987,1022,1044,1231,1048,681,1856,1491,1578,610,394,342,187,206,179,492,359,313
24-Sep-26,12:40,21416,1382,615,451,341,940,569,729,986,1020,1044,1231,1048,682,1856,1489,1570,610,395,342,187,205,182,492,360,312
24-Sep-26,12:45,21529,1337,615,451,353,940,569,735,985,1019,1050,1231,1048,681,1856,1487,1570,610,396,343,187,205,181,492,360,311
24-Sep-26,12:50,21640,1434,615,452,355,940,569,736,983,1017,1054,1231,1048,682,1856,1485,1562,610,396,344,187,205,181,492,361,310
24-Sep-26,12:55,21620,1477,615,452,349,940,569,724,982,1015,1062,1231,1048,693,1856,1482,1554,610,397,343,187,205,180,492,361,310
24-Sep-26,13:00,21648,1539,615,452,350,940,569,733,980,1014,1044,1231,1048,692,1856,1480,1547,610,398,341,187,205,180,492,362,309
24-Sep-26,13:05,21318,1471,615,452,348,940,569,723,979,1012,1047,1231,1048,673,1856,1410,1539,610,398,342,187,205,159,492,362,308
24-Sep-26,13:10,21203,1420,615,452,345,940,569,716,978,1010,1025,1231,1048,671,1856,1340,1531,610,399,344,187,205,154,492,363,309
24-Sep-26,13:15,21242,1466,615,452,346,940,569,712,976,1009,1041,1231,1048,682,1856,1269,1330,610,400,342,187,205,153,492,363,313
24-Sep-26,13:20,21273,1391,615,452,347,940,569,708,975,1011,1028,1231,1048,695,1856,1207,1261,610,400,342,187,205,157,492,364,310
24-Sep-26,13:25,21100,1293,615,453,348,940,569,747,973,1014,1033,1231,1048,687,1856,1145,1201,610,401,347,187,205,155,492,364,312
24-Sep-26,13:30,21290,1339,615,453,349,940,569,705,972,1016,1029,1231,1048,696,1856,1083,1141,610,402,341,187,205,146,492,365,308
24-Sep-26,13:35,21203,1330,615,453,346,940,569,669,970,1018,1026,1231,1048,695,1856,1100,1081,610,403,342,187,205,149,492,365,308
24-Sep-26,13:40,21067,1404,615,453,349,940,569,626,969,1020,1029,1231,1048,730,1856,1116,1021,610,403,344,187,205,150,492,366,320
24-Sep-26,13:45,21175,1392,615,453,351,940,569,633,968,1022,1034,1231,1048,783,1856,1133,1021,610,404,343,187,205,150,492,366,319
24-Sep-26,13:50,21330,1289,615,453,348,941,569,629,966,1025,1034,1231,1048,808,1856,1149,1013,610,405,343,187,205,151,492,367,318
24-Sep-26,13:55,21354,1345,615,454,353,941,569,628,965,1027,1058,1231,1048,825,1856,1166,1028,610,405,339,187,205,151,492,367,318
24-Sep-26,14:00,21524,1427,615,454,368,941,569,646,963,1029,1041,1231,1048,832,1856,1183,1090,610,406,343,187,205,152,492,368,317
24-Sep-26,14:05,21291,1262,615,454,370,941,569,643,962,1032,1033,1231,1048,830,1856,1199,1082,610,407,342,187,205,153,492,368,316
24-Sep-26,14:10,21066,1241,615,454,379,941,569,631,961,1034,1039,1231,1048,830,1856,1216,1074,610,407,344,187,205,153,492,369,315
24-Sep-26,14:15,21071,1198,615,454,375,941,569,641,959,1036,1035,1231,1048,835,1856,1233,1074,610,408,343,187,204,154,492,369,315
24-Sep-26,14:20,21101,1174,615,454,382,941,569,657,958,1038,1065,1231,1048,830,1856,1249,1090,610,409,344,187,204,154,492,370,314
24-Sep-26,14:25,21321,1229,615,454,385,941,569,661,956,1040,1072,1231,1048,823,1856,1266,1090,610,409,344,187,204,155,492,370,313
24-Sep-26,14:30,21302,1239,615,455,393,941,569,646,955,1043,1087,1231,1048,812,1856,1282,1174,610,410,347,187,204,156,492,371,321
24-Sep-26,14:35,21243,1170,615,455,388,941,570,652,953,1029,1080,1231,1048,773,1856,1356,1198,610,411,348,186,204,156,492,371,317
24-Sep-26,14:40,21341,1180,615,455,371,941,570,664,952,1015,1078,1231,1048,733,1856,1430,1320,610,411,350,186,204,157,492,372,317
24-Sep-26,14:45,21451,1098,615,455,369,941,570,667,951,1001,1110,1231,1048,737,1856,1504,1416,610,412,351,186,204,158,492,372,316
24-Sep-26,14:50,21429,1162,615,455,383,941,570,657,949,987,1109,1231,1048,741,1856,1592,1511,610,413,350,186,204,158,492,373,309
24-Sep-26,14:55,21287,1146,615,455,358,941,570,647,948,973,1085,1231,1048,724,1856,1680,1607,610,414,352,186,204,159,492,373,312
24-Sep-26,15:00,21555,1035,615,456,364,941,570,652,946,959,1093,1231,1048,737,1856,1768,1702,610,414,351,186,204,159,492,374,312
24-Sep-26,15:05,21276,1060,615,456,362,941,570,644,951,963,1052,1231,1048,725,1856,1767,1798,610,415,351,186,204,160,492,374,311
24-Sep-26,15:10,21059,994,615,456,354,941,570,639,955,968,1036,1231,1048,704,1856,1766,1813,610,416,350,186,204,162,492,375,312
24-Sep-26,15:15,20890,1036,615,456,363,941,570,642,960,972,1049,1231,1048,713,1856,1765,1830,610,416,352,186,204,164,492,375,317
24-Sep-26,15:20,20808,1026,615,456,362,941,570,663,965,976,1049,1231,1048,706,1856,1764,1848,610,417,351,186,204,166,492,376,313
24-Sep-26,15:25,20800,1036,615,456,364,941,570,675,969,980,1064,1231,1047,709,1856,1763,1866,610,418,345,186,204,184,492,376,325
24-Sep-26,15:40,20672,935,615,456,363,941,570,719,974,984,1066,1231,1047,739,1856,1761,1883,610,418,342,186,204,184,492,377,321
24-Sep-26,15:45,20676,931,615,457,359,941,570,713,979,989,1070,1231,1047,713,1856,1760,1883,610,419,342,186,204,179,492,377,320
24-Sep-26,15:50,20661,902,615,457,360,941,570,714,983,993,1074,1231,1047,716,1856,1759,1861,610,420,341,186,204,182,492,378,320
24-Sep-26,15:55,20663,887,615,457,362,941,570,721,988,997,1070,1231,1047,691,1856,1758,1839,610,420,342,186,204,185,492,378,319
24-Sep-26,16:00,20640,851,615,457,363,941,570,737,993,1002,1047,1231,1046,686,1856,1757,1818,610,421,342,186,204,185,492,379,319
24-Sep-26,16:05,20510,816,615,457,364,942,570,714,997,1006,1043,1231,1046,675,1856,1710,1796,610,422,341,186,203,174,492,379,312
24-Sep-26,16:10,20133,772,615,457,342,942,570,712,1002,1010,1045,1231,1046,678,1856,1664,1774,610,422,343,186,203,174,492,380,312
24-Sep-26,16:15,19964,736,615,458,347,942,570,693,1007,1014,1040,1231,1046,687,1856,1617,1651,610,423,344,186,203,145,492,380,310
24-Sep-26,16:20,20002,685,615,458,347,942,570,715,1011,1018,1035,1231,1046,692,1856,1652,1612,610,424,345,186,203,145,492,381,310
24-Sep-26,16:25,19989,605,615,458,338,942,570,721,1016,1023,1034,1231,1046,691,1856,1686,1644,610,425,346,186,203,151,492,381,308
24-Sep-26,16:30,19865,588,615,458,346,942,570,714,1020,1027,1035,1231,1045,690,1856,1721,1677,610,425,348,186,203,158,492,382,308
24-Sep-26,16:35,19806,537,615,458,337,942,570,710,1025,1031,1083,1231,1045,690,1856,1755,1709,610,426,349,186,203,169,492,382,307
24-Sep-26,16:40,19786,519,615,458,345,942,570,704,1030,1036,1061,1231,1045,689,1856,1788,1742,610,427,350,186,203,170,492,383,303
24-Sep-26,16:45,19997,471,615,458,348,942,570,702,1034,1040,1047,1231,1045,691,1856,1822,1774,610,427,351,186,203,176,492,383,315
24-Sep-26,16:50,19975,424,615,459,343,942,570,702,1039,1044,1058,1231,1045,696,1856,1810,1774,610,450,370,186,203,179,492,404,336
24-Sep-26,16:55,20018,418,615,459,349,942,570,723,1044,1048,1069,1231,1044,696,1856,1799,1813,610,474,432,186,203,179,492,425,360
24-Sep-26,17:00,19973,381,615,459,346,942,570,717,1048,1052,1068,1231,1044,721,1856,1787,1836,610,498,457,186,203,180,492,446,389
24-Sep-26,17:05,19868,325,615,459,344,942,570,709,1053,1057,1062,1231,1044,758,1856,1776,1837,610,488,464,186,203,178,492,437,402
24-Sep-26,17:10,20003,318,615,459,349,942,570,722,1058,1061,1065,1231,1044,801,1856,1764,1829,610,478,473,186,203,177,492,428,423
24-Sep-26,17:15,19856,289,615,459,347,942,570,717,1062,1065,1089,1231,1044,901,1856,1752,1813,610,468,479,186,203,179,492,419,455
24-Sep-26,17:20,19880,262,615,460,353,942,571,715,1067,1070,1097,1231,1044,957,1856,1741,1798,610,458,484,186,203,176,492,411,462
24-Sep-26,17:25,19896,238,615,460,344,942,571,728,1072,1074,1098,1231,1043,1026,1856,1729,1782,610,448,518,186,203,179,492,402,466
24-Sep-26,17:30,19924,220,615,460,351,942,571,729,1076,1078,1164,1231,1043,1072,1856,1718,1766,610,438,536,186,203,169,492,393,464
24-Sep-26,17:35,20118,189,615,460,344,942,571,719,1081,1082,1191,1231,1043,1064,1856,1738,1720,610,412,534,186,203,155,492,370,446
24-Sep-26,17:40,20214,150,615,460,350,942,571,716,1086,1086,1181,1231,1043,1067,1856,1757,1720,610,386,489,186,202,158,492,348,423
24-Sep-26,17:45,20286,133,615,460,390,942,571,734,1090,1091,1229,1231,1043,1053,1856,1777,1744,610,361,446,186,202,145,492,325,382
24-Sep-26,17:50,20527,112,615,460,398,942,571,729,1137,1138,1240,1231,1042,1059,1856,1797,1744,610,371,421,186,202,147,492,340,364
24-Sep-26,17:55,20465,102,615,461,452,942,571,741,1184,1184,1279,1231,1042,1077,1856,1817,1774,610,380,385,186,202,154,492,354,335
24-Sep-26,18:00,20780,0,615,461,472,942,571,756,1231,1231,1304,1231,1042,1083,1856,1836,1844,610,390,347,186,202,155,492,369,330
24-Sep-26,18:05,21564,0,615,461,487,942,571,752,1232,1226,1334,1231,1042,1082,1856,1820,1851,610,399,343,186,202,159,492,394,331
24-Sep-26,18:10,21776,0,615,461,528,942,571,726,1232,1220,1351,1231,1042,1048,1856,1804,1867,610,409,347,186,202,175,492,418,361
24-Sep-26,18:15,22271,0,615,461,577,943,571,737,1233,1215,1399,1231,1042,1083,1856,1788,1851,610,418,374,186,202,176,492,442,403
24-Sep-26,18:20,22568,0,615,461,593,943,571,751,1233,1209,1420,1231,1041,1087,1856,1772,1859,610,444,393,186,202,176,492,469,407
24-Sep-26,18:25,22889,0,615,462,623,943,571,743,1234,1204,1442,1231,1041,1055,1856,1755,1859,610,470,446,186,202,177,492,496,439
24-Sep-26,18:30,23220,0,615,462,624,943,571,742,1234,1198,1448,1231,1041,1043,1856,1739,1875,610,495,469,186,202,178,492,522,439
24-Sep-26,18:35,23512,0,615,462,610,943,571,747,1235,1193,1428,1231,1041,994,1856,1723,1883,610,519,495,186,202,178,492,516,464
24-Sep-26,18:40,23880,0,615,462,618,943,571,732,1235,1188,1439,1231,1041,1019,1856,1707,1875,610,542,528,186,202,177,492,511,489
24-Sep-26,18:45,24231,0,615,462,619,943,571,724,1236,1182,1428,1231,1040,1051,1856,1691,1859,610,566,538,186,202,177,492,506,514
24-Sep-26,18:50,24454,0,615,462,626,943,571,739,1236,1177,1417,1231,1040,1031,1856,1675,1843,610,557,537,186,202,176,492,500,539
24-Sep-26,18:55,24534,0,615,462,631,943,571,736,1237,1171,1391,1231,1040,1036,1856,1659,1843,610,548,546,186,202,176,492,494,565
24-Sep-26,19:00,24712,0,615,463,622,943,571,732,1237,1166,1382,1231,1040,1038,1856,1642,1851,610,539,543,186,202,176,492,489,565
24-Sep-26,19:05,24769,0,615,463,620,943,571,725,1238,1161,1394,1231,1040,1010,1856,1626,1851,610,514,548,186,202,175,492,484,561
24-Sep-26,19:10,24729,0,615,463,597,943,571,732,1238,1155,1388,1231,1040,989,1856,1610,1797,610,488,544,186,202,170,492,478,561
24-Sep-26,19:15,24818,0,615,463,589,943,571,730,1239,1150,1396,1231,1039,1009,1856,1594,1658,610,462,531,186,202,166,492,472,515
24-Sep-26,19:20,24758,0,615,463,590,943,571,728,1239,1144,1397,1231,1039,1008,1856,1520,1627,610,432,516,186,201,162,492,450,515
24-Sep-26,19:25,24900,0,615,463,590,943,571,725,1240,1139,1380,1231,1039,1021,1856,1446,1627,610,403,502,186,201,157,492,428,457
24-Sep-26,19:30,24729,0,615,464,581,943,572,723,1240,1133,1334,1231,1039,1042,1856,1373,1426,610,374,488,186,201,146,492,406,444
24-Sep-26,19:35,24687,0,615,464,586,943,572,719,1241,1102,1310,1231,1039,1073,1856,1285,1357,610,364,475,186,201,141,492,380,418
24-Sep-26,19:40,24568,0,615,464,594,943,572,716,1241,1070,1250,1231,1038,1074,1856,1197,1288,610,354,461,186,201,141,492,354,418
24-Sep-26,19:45,24560,0,615,464,606,943,572,719,1242,1038,1205,1231,1038,1070,1856,1109,1218,610,345,461,186,201,142,492,328,391
24-Sep-26,19:50,24517,0,615,464,619,943,572,719,1242,995,1183,1231,1038,1055,1856,1114,1133,610,346,460,186,201,142,492,329,391
24-Sep-26,19:55,24375,0,615,464,619,943,572,717,1243,952,1165,1231,1038,1091,1856,1119,1047,610,347,460,186,201,151,492,329,339
24-Sep-26,20:00,24330,0,615,464,616,943,572,719,1243,908,1104,1231,1038,1049,1856,1124,1039,610,348,460,186,201,151,492,330,339
24-Sep-26,20:05,24263,0,615,465,616,943,572,686,1244,913,1078,1231,1037,1022,1856,1130,1031,610,349,459,186,201,152,492,330,331
24-Sep-26,20:10,24121,0,615,465,617,943,572,635,1244,918,1026,1231,1037,1064,1856,1135,1028,610,350,459,186,201,152,492,331,323
24-Sep-26,20:15,24026,0,615,465,617,943,572,631,1245,923,1028,1231,1037,1075,1856,1140,1026,610,351,458,186,201,153,492,331,315
24-Sep-26,20:20,24079,0,615,465,618,944,572,640,1245,927,1075,1231,1036,1075,1856,1145,1024,610,352,458,186,201,153,492,332,307
24-Sep-26,20:25,24011,0,615,465,618,944,572,639,1246,932,1055,1231,1036,1087,1856,1150,1035,610,353,458,186,201,154,492,332,307
24-Sep-26,20:30,23994,0,615,465,617,944,572,641,1246,937,1042,1231,1036,1082,1856,1155,1046,610,354,457,186,201,154,492,333,312
24-Sep-26,20:35,23945,0,615,465,625,944,572,644,1247,942,1047,1231,1036,1086,1856,1160,1056,610,355,457,186,201,154,492,333,309
24-Sep-26,20:40,23913,0,615,465,638,944,572,648,1247,947,1035,1231,1035,1114,1856,1165,1067,610,356,456,186,201,155,492,334,309
24-Sep-26,20:45,23826,0,615,465,647,944,572,667,1248,952,1027,1231,1035,1108,1856,1171,1083,610,357,456,186,201,155,492,334,314
24-Sep-26,20:50,23792,0,615,466,638,944,572,663,1248,957,1028,1231,1035,1112,1856,1176,1083,610,358,456,186,201,156,492,335,310
24-Sep-26,20:55,23811,0,615,466,642,944,572,663,1249,962,1036,1231,1035,1096,1856,1181,1067,610,359,455,186,200,156,492,335,311
24-Sep-26,21:00,23671,0,615,466,612,944,572,671,1249,966,1033,1231,1034,1077,1856,1186,1067,610,360,455,186,200,156,492,336,314
24-Sep-26,21:05,23672,0,615,466,588,944,572,652,1250,971,1032,1231,1034,1049,1856,1191,1075,610,361,454,186,200,157,492,336,309
24-Sep-26,21:10,23638,0,615,466,565,944,572,643,1250,976,1051,1231,1034,1073,1856,1196,1052,610,362,454,186,200,157,492,337,324
24-Sep-26,21:15,23570,0,615,466,541,944,572,648,1251,981,1041,1231,1034,1067,1856,1201,1044,610,363,454,186,200,158,492,337,315
24-Sep-26,21:20,23500,0,615,466,488,944,572,641,1251,986,1026,1231,1033,1055,1856,1207,1036,610,364,453,186,200,158,492,338,314
24-Sep-26,21:25,23455,0,615,466,427,944,573,632,1252,991,1027,1231,1033,1058,1856,1212,1029,610,365,453,186,200,158,492,338,312
24-Sep-26,21:30,23450,0,615,466,409,944,573,634,1252,996,1032,1231,1033,1070,1856,1217,1021,610,367,452,186,200,159,492,339,311
24-Sep-26,21:35,23494,0,615,466,396,944,573,632,1253,1000,1036,1231,1032,1074,1856,1222,1021,610,368,452,186,200,159,492,339,312
24-Sep-26,21:40,23422,0,615,466,364,944,573,644,1253,1005,1069,1231,1032,1091,1856,1227,1022,610,369,452,186,200,160,492,340,315
24-Sep-26,21:45,23372,0,615,467,343,944,573,624,1254,1010,1097,1231,1032,1068,1856,1232,1024,610,370,451,186,200,160,492,340,312
24-Sep-26,21:50,23286,0,615,467,346,944,573,626,1254,1036,1093,1231,1032,1076,1856,1237,1025,610,371,451,186,200,160,492,341,312
24-Sep-26,21:55,23218,0,615,467,363,944,573,634,1255,1062,1142,1231,1031,1064,1856,1243,1026,610,372,450,186,200,161,492,341,319
24-Sep-26,22:00,23185,0,615,467,361,944,573,638,1256,1089,1166,1231,1031,1050,1856,1248,1028,610,373,450,186,200,161,492,342,319
24-Sep-26,22:05,23052,0,615,467,337,944,573,624,1256,1116,1156,1231,1031,1006,1856,1253,1030,610,374,450,186,200,162,492,343,309
24-Sep-26,22:10,22965,0,615,467,344,944,573,618,1257,1143,1188,1231,1030,1008,1856,1258,1031,610,375,449,186,200,162,492,343,309
24-Sep-26,22:15,22945,0,615,467,345,944,573,613,1257,1170,1208,1231,1030,1056,1856,1263,1033,610,376,449,186,200,163,492,344,316
24-Sep-26,22:20,22879,0,615,467,338,944,573,630,1258,1197,1230,1231,1030,1027,1856,1268,1034,610,377,448,186,200,163,492,344,308
24-Sep-26,22:25,22903,0,615,467,342,944,573,636,1258,1224,1265,1231,1030,1078,1856,1273,1036,610,378,448,185,200,164,492,345,311
24-Sep-26,22:30,22859,0,615,467,346,945,573,629,1259,1251,1294,1231,1029,1061,1856,1278,1029,610,379,448,185,200,164,492,345,307
24-Sep-26,22:35,22653,0,615,468,350,945,573,636,1259,1227,1334,1231,1029,1054,1856,1284,1037,610,380,447,185,199,164,492,346,307
24-Sep-26,22:40,22607,0,615,468,343,945,573,638,1260,1202,1348,1231,1029,1102,1856,1289,1037,610,381,447,185,199,165,492,346,313
24-Sep-26,22:45,22609,0,615,468,352,945,573,628,1260,1178,1379,1231,1029,1083,1856,1294,1044,610,382,446,185,199,165,492,347,316
24-Sep-26,22:50,22487,0,615,468,364,945,573,637,1261,1153,1382,1231,1028,1063,1856,1255,1206,610,383,446,185,199,166,492,347,310
24-Sep-26,22:55,22448,0,615,468,352,945,574,642,1261,1129,1412,1231,1028,1072,1856,1216,1291,610,384,446,185,199,166,492,348,313
24-Sep-26,23:00,22431,0,615,468,356,945,574,642,1262,1105,1415,1231,1028,1057,1856,1177,1306,610,385,445,185,199,166,492,348,313
24-Sep-26,23:05,22313,0,615,468,363,945,574,643,1262,1080,1403,1231,1028,1047,1856,1138,1306,610,386,445,185,199,167,492,349,308
24-Sep-26,23:10,22279,0,615,468,350,945,574,646,1263,1056,1389,1231,1027,1070,1856,1099,1298,610,387,444,185,199,167,492,349,312
24-Sep-26,23:15,22083,0,615,468,349,945,574,644,1263,1031,1345,1231,1027,1057,1856,1060,1283,610,388,444,185,199,168,492,350,312
24-Sep-26,23:20,22008,0,615,468,356,945,574,649,1264,1040,1280,1231,1027,1026,1856,1067,1183,610,389,444,185,199,168,492,350,309
24-Sep-26,23:25,22016,0,615,468,360,945,574,627,1264,1049,1253,1231,1026,1058,1856,1074,1067,610,390,443,185,199,168,492,351,313
24-Sep-26,23:30,21852,0,615,469,350,945,574,633,1265,1058,1231,1231,1026,1058,1856,1082,1036,610,391,443,185,199,169,492,351,313
24-Sep-26,23:35,21907,0,615,469,350,945,574,633,1265,1068,1216,1231,1026,1049,1856,1089,1036,610,392,442,185,199,169,492,352,314
24-Sep-26,23:40,21758,0,615,469,363,945,574,631,1266,1077,1205,1231,1026,1052,1856,1096,1028,610,393,442,185,199,170,492,352,314
24-Sep-26,23:45,21673,0,615,469,354,945,574,624,1266,1086,1164,1231,1025,1047,1856,1103,1028,610,394,442,185,199,170,492,353,314
24-Sep-26,23:50,21532,0,615,469,351,945,574,626,1267,1095,1167,1231,1025,1059,1856,1111,1032,610,395,441,185,199,170,492,353,315
24-Sep-26,23:55,21478,0,615,469,348,945,574,631,1267,1104,1142,1231,1025,1046,1856,1118,1036,610,396,441,185,199,171,492,354,311
25-Sep-26,00:05,21270,0,615,469,350,945,574,641,1268,1113,1176,1231,1024,1073,1856,1125,1040,610,397,440,185,199,171,492,354,313
25-Sep-26,00:10,21258,0,615,469,361,945,574,633,1268,1122,1181,1231,1024,1139,1856,1132,1044,610,398,440,185,199,172,492,355,316
25-Sep-26,00:15,21314,0,615,469,361,945,575,633,1269,1132,1190,1231,1024,1137,1856,1140,1045,610,399,440,185,198,172,492,355,316
25-Sep-26,00:20,21150,0,615,470,359,945,575,635,1269,1141,1188,1231,1021,1110,1856,1147,1046,610,400,439,185,198,172,492,356,315
25-Sep-26,00:25,21149,0,615,470,359,945,575,646,1270,1150,1194,1231,1018,1117,1856,1154,1048,610,401,439,185,198,173,492,357,309
25-Sep-26,00:30,20929,0,615,470,355,945,575,644,1270,1159,1197,1231,1014,1123,1856,1161,1049,610,402,438,185,198,173,492,357,309
25-Sep-26,00:35,20884,0,615,470,354,945,575,641,1271,1168,1187,1231,1000,1117,1856,1169,1050,610,403,438,185,198,174,492,358,310
25-Sep-26,00:40,20831,0,615,470,356,946,575,639,1271,1177,1199,1231,986,1137,1856,1176,1052,610,404,438,185,198,174,492,358,313
25-Sep-26,00:45,20643,0,615,470,357,946,575,634,1272,1187,1185,1231,972,1112,1856,1183,1053,610,405,437,185,198,174,492,359,312
25-Sep-26,00:50,20589,0,615,470,357,946,575,640,1272,1196,1190,1231,957,1111,1856,1190,1054,610,406,436,185,198,175,492,359,311
25-Sep-26,00:55,20448,0,615,470,355,946,575,638,1273,1205,1178,1231,943,1109,1856,1198,1055,610,408,436,185,198,175,492,360,313
25-Sep-26,01:00,20426,0,615,470,356,946,575,635,1273,1214,1176,1231,929,1077,1856,1205,1056,610,409,436,185,198,176,492,360,308
25-Sep-26,01:05,20241,0,615,470,359,946,576,635,1274,1223,1170,1231,880,1035,1856,1212,1058,610,410,435,185,198,176,492,361,307
25-Sep-26,01:10,20160,0,615,471,358,946,576,636,1274,1232,1185,1231,830,952,1856,1219,1059,610,411,435,185,198,176,492,361,321
25-Sep-26,01:15,20052,0,615,471,355,946,576,636,1275,1241,1180,1231,780,887,1856,1227,1051,610,412,434,185,198,177,492,362,310
25-Sep-26,01:20,19928,0,615,471,358,946,576,637,1275,1251,1200,1231,754,833,1856,1234,1044,610,413,434,185,198,177,492,362,313
25-Sep-26,01:25,19909,0,615,471,359,946,576,638,1276,1260,1260,1231,728,782,1856,1241,1067,610,414,434,185,198,178,492,363,314
25-Sep-26,01:30,19800,0,615,471,351,946,576,640,1276,1269,1333,1231,703,717,1856,1248,1051,610,415,433,185,198,178,492,363,314
25-Sep-26,01:35,19691,0,615,471,364,946,576,643,1277,1271,1297,1231,704,732,1856,1256,1067,610,416,433,185,198,178,492,364,312
25-Sep-26,01:40,19599,0,615,471,364,946,577,641,1277,1272,1337,1231,705,740,1856,1263,1074,610,417,432,185,198,179,492,364,311
25-Sep-26,01:45,19481,0,615,471,363,946,577,641,1278,1274,1384,1231,706,764,1856,1270,1082,610,418,432,185,198,179,492,365,314
25-Sep-26,01:50,19408,0,615,471,361,946,577,640,1278,1275,1394,1231,706,765,1856,1277,1067,610,419,432,185,198,180,492,365,308
25-Sep-26,01:55,19268,0,615,472,360,946,577,640,1279,1277,1388,1231,707,761,1856,1285,1075,610,420,431,185,197,180,492,366,311
25-Sep-26,02:00,19268,0,615,472,360,946,577,641,1279,1278,1383,1231,708,757,1856,1292,1159,610,421,431,185,197,181,492,366,311
25-Sep-26,02:05,19238,0,615,472,360,946,578,642,1274,1257,1387,1231,709,727,1856,1364,1221,610,422,430,185,197,183,492,367,310
25-Sep-26,02:10,19136,0,615,472,359,946,578,643,1269,1236,1379,1231,710,744,1856,1435,1275,610,423,430,185,197,184,492,367,310
25-Sep-26,02:15,19052,0,615,472,357,946,578,644,1264,1215,1379,1231,711,711,1856,1506,1336,610,424,430,185,197,185,492,368,304
25-Sep-26,02:20,18927,0,615,472,356,946,578,637,1259,1195,1358,1231,712,693,1856,1594,1375,610,425,429,185,197,185,492,368,304
25-Sep-26,02:25,18893,0,615,472,352,946,578,631,1254,1174,1367,1231,713,691,1856,1681,1476,610,426,429,185,197,181,492,369,309
25-Sep-26,02:30,18832,0,615,472,355,946,578,636,1249,1153,1356,1231,713,702,1856,1768,1568,610,427,428,185,197,181,492,369,338
25-Sep-26,02:35,18642,0,615,472,358,946,579,679,1244,1132,1350,1231,714,683,1856,1741,1638,610,414,428,185,197,180,492,359,357
25-Sep-26,02:40,18569,0,615,472,352,946,579,719,1239,1111,1339,1231,715,693,1856,1714,1770,610,401,428,185,197,179,492,350,369
25-Sep-26,02:45,18473,0,615,473,339,946,579,719,1234,1090,1337,1231,716,681,1856,1687,1832,610,388,427,185,197,182,492,340,374
25-Sep-26,02:50,18316,0,615,473,339,947,579,723,1229,1070,1348,1231,717,680,1856,1659,1855,610,374,425,185,197,182,492,331,377
25-Sep-26,02:55,18143,0,615,473,348,947,579,750,1224,1049,1335,1231,718,743,1856,1632,1839,610,361,422,185,197,185,492,321,373
25-Sep-26,03:00,18016,0,615,473,347,947,580,714,1219,1028,1274,1231,719,727,1856,1605,1723,610,348,436,185,197,180,492,312,353
25-Sep-26,03:05,18024,0,615,473,346,947,580,718,1214,1025,1267,1231,719,690,1856,1528,1699,610,351,419,185,197,172,492,314,346
25-Sep-26,03:10,18084,0,615,473,342,947,580,725,1209,1022,1227,1231,720,708,1856,1452,1622,610,353,373,185,197,156,492,316,322
25-Sep-26,03:15,17920,0,615,473,344,947,580,725,1204,1019,1218,1231,721,704,1856,1376,1575,610,356,370,185,197,156,492,318,315
25-Sep-26,03:20,17832,0,615,473,347,947,580,730,1199,1016,1194,1231,722,727,1856,1383,1429,610,358,348,185,197,155,492,319,310
25-Sep-26,03:25,17792,0,615,473,352,947,580,724,1194,1013,1193,1231,723,760,1856,1390,1367,610,361,346,185,197,156,492,321,311
25-Sep-26,03:30,17699,0,615,474,357,947,581,723,1189,1010,1193,1231,724,727,1856,1398,1336,610,363,345,185,196,156,492,323,314
25-Sep-26,03:35,17668,0,615,474,356,947,581,722,1185,1007,1219,1231,725,706,1856,1405,1336,610,366,345,185,196,158,492,325,316
25-Sep-26,03:40,17611,0,615,474,356,947,581,720,1180,1004,1185,1231,725,695,1856,1412,1328,610,369,344,185,196,155,492,327,309
25-Sep-26,03:45,17544,0,615,474,359,947,581,719,1175,1001,1194,1231,726,707,1856,1419,1320,610,371,343,185,196,155,492,329,307
25-Sep-26,03:50,17465,0,615,474,356,947,581,718,1170,998,1174,1231,727,688,1856,1426,1305,610,374,342,185,196,153,492,331,307
25-Sep-26,03:55,17310,0,615,474,353,947,582,715,1165,995,1160,1231,728,679,1856,1434,1297,610,376,343,185,196,156,492,333,309
25-Sep-26,04:00,17295,0,615,474,357,947,582,722,1160,992,1141,1231,729,679,1856,1441,1305,610,379,343,185,196,154,492,334,303
25-Sep-26,04:05,17236,0,615,474,356,947,582,727,1155,989,1129,1231,730,680,1856,1448,1301,610,382,342,185,196,153,492,336,302
25-Sep-26,04:10,17221,0,615,474,341,947,582,716,1150,986,1114,1231,731,680,1856,1455,1297,610,384,343,185,196,152,492,338,302
25-Sep-26,04:15,17133,0,615,474,341,947,582,714,1145,984,1116,1231,732,680,1856,1463,1293,610,387,343,185,196,153,492,340,303
25-Sep-26,04:20,17177,0,615,475,346,947,582,715,1140,981,1119,1231,732,681,1856,1470,1294,610,389,341,185,196,154,492,342,304
25-Sep-26,04:25,17148,0,615,475,347,947,583,717,1135,978,1108,1231,733,681,1856,1477,1294,610,392,342,185,196,155,492,344,305
25-Sep-26,04:30,17053,0,615,475,341,947,583,711,1130,975,1116,1231,734,679,1856,1484,1295,610,394,341,185,196,155,492,346,310
25-Sep-26,04:35,16939,0,615,475,342,947,583,718,1125,972,1171,1231,735,677,1856,1491,1296,610,397,343,185,196,154,492,348,310
25-Sep-26,04:40,16890,0,615,475,346,947,583,716,1120,969,1170,1231,736,685,1856,1499,1296,610,400,343,185,196,154,492,349,309
25-Sep-26,04:45,16886,0,615,475,349,947,583,716,1115,966,1181,1231,737,697,1856,1506,1297,610,402,342,185,196,153,492,351,309
25-Sep-26,04:50,16868,0,615,475,347,947,584,717,1110,963,1183,1231,738,698,1856,1513,1297,610,405,343,185,196,153,492,353,304
25-Sep-26,04:55,16840,0,615,475,356,948,584,718,1105,960,1163,1231,738,688,1856,1520,1305,610,407,343,185,196,156,492,355,312
25-Sep-26,05:00,16813,0,615,475,360,948,584,718,1100,957,1128,1231,739,709,1856,1528,1312,610,410,346,185,196,154,492,357,306
25-Sep-26,05:05,16763,0,615,476,359,948,584,725,1061,954,1111,1231,740,691,1856,1535,1297,610,413,344,185,196,152,492,359,304
25-Sep-26,05:10,16525,0,615,476,346,948,584,724,1022,951,1085,1231,741,682,1856,1542,1328,610,415,343,185,195,155,492,361,305
25-Sep-26,05:15,16461,0,615,476,346,948,584,721,984,948,1063,1231,742,709,1856,1549,1297,610,418,344,185,195,156,492,363,305
25-Sep-26,05:20,16453,0,615,476,348,948,585,719,986,946,1065,1231,743,702,1856,1556,1289,610,420,345,185,195,156,492,364,307
25-Sep-26,05:25,16388,0,615,476,346,948,585,716,987,945,1091,1231,744,719,1856,1564,1305,610,423,352,185,195,164,492,366,312
25-Sep-26,05:30,16385,0,615,476,344,948,585,723,989,943,1059,1231,744,721,1856,1571,1382,610,425,373,185,195,176,492,368,339
25-Sep-26,05:35,16263,0,615,476,346,948,585,735,990,941,1044,1231,745,709,1856,1598,1498,610,439,394,185,195,175,492,365,345
25-Sep-26,05:40,16304,0,615,476,346,948,585,743,992,940,1051,1231,746,692,1856,1624,1552,610,452,427,185,195,183,492,361,372
25-Sep-26,05:45,16289,0,615,476,342,948,586,731,993,938,1059,1231,747,691,1856,1651,1591,610,466,436,185,195,184,492,358,371
25-Sep-26,05:50,16218,0,615,476,344,948,586,728,995,936,1039,1231,748,684,1856,1702,1591,610,480,441,185,195,182,492,354,369
25-Sep-26,05:55,16254,0,615,477,347,948,586,741,996,935,1068,1231,749,686,1856,1754,1683,610,494,453,185,195,183,492,351,368
25-Sep-26,06:00,16104,0,615,477,346,948,586,725,998,933,1045,1231,750,677,1856,1805,1738,610,507,464,185,195,183,492,347,368
25-Sep-26,06:05,15846,0,615,477,346,948,586,722,999,932,1037,1231,751,678,1856,1788,1761,610,533,481,184,195,184,492,344,370
25-Sep-26,06:10,15172,11,615,477,347,948,586,720,1001,930,1040,1231,751,678,1856,1770,1822,610,558,506,184,195,184,492,340,373
25-Sep-26,06:15,15022,12,615,477,348,948,587,718,1002,928,1056,1231,752,680,1856,1753,1822,610,584,518,184,195,185,492,337,376
25-Sep-26,06:20,15074,15,615,477,340,948,587,730,1004,927,1069,1231,753,709,1856,1735,1845,610,573,549,184,195,185,492,333,378
25-Sep-26,06:25,15035,17,615,478,345,948,587,737,1005,925,1079,1231,754,671,1856,1718,1853,610,562,553,184,195,183,492,330,369
25-Sep-26,06:30,14936,20,615,478,345,948,587,733,1007,923,1083,1231,755,685,1856,1700,1861,610,551,563,184,195,185,492,326,376
25-Sep-26,06:35,14865,24,615,478,343,948,587,731,1008,922,1066,1231,756,675,1856,1683,1869,610,552,562,184,195,183,492,323,373
25-Sep-26,06:40,14760,26,615,478,348,948,588,733,1010,920,1087,1231,757,702,1856,1665,1868,610,553,567,184,195,185,492,319,377
25-Sep-26,06:45,14889,34,615,478,347,948,588,729,1011,918,1083,1231,757,694,1856,1648,1868,610,554,560,184,194,183,492,316,371
25-Sep-26,06:50,14833,40,615,478,346,948,588,733,1013,917,1055,1231,758,677,1856,1630,1876,610,531,560,184,194,184,492,312,365
25-Sep-26,06:55,14783,44,615,479,347,948,588,740,1014,915,1086,1231,759,710,1856,1613,1868,610,508,561,184,194,185,492,309,358
25-Sep-26,07:00,14905,49,615,479,345,948,588,743,1016,914,1073,1231,760,679,1856,1595,1768,610,485,561,184,194,185,492,305,352
25-Sep-26,07:05,14814,52,615,479,345,949,588,723,1018,912,1079,1231,761,679,1856,1553,1706,610,456,550,184,194,157,492,310,346
25-Sep-26,07:10,14864,65,615,479,342,949,589,709,1019,910,1086,1231,762,698,1856,1510,1590,610,427,514,184,194,150,492,315,323
25-Sep-26,07:15,15003,72,615,479,340,949,589,719,1021,909,1083,1231,763,686,1856,1468,1590,610,398,494,184,194,151,492,320,313
25-Sep-26,07:20,15025,82,615,480,346,949,589,736,1022,907,1089,1231,763,695,1856,1426,1582,610,382,448,184,194,153,492,325,314
25-Sep-26,07:25,15136,89,615,480,355,949,589,723,1024,905,1076,1231,764,749,1856,1384,1567,610,366,404,184,194,152,492,330,303
25-Sep-26,07:30,15189,98,615,480,357,949,589,688,1025,904,1062,1231,765,703,1856,1341,1559,610,351,381,184,194,150,492,335,312
25-Sep-26,07:35,15318,108,615,480,356,949,590,665,1027,910,1072,1231,766,705,1856,1293,1536,610,357,374,184,194,152,492,340,314
25-Sep-26,07:40,15485,112,615,480,365,949,590,658,1028,916,1066,1231,767,795,1856,1246,1358,610,363,350,184,194,154,492,345,312
25-Sep-26,07:45,15493,120,615,480,367,949,590,662,1030,922,1076,1231,768,719,1856,1198,1281,610,369,356,184,194,157,492,350,312
25-Sep-26,07:50,15536,133,615,481,366,949,590,661,1031,927,1069,1231,769,687,1856,1224,1204,610,375,349,184,194,159,492,355,311
25-Sep-26,07:55,15575,133,615,481,370,949,590,644,1033,933,1064,1231,770,677,1856,1249,1157,610,381,350,184,194,161,492,360,310
25-Sep-26,08:00,15603,149,615,481,352,949,590,661,1034,939,1058,1231,770,680,1856,1274,1158,610,387,349,184,194,162,493,365,310
25-Sep-26,08:05,15743,168,615,481,346,949,591,669,1036,954,1064,1231,771,682,1856,1350,1165,610,392,347,184,194,163,493,360,355
25-Sep-26,08:10,15813,176,615,481,347,949,591,715,1037,969,1069,1231,772,682,1856,1426,1250,610,398,347,184,194,163,493,355,355
25-Sep-26,08:15,16000,185,615,482,350,949,591,713,1039,984,1061,1231,773,680,1856,1502,1305,610,404,345,184,194,163,493,350,383
25-Sep-26,08:20,16137,208,615,482,350,949,591,710,1040,1000,1071,1231,774,691,1856,1590,1366,610,410,344,184,194,163,493,346,383
25-Sep-26,08:25,16123,216,615,482,362,949,591,738,1042,1015,1090,1231,775,778,1856,1679,1505,610,416,343,184,193,163,493,341,395
25-Sep-26,08:30,16221,244,615,482,370,949,592,743,1043,1030,1097,1231,776,781,1856,1768,1559,610,422,346,184,193,163,493,336,395
25-Sep-26,08:35,16245,243,615,482,353,949,592,737,1042,1027,1101,1231,776,741,1856,1741,1722,610,410,359,184,193,163,493,331,378
25-Sep-26,08:40,16257,222,615,482,363,949,592,747,1040,1023,1090,1231,777,775,1856,1714,1838,610,397,380,184,193,163,493,326,378
25-Sep-26,08:45,16308,259,615,483,363,949,592,742,1039,1020,1093,1231,778,745,1856,1687,1854,610,385,387,184,193,163,493,321,381
25-Sep-26,08:50,16314,254,615,483,365,949,592,739,1038,1017,1097,1231,779,696,1856,1659,1877,610,372,410,184,193,163,493,317,386
25-Sep-26,08:55,16374,264,615,483,357,949,592,735,1036,1014,1075,1231,780,679,1856,1632,1861,610,360,423,184,193,163,493,312,371
25-Sep-26,09:00,16479,276,615,483,348,949,593,719,1035,1010,1080,1231,781,677,1856,1605,1714,610,356,425,184,193,163,493,307,363
25-Sep-26,09:05,16437,273,615,483,344,949,593,727,1034,1012,1061,1231,782,682,1856,1528,1660,610,353,419,184,193,163,493,302,356
25-Sep-26,09:10,16854,307,615,484,347,950,593,709,1032,1014,1065,1231,782,680,1856,1452,1590,610,350,382,184,193,163,493,302,334
25-Sep-26,09:15,17053,308,615,484,347,950,593,706,1031,1016,1071,1231,783,679,1856,1376,1452,610,349,380,184,193,163,493,302,322
25-Sep-26,09:20,17128,315,615,484,346,950,593,707,1030,1017,1071,1231,784,679,1856,1287,1390,610,348,372,184,193,163,493,302,322
25-Sep-26,09:25,17206,335,615,484,344,950,594,708,1028,1019,1070,1231,785,680,1856,1198,1251,610,347,362,184,193,163,493,302,318
25-Sep-26,09:30,17450,351,615,484,348,950,594,684,1027,1021,1059,1231,786,680,1856,1110,1090,610,346,359,184,193,163,493,302,315
25-Sep-26,09:35,17462,339,615,484,350,950,594,676,1026,1023,1053,1231,787,680,1856,1125,1051,610,346,356,184,193,163,493,302,311
25-Sep-26,09:40,17519,347,615,485,347,950,594,653,1024,1025,1050,1231,788,681,1856,1139,1028,610,345,352,184,193,163,493,302,308
25-Sep-26,09:45,17728,327,615,485,349,950,594,639,1023,1027,1072,1231,789,680,1856,1154,1028,610,345,351,184,193,163,493,302,304
25-Sep-26,09:50,17696,329,615,485,351,950,594,630,1022,1028,1055,1231,789,680,1856,1168,1026,610,344,350,184,193,163,493,302,304
25-Sep-26,09:55,17683,363,615,485,353,950,595,642,1020,1030,1053,1231,790,686,1856,1183,1024,610,344,350,184,193,163,493,302,306
25-Sep-26,10:00,17701,386,615,485,355,950,595,657,1019,1032,1043,1231,791,687,1856,1197,1022,610,344,349,184,192,163,493,302,304
25-Sep-26,10:05,17663,369,615,486,357,950,595,631,1017,1034,1035,1231,792,686,1856,1212,1020,610,343,349,184,192,163,493,302,304
25-Sep-26,10:10,17775,361,615,486,359,950,595,618,1016,1036,1050,1231,793,687,1856,1226,1019,610,343,348,184,192,163,493,302,306
25-Sep-26,10:15,17981,381,615,486,361,950,595,620,1015,1038,1051,1231,794,692,1856,1241,1017,610,342,348,184,192,163,493,302,308
25-Sep-26,10:20,17939,384,615,486,363,950,596,614,1013,1039,1053,1231,795,707,1856,1255,1015,610,342,348,184,192,163,493,302,313
25-Sep-26,10:25,17943,376,615,486,365,950,596,629,1012,1041,1051,1231,795,727,1856,1270,1013,610,342,347,184,192,163,493,302,314
25-Sep-26,10:30,17975,374,615,486,365,950,596,654,1011,1043,1055,1231,796,717,1856,1284,1036,610,341,347,184,192,163,493,302,314
25-Sep-26,10:35,18038,366,615,487,355,950,596,625,1009,1040,1050,1231,797,686,1856,1264,1090,610,341,346,184,192,163,493,302,315
25-Sep-26,10:40,17955,372,615,487,357,950,596,643,1008,1037,1059,1231,798,689,1856,1244,1144,610,340,346,184,192,163,493,302,315
25-Sep-26,10:45,17880,383,615,487,354,950,596,620,1007,1035,1059,1231,799,709,1856,1223,1198,610,340,346,184,192,163,493,302,316
25-Sep-26,10:50,17775,383,615,487,366,950,597,615,1005,1032,1056,1231,800,710,1856,1203,1252,610,340,345,184,192,163,493,302,316
25-Sep-26,10:55,17852,413,615,487,359,950,597,625,1004,1029,1068,1231,801,707,1856,1183,1306,610,339,345,184,192,163,493,302,316
25-Sep-26,11:00,17934,418,615,488,354,950,597,644,1003,1026,1062,1231,802,679,1856,1163,1314,610,339,344,184,192,163,493,302,317
25-Sep-26,11:05,17988,441,615,488,348,950,597,637,1001,1024,1058,1231,802,678,1856,1142,1306,610,338,344,184,192,163,493,302,317
25-Sep-26,11:10,17858,452,615,488,347,950,597,629,1000,1021,1043,1231,803,679,1856,1122,1314,610,338,344,184,192,163,493,302,318
25-Sep-26,11:15,17829,487,615,488,346,950,598,623,999,1018,1049,1231,804,686,1856,1102,1306,610,338,343,184,192,163,493,302,318
25-Sep-26,11:20,17738,455,615,488,347,951,598,619,997,1015,1058,1231,805,708,1856,1082,1306,610,337,343,184,192,163,493,302,318
25-Sep-26,11:25,17867,458,615,488,352,951,598,636,996,1013,1041,1231,806,764,1856,1061,1329,610,337,342,184,192,163,493,302,319
25-Sep-26,11:30,17713,416,615,489,352,951,598,655,995,1010,1047,1231,807,741,1856,1041,1298,610,336,342,184,192,163,493,302,319
25-Sep-26,11:35,17812,421,615,489,353,951,598,652,993,1008,1061,1231,808,741,1856,1043,1267,610,336,342,184,192,163,493,302,319
25-Sep-26,11:40,17740,431,615,489,372,951,598,659,992,1006,1056,1231,808,786,1856,1044,1097,610,336,341,184,191,163,493,302,319
25-Sep-26,11:45,17742,439,615,489,373,951,599,657,991,1005,1047,1231,809,770,1856,1046,1089,610,335,341,184,191,163,493,302,319
25-Sep-26,11:50,17767,443,615,489,370,951,599,662,989,1003,1053,1231,810,762,1856,1047,1089,610,335,340,184,191,163,493,302,319
25-Sep-26,11:55,17664,456,615,490,361,951,599,672,988,1001,1061,1231,811,766,1856,1049,1058,610,334,340,184,191,163,493,302,319
25-Sep-26,12:00,17747,443,615,490,356,951,599,659,987,999,1055,1231,812,769,1856,1051,1097,610,334,340,184,191,163,493,302,319
25-Sep-26,12:05,17769,440,615,490,358,951,599,648,985,998,1048,1231,813,728,1856,1052,1089,610,334,339,184,191,163,493,302,319
25-Sep-26,12:10,17657,447,615,490,347,951,600,629,984,996,1043,1231,814,676,1856,1054,1050,610,333,338,184,191,163,493,302,319
25-Sep-26,12:15,17665,420,615,490,344,951,600,633,983,994,1050,1231,814,682,1856,1055,1050,610,333,338,184,191,163,493,302,319
25-Sep-26,12:20,17590,429,615,490,348,951,600,637,981,992,1055,1231,815,719,1856,1057,1047,610,332,338,184,191,163,493,302,319
25-Sep-26,12:25,17590,441,615,491,346,951,600,630,980,991,1061,1231,816,702,1856,1059,1044,610,332,337,184,191,163,493,302,319
25-Sep-26,12:30,17783,434,615,491,345,951,600,629,979,989,1056,1231,817,703,1856,1060,1041,610,332,337,184,191,163,493,302,319
25-Sep-26,12:35,17795,446,615,491,350,951,600,649,977,987,1061,1231,818,699,1856,1062,1038,610,331,336,184,191,163,494,302,319
25-Sep-26,12:40,17810,451,615,491,352,951,601,646,976,985,1057,1231,819,700,1856,1063,1035,610,331,336,184,191,163,494,302,319
25-Sep-26,12:45,17868,446,615,491,348,951,601,645,975,984,1054,1231,820,695,1856,1065,1033,610,330,336,184,191,163,494,302,319
25-Sep-26,12:50,17832,442,615,492,354,951,601,642,973,982,1054,1231,821,693,1856,1067,1031,610,330,335,184,191,163,494,302,319
25-Sep-26,12:55,17709,423,615,492,349,951,601,627,972,980,1056,1231,821,682,1856,1068,1029,610,330,335,184,191,163,494,302,319
25-Sep-26,13:00,17614,391,615,492,347,951,601,628,971,978,1062,1231,822,678,1856,1070,1027,610,329,334,184,191,163,494,302,319
25-Sep-26,13:05,17480,388,615,492,343,951,602,631,969,977,1063,1231,823,681,1856,1071,1025,610,329,334,184,191,163,494,302,319
25-Sep-26,13:10,17299,397,615,492,349,951,602,616,968,975,1048,1231,824,684,1856,1073,1023,610,328,334,184,191,163,494,302,319
25-Sep-26,13:15,17219,366,615,492,348,951,602,631,966,973,1047,1231,825,682,1856,1074,1021,610,328,333,184,190,163,494,302,319
25-Sep-26,13:20,17338,371,615,493,348,951,602,621,965,971,1048,1231,826,682,1856,1076,1028,610,328,333,184,190,163,494,302,319
25-Sep-26,13:25,17319,366,615,493,346,952,602,628,964,970,1049,1231,827,680,1856,1078,1036,610,327,332,184,190,163,494,302,319
25-Sep-26,13:30,17232,386,615,493,343,952,602,632,962,968,1049,1231,827,679,1856,1079,1044,610,327,332,184,190,163,494,302,319
25-Sep-26,13:35,17238,396,615,493,349,952,603,634,961,966,1045,1231,828,680,1856,1081,1051,610,326,332,184,190,163,494,302,319
25-Sep-26,13:40,17173,401,615,493,343,952,603,631,960,964,1049,1231,829,692,1856,1082,1058,610,326,332,184,190,163,494,302,319
25-Sep-26,13:45,17135,412,615,494,349,952,603,631,958,963,1055,1231,830,703,1856,1084,1066,610,326,332,183,190,163,494,302,319
25-Sep-26,13:50,17172,402,615,494,349,952,603,648,957,961,1054,1231,831,717,1856,1086,1074,610,325,332,183,190,163,494,302,319
25-Sep-26,13:55,17145,386,615,494,357,952,603,656,956,959,1055,1231,832,722,1856,1087,1081,610,325,332,183,190,163,494,302,319
25-Sep-26,14:00,17306,368,615,494,360,952,604,658,954,957,1055,1231,833,728,1856,1089,1027,610,324,332,183,190,163,494,302,319
25-Sep-26,14:05,17413,378,615,494,350,952,604,643,953,956,1046,1231,833,706,1856,1090,1011,610,324,332,183,190,163,494,302,319
25-Sep-26,14:10,17418,345,615,494,337,952,604,634,952,954,1045,1231,834,684,1856,1092,1015,610,324,332,183,190,163,494,302,319
25-Sep-26,14:15,17350,323,615,495,335,952,604,631,950,952,1043,1231,835,686,1856,1094,1019,610,323,332,183,190,163,494,302,319
25-Sep-26,14:20,17401,345,615,495,351,952,604,621,949,950,1036,1231,836,680,1856,1095,1023,610,323,332,183,190,163,494,302,319
25-Sep-26,14:25,17250,355,615,495,351,952,604,623,948,949,1036,1231,837,726,1856,1097,1027,610,322,332,183,190,163,494,302,319
25-Sep-26,14:30,17095,320,615,495,354,952,605,647,946,947,1037,1231,838,770,1856,1098,1027,610,322,332,183,190,163,494,302,319
25-Sep-26,14:35,17158,326,615,495,366,952,605,695,950,946,1042,1231,839,787,1856,1120,1142,610,322,332,183,190,163,494,302,319
25-Sep-26,14:40,17183,326,615,496,379,952,605,725,953,944,1041,1231,840,787,1856,1141,1136,610,321,332,183,190,163,494,302,319
25-Sep-26,14:45,17155,306,615,496,379,952,605,741,957,943,1041,1231,840,786,1856,1163,1130,610,321,332,183,190,163,494,302,319
25-Sep-26,14:50,17131,295,615,496,367,952,605,733,961,942,1044,1231,841,786,1856,1185,1125,610,320,332,183,190,163,494,302,319
25-Sep-26,14:55,17157,294,615,496,355,952,606,751,965,940,1048,1231,842,726,1856,1207,1119,610,320,332,183,189,163,494,302,319
25-Sep-26,15:00,16965,297,615,496,362,952,606,752,968,939,1052,1231,843,739,1856,1228,1173,610,320,332,183,189,163,494,302,319
25-Sep-26,15:05,16685,281,615,496,381,952,606,743,972,938,1055,1231,844,755,1856,1198,1229,610,319,332,183,189,163,494,302,319
25-Sep-26,15:10,16449,291,615,497,347,952,606,744,976,936,1037,1231,845,699,1856,1169,1236,610,319,332,183,189,163,494,302,319
25-Sep-26,15:15,16380,282,615,497,368,952,606,736,980,935,1042,1231,846,767,1856,1139,1244,610,318,332,183,189,163,494,302,319
25-Sep-26,15:20,16385,279,615,497,369,952,606,731,983,934,1039,1231,846,775,1856,1110,1252,610,318,332,183,189,163,494,302,319
25-Sep-26,15:25,16356,276,615,497,347,952,607,747,987,932,1024,1231,847,667,1856,1080,1259,610,318,332,183,189,163,494,302,319
25-Sep-26,15:30,16319,270,615,497,347,952,607,736,991,931,1043,1231,848,709,1856,1051,1259,610,317,332,183,189,163,494,302,319
25-Sep-26,15:35,16211,249,615,498,350,953,607,736,994,930,1034,1231,849,714,1856,1070,1113,610,317,332,183,189,163,494,302,319
25-Sep-26,15:40,16173,242,615,498,345,953,607,739,998,928,1033,1231,850,680,1856,1089,1096,610,316,332,183,189,163,494,302,319
25-Sep-26,15:45,16185,204,615,498,345,953,607,726,1002,927,1042,1231,851,711,1856,1108,1079,610,316,332,183,189,163,494,302,319
25-Sep-26,15:50,16167,203,615,498,347,953,608,730,1006,926,1032,1231,852,691,1856,1127,1062,610,316,332,183,189,163,494,302,319
25-Sep-26,15:55,16157,206,615,498,346,953,608,729,1009,924,1050,1231,852,677,1856,1146,1045,610,315,332,183,189,163,494,302,319
25-Sep-26,16:00,16080,180,615,498,347,953,608,727,1013,923,1072,1231,853,707,1856,1165,1046,610,315,332,183,189,163,494,302,319
25-Sep-26,16:05,15871,175,615,499,352,953,608,728,1017,922,1071,1231,854,719,1856,1185,1046,610,314,332,183,189,163,494,302,319
25-Sep-26,16:10,15816,171,615,499,352,953,608,737,1020,921,1053,1231,855,671,1856,1204,1047,610,314,332,183,189,163,494,302,319
25-Sep-26,16:15,15640,157,615,499,350,953,608,726,1024,919,1075,1231,856,702,1856,1223,1048,610,314,332,183,188,163,494,302,319
25-Sep-26,16:20,15662,149,615,499,349,953,609,727,1028,918,1076,1231,857,694,1856,1242,1049,610,313,332,183,188,163,494,302,319
25-Sep-26,16:25,15602,138,615,499,351,953,609,736,1032,917,1051,1231,858,677,1856,1261,1050,610,313,332,183,188,163,494,302,319
25-Sep-26,16:30,15635,133,615,500,352,953,609,730,1035,915,1069,1231,859,686,1856,1280,1050,610,312,332,183,188,163,494,302,319
25-Sep-26,16:35,15520,125,615,500,349,953,609,748,1039,914,1072,1231,859,756,1856,1354,1051,610,312,332,183,188,163,494,302,319
25-Sep-26,16:40,15455,118,615,500,353,953,609,730,1043,913,1069,1231,860,741,1856,1429,1252,610,312,332,183,188,163,494,302,319
25-Sep-26,16:45,15535,118,615,500,352,953,610,729,1047,911,1077,1231,861,729,1856,1504,1314,610,311,332,183,188,163,494,302,319
25-Sep-26,16:50,15626,110,615,500,350,953,610,727,1050,910,1089,1231,907,798,1856,1475,1445,610,311,332,183,188,163,494,302,319
25-Sep-26,16:55,15572,102,615,500,346,953,610,739,1054,909,1075,1231,954,859,1856,1445,1568,610,310,332,183,188,163,494,302,319
25-Sep-26,17:00,15526,96,615,501,353,953,610,722,1058,907,1074,1231,1000,907,1856,1416,1522,610,310,332,183,188,163,494,302,319
25-Sep-26,17:05,15495,86,615,501,351,953,610,736,1061,906,1074,1231,1025,982,1856,1387,1475,610,310,332,183,188,163,494,302,319
25-Sep-26,17:10,15505,77,615,501,344,953,610,731,1065,905,1044,1231,1050,1043,1856,1358,1429,610,309,332,183,188,163,494,302,319
25-Sep-26,17:15,15553,70,615,501,342,953,611,697,1069,903,1034,1231,1075,1050,1856,1328,1382,610,309,332,183,188,163,495,302,319
25-Sep-26,17:20,15474,69,615,501,344,953,611,649,1073,930,1041,1231,1070,1074,1856,1266,1336,610,308,332,183,187,163,495,302,319
25-Sep-26,17:25,15587,60,615,502,343,953,611,623,1076,958,1040,1231,1066,1064,1856,1204,1266,610,308,332,183,187,163,495,302,319
25-Sep-26,17:30,15680,54,615,502,370,953,611,626,1080,985,1046,1231,1061,1134,1856,1142,1089,610,308,332,183,187,163,495,302,319
25-Sep-26,17:35,15795,49,615,502,391,953,611,636,1084,1013,1057,1231,1056,1105,1856,1176,1112,610,307,332,183,187,163,495,302,319
25-Sep-26,17:40,15827,47,615,502,435,954,612,628,1088,1040,1096,1231,1051,1067,1856,1211,1143,610,307,332,183,187,163,495,302,319
25-Sep-26,17:45,15754,44,615,502,455,954,612,625,1091,1068,1124,1231,1047,1125,1856,1246,1112,610,306,332,183,187,163,495,302,319
25-Sep-26,17:50,16048,41,615,502,483,954,612,623,1138,1120,1209,1231,1042,1122,1856,1242,1236,610,306,332,183,187,163,495,302,319
25-Sep-26,17:55,16217,40,615,503,520,954,612,628,1184,1173,1296,1231,1037,1089,1856,1238,1267,610,306,332,183,187,163,495,302,319
25-Sep-26,18:00,16504,0,615,503,536,954,612,624,1231,1226,1290,1231,1033,1108,1856,1234,1290,610,305,332,183,187,163,495,302,319
25-Sep-26,18:05,16679,0,615,503,543,954,612,639,1244,1240,1321,1231,1028,1069,1856,1181,1266,610,305,332,183,186,163,495,302,319
25-Sep-26,18:10,17062,0,615,503,548,954,613,634,1257,1254,1352,1231,1023,1026,1856,1128,1251,610,304,332,183,186,163,495,302,319
25-Sep-26,18:15,17603,0,615,503,560,954,613,634,1270,1268,1339,1231,1019,1029,1856,1074,1128,610,304,332,183,186,163,495,302,319
25-Sep-26,18:20,17718,0,615,504,562,954,613,621,1284,1281,1377,1231,1014,1094,1856,1075,1109,610,304,332,183,186,163,495,302,319
25-Sep-26,18:25,18012,0,615,504,566,954,613,625,1297,1295,1399,1231,1009,1068,1856,1075,1089,610,303,332,183,186,163,495,302,319
25-Sep-26,18:30,18286,0,615,504,568,954,613,637,1300,1309,1395,1231,1004,1092,1856,1076,1070,610,303,332,183,186,163,495,302,319
25-Sep-26,18:35,18607,0,615,504,567,954,614,629,1304,1244,1317,1231,1000,1029,1856,1077,1051,610,302,332,183,186,163,495,302,319
25-Sep-26,18:40,18709,0,615,504,589,954,614,633,1308,1179,1254,1231,995,1026,1856,1078,1031,610,302,332,183,185,163,495,302,319
25-Sep-26,18:45,18903,0,615,505,588,954,614,631,1309,1114,1248,1231,990,1036,1856,1078,1012,610,302,332,183,185,163,495,302,319
25-Sep-26,18:50,19016,0,615,505,586,954,614,629,1310,1050,1194,1231,986,1065,1856,1079,1015,610,301,332,183,185,163,495,302,319
25-Sep-26,18:55,18994,0,615,505,584,954,614,642,1310,987,1123,1231,981,1037,1856,1080,1017,610,301,332,183,185,163,495,302,319
25-Sep-26,19:00,19070,0,615,506,582,954,614,639,1310,924,1082,1231,976,1055,1856,1081,1020,610,300,332,183,185,163,495,302,319
25-Sep-26,19:05,18982,0,615,506,580,954,615,638,1311,924,1061,1231,971,1043,1856,1081,1023,610,300,332,183,184,163,495,302,319
25-Sep-26,19:10,18962,0,615,506,568,954,615,639,1311,923,1049,1231,967,1031,1856,1082,1025,610,300,332,183,184,163,495,302,319
25-Sep-26,19:15,18817,0,615,506,601,954,615,628,1312,923,1021,1231,962,1027,1856,1083,1028,610,299,332,183,184,163,495,302,319
25-Sep-26,19:20,18657,0,615,507,598,954,615,631,1312,922,1017,1231,957,1027,1856,1084,1031,610,299,332,183,184,163,495,302,319
25-Sep-26,19:25,18503,0,615,507,595,954,615,633,1312,922,1021,1231,953,1028,1856,1084,1033,610,298,332,183,184,163,495,302,319
25-Sep-26,19:30,18530,0,615,507,568,954,616,622,1313,922,1018,1231,948,1026,1856,1085,1036,610,298,332,183,184,163,495,302,319
25-Sep-26,19:35,18366,0,615,507,577,954,616,618,1313,921,1021,1231,943,1024,1856,1086,1039,610,298,332,183,183,163,495,302,319
25-Sep-26,19:40,18325,0,615,508,526,954,616,635,1314,920,1027,1231,939,1023,1856,1086,1041,610,297,332,183,183,163,495,302,319
25-Sep-26,19:45,18161,0,615,508,512,954,616,636,1314,920,1031,1231,934,1023,1856,1087,1044,610,297,332,183,183,163,495,302,319
25-Sep-26,19:50,18044,0,615,508,439,955,616,633,1314,920,1024,1231,929,1026,1856,1088,1046,610,296,332,183,183,163,495,302,319
25-Sep-26,19:55,17970,0,615,508,411,955,616,633,1315,919,1028,1231,924,1027,1856,1089,1049,610,296,332,183,183,163,495,302,319
25-Sep-26,20:00,17784,0,615,509,356,955,617,642,1315,919,1030,1231,920,985,1856,1089,1052,610,296,332,183,182,163,495,302,319
25-Sep-26,20:05,17673,0,615,509,350,955,617,634,1316,918,1031,1231,873,948,1856,1090,1054,610,295,332,183,182,163,495,302,319
25-Sep-26,20:10,17528,0,615,509,351,955,617,636,1316,918,1032,1231,826,872,1856,1091,1057,610,294,332,183,182,163,495,302,319
25-Sep-26,20:15,17344,0,615,510,343,955,617,631,1316,918,1036,1231,778,782,1856,1092,1060,610,294,332,183,182,163,495,302,319
25-Sep-26,20:20,17286,0,615,510,353,955,617,628,1317,917,1033,1231,753,752,1856,1092,1062,610,294,332,183,182,163,495,302,319
25-Sep-26,20:25,17257,0,615,510,339,955,618,635,1317,916,1022,1231,728,725,1856,1093,1065,610,293,332,183,182,163,495,302,319
25-Sep-26,20:30,17002,0,615,510,352,955,618,643,1318,916,1033,1231,702,749,1856,1094,1068,610,293,332,183,181,163,495,302,319
25-Sep-26,20:35,16741,0,615,511,357,955,618,642,1318,916,1046,1231,743,771,1856,1095,1070,610,292,332,183,181,163,495,302,319
25-Sep-26,20:40,16666,0,615,512,376,955,618,651,1318,915,1042,1231,784,788,1856,1095,1073,610,292,332,183,181,163,495,302,319
25-Sep-26,20:45,16583,0,615,515,363,955,618,651,1319,915,1036,1231,824,791,1856,1096,1050,610,292,332,183,181,163,495,302,319
25-Sep-26,20:50,16464,0,615,518,361,955,618,668,1319,914,1045,1231,865,783,1856,1097,1043,610,291,332,183,181,163,495,302,319
25-Sep-26,20:55,16314,0,615,522,365,955,619,659,1320,914,1044,1231,906,791,1856,1098,1058,610,291,332,183,180,163,495,302,319
25-Sep-26,21:00,16303,0,615,537,369,955,619,666,1320,914,1036,1231,946,787,1856,1098,1073,610,290,332,183,180,163,495,302,319
25-Sep-26,21:05,16244,0,615,551,363,955,619,655,1320,913,1040,1231,987,764,1856,1099,1035,610,290,332,183,180,163,495,302,319
25-Sep-26,21:10,16042,0,615,565,350,955,619,648,1321,913,1039,1231,1028,701,1856,1100,1036,610,290,332,183,180,163,495,302,319
25-Sep-26,21:15,15958,0,615,579,354,955,619,647,1321,912,1042,1231,1069,728,1856,1100,1036,610,289,332,182,180,163,495,302,319
25-Sep-26,21:20,15759,0,615,593,349,955,620,657,1322,912,1027,1231,1110,706,1856,1101,1036,610,289,332,182,180,163,495,302,319
25-Sep-26,21:25,15746,0,615,607,350,955,620,654,1322,911,1037,1231,1150,693,1856,1102,1037,610,288,332,182,179,163,495,302,319
25-Sep-26,21:30,15701,0,615,621,355,955,620,636,1322,911,1040,1231,1191,705,1856,1103,1038,610,288,332,182,179,163,495,302,319
25-Sep-26,21:35,15552,0,615,635,346,955,620,638,1323,910,1018,1231,1232,727,1856,1103,1038,610,288,332,182,179,163,495,302,319
25-Sep-26,21:40,15539,0,615,649,360,955,620,642,1323,910,1016,1231,1272,729,1856,1104,1038,610,287,332,182,179,163,495,302,319
25-Sep-26,21:45,15404,0,615,663,343,955,620,647,1324,910,1026,1231,1313,714,1856,1105,1039,610,287,332,182,179,163,495,302,319
25-Sep-26,21:50,15385,0,615,631,352,955,621,648,1324,909,1026,1231,1249,710,1856,1106,1040,610,286,332,182,178,163,496,302,319
25-Sep-26,21:55,15330,0,615,622,351,956,621,635,1324,909,1013,1231,1186,679,1856,1106,1040,610,286,332,182,178,163,496,302,319
25-Sep-26,22:00,15206,0,615,614,358,956,621,629,1325,908,1014,1231,1122,680,1856,1107,1040,610,286,332,182,178,163,496,302,319
25-Sep-26,22:05,15075,0,615,606,358,956,621,634,1325,908,1017,1231,1059,677,1856,1108,1041,610,285,332,182,178,163,496,302,319
25-Sep-26,22:10,15076,0,615,604,351,956,621,631,1326,908,1028,1231,995,685,1856,1109,1042,610,285,332,182,178,163,496,302,319
25-Sep-26,22:15,15035,0,615,601,359,956,622,646,1326,907,1025,1231,931,757,1856,1109,1042,610,284,332,182,178,163,496,302,319
25-Sep-26,22:20,14991,0,615,598,354,956,622,638,1326,906,1023,1231,868,762,1856,1110,1042,610,284,332,182,177,163,496,302,319
25-Sep-26,22:25,15064,0,615,597,359,956,622,649,1327,906,1021,1231,804,768,1856,1111,1043,610,284,332,182,177,163,496,302,319
25-Sep-26,22:30,14901,0,615,597,346,956,622,643,1328,906,1009,1231,741,710,1856,1111,1044,610,283,332,182,177,163,496,302,319
25-Sep-26,22:35,14847,0,615,596,364,956,622,652,1328,905,1010,1231,742,735,1856,1112,1044,610,283,332,182,177,163,496,302,319
25-Sep-26,22:40,14870,0,615,596,355,956,622,659,1328,905,1018,1231,744,732,1856,1113,1044,610,282,332,182,177,163,496,302,319
25-Sep-26,22:45,14811,0,615,596,359,956,623,630,1329,904,1018,1231,745,714,1856,1114,1045,610,282,332,182,176,163,496,302,319
25-Sep-26,22:50,14747,0,615,595,355,956,623,645,1329,904,1027,1231,746,705,1856,1114,1046,610,282,332,182,176,163,496,302,319
25-Sep-26,22:55,14708,0,615,595,352,956,623,648,1327,904,1026,1231,748,694,1856,1115,1046,610,281,332,182,176,163,496,302,319
25-Sep-26,23:00,14619,0,615,594,351,956,623,632,1325,903,1015,1231,749,673,1856,1116,1046,610,281,332,182,176,163,496,302,319
25-Sep-26,23:05,14556,0,615,594,348,956,623,623,1324,902,1015,1231,750,678,1856,1117,1047,610,280,332,182,176,163,496,302,319
25-Sep-26,23:10,14502,0,615,594,353,956,624,631,1322,902,1017,1231,752,733,1856,1117,1048,610,280,332,182,176,163,496,302,319
25-Sep-26,23:15,14507,0,615,593,353,956,624,627,1320,902,1032,1231,753,746,1856,1118,1048,610,280,332,182,175,163,496,302,319
25-Sep-26,23:20,14447,0,615,593,351,956,624,626,1318,901,1030,1231,754,714,1856,1119,1054,610,279,332,182,175,163,496,302,319
25-Sep-26,23:25,14411,0,615,592,354,956,624,639,1316,901,1052,1231,756,730,1856,1120,1061,610,279,332,182,175,163,496,302,319
25-Sep-26,23:30,14341,0,615,592,352,956,624,639,1315,893,1078,1231,757,705,1856,1120,1067,610,278,332,182,175,163,496,302,319
25-Sep-26,23:35,14306,0,615,592,351,956,624,641,1313,885,1096,1231,758,682,1856,1095,1073,610,278,332,182,175,163,496,302,319
25-Sep-26,23:40,14132,0,615,591,352,956,625,636,1311,876,1066,1231,760,676,1856,1070,1096,610,278,332,182,174,163,496,302,319
25-Sep-26,23:45,14099,0,615,591,356,956,625,646,1309,875,1044,1231,761,690,1856,1046,1081,610,277,332,182,174,163,496,302,319
25-Sep-26,23:50,14062,0,615,590,355,956,625,648,1308,875,1034,1231,762,697,1856,1047,1050,610,277,332,182,174,163,496,302,319
25-Sep-26,23:55,14015,0,615,590,349,956,625,638,1306,874,1028,1231,764,695,1856,1049,1050,610,276,332,182,174,163,496,302,319
26-Sep-26,00:00,13948,0,615,590,354,956,625,640,1304,874,1020,1231,765,693,1856,1050,1042,610,276,332,182,174,163,496,302,319
26-Sep-26,00:05,13850,0,615,589,352,957,626,645,1302,873,1010,1231,766,683,1856,1052,1035,610,276,332,182,174,163,496,302,319
26-Sep-26,00:10,13858,0,615,589,365,957,626,645,1300,873,1038,1231,768,746,1856,1053,1058,610,275,332,182,173,163,496,302,319
26-Sep-26,00:15,13858,0,615,588,352,957,626,642,1299,872,1021,1231,769,781,1856,1055,1035,610,275,332,182,173,163,496,302,319
26-Sep-26,00:20,13720,0,615,588,346,957,626,651,1297,872,1030,1231,770,770,1856,1056,1027,610,274,332,182,173,163,496,302,319
26-Sep-26,00:25,13687,0,615,588,356,957,626,648,1295,871,1040,1231,772,767,1856,1058,1035,610,274,332,182,173,163,496,302,319
26-Sep-26,00:30,13608,0,615,587,346,957,626,637,1293,870,1034,1231,773,720,1856,1059,1035,610,274,332,182,173,163,496,302,319
26-Sep-26,00:35,13559,0,615,587,357,957,625,642,1291,870,1031,1231,774,746,1856,1061,1042,610,273,332,182,172,163,496,302,319
26-Sep-26,00:40,13505,0,615,586,352,957,625,649,1290,869,1026,1231,776,777,1856,1062,1042,610,273,332,182,172,163,496,302,319
26-Sep-26,00:45,13419,0,615,586,345,957,625,644,1288,869,1025,1231,777,742,1856,1064,1027,610,272,332,182,172,163,496,302,319
26-Sep-26,00:50,13406,0,615,586,359,957,625,641,1286,868,1031,1231,778,714,1856,1065,1027,610,272,332,182,172,163,496,302,319
26-Sep-26,00:55,13283,0,615,585,345,957,625,639,1284,868,1048,1231,780,711,1856,1066,1029,610,272,332,182,172,163,496,302,319
26-Sep-26,01:00,13231,0,615,585,362,957,624,637,1283,869,1046,1231,781,724,1856,1068,1031,610,271,332,182,172,163,496,302,319
26-Sep-26,01:05,13164,0,615,584,353,957,624,635,1281,869,1042,1231,782,701,1856,1069,1032,610,271,332,182,171,163,496,302,319
26-Sep-26,01:10,13096,0,615,584,350,957,624,635,1279,870,1040,1231,784,736,1856,1071,1034,610,270,332,182,171,163,496,302,319
26-Sep-26,01:15,12997,0,615,584,357,957,624,637,1277,871,1038,1231,785,732,1856,1072,1036,610,270,332,182,171,163,496,302,319
26-Sep-26,01:20,12963,0,615,583,351,957,624,638,1275,871,1035,1231,786,754,1856,1074,1038,610,270,332,182,171,163,496,302,319
26-Sep-26,01:25,12956,0,615,583,367,957,624,631,1274,872,1033,1231,788,740,1856,1075,1039,610,269,332,182,171,163,496,302,319
26-Sep-26,01:30,12828,0,615,582,347,957,623,626,1272,873,1033,1231,789,727,1856,1077,1041,610,269,332,182,170,163,496,302,319
26-Sep-26,01:35,12841,0,615,582,362,957,623,639,1270,873,1023,1231,790,770,1856,1078,1041,610,268,332,182,170,163,496,302,319
26-Sep-26,01:40,12785,0,615,582,362,957,623,640,1268,874,1021,1231,792,777,1856,1080,1040,610,268,332,182,170,163,496,302,319
26-Sep-26,01:45,12720,0,615,581,355,957,623,639,1266,875,1031,1231,793,713,1856,1081,1040,610,268,332,182,170,163,496,302,319
26-Sep-26,01:50,12613,0,615,581,371,957,623,643,1265,875,1039,1231,794,737,1856,1083,1039,610,267,332,182,170,163,496,302,319
26-Sep-26,01:55,12650,0,615,580,371,957,622,643,1263,876,1039,1231,796,737,1856,1084,1039,610,267,332,182,170,163,496,302,319
26-Sep-26,02:00,12482,0,615,580,353,957,622,652,1261,877,1031,1231,797,685,1856,1085,1038,610,266,332,182,169,163,496,302,319
26-Sep-26,02:05,12308,0,615,580,363,958,622,646,1259,878,1032,1231,798,703,1856,1087,1038,610,266,332,182,169,163,496,302,319
26-Sep-26,02:10,12325,0,615,579,356,958,622,647,1258,878,1044,1231,800,723,1856,1088,1038,610,266,332,182,169,163,496,302,319
26-Sep-26,02:15,12296,0,615,579,363,958,622,639,1256,879,1052,1231,801,747,1856,1090,1037,610,265,332,182,169,163,496,302,319
26-Sep-26,02:20,12217,0,615,578,363,958,622,636,1254,880,1063,1231,802,759,1856,1091,1037,610,265,332,182,169,163,496,302,319
26-Sep-26,02:25,12192,0,615,578,352,958,621,630,1252,880,1069,1231,803,749,1856,1093,1036,610,264,332,182,168,163,496,302,319
26-Sep-26,02:30,12157,0,615,578,363,958,621,630,1250,881,1065,1231,805,738,1856,1094,1036,610,264,332,182,168,163,497,302,319
26-Sep-26,02:35,11977,0,615,577,359,958,621,632,1249,882,1041,1231,806,715,1856,1096,1034,610,264,332,182,168,163,497,302,319
26-Sep-26,02:40,11982,0,615,577,357,958,621,637,1247,882,1064,1231,807,704,1856,1097,1032,610,263,332,182,168,163,497,302,319
26-Sep-26,02:45,11928,0,615,576,363,958,621,633,1245,883,1052,1231,809,722,1856,1099,1031,610,263,332,182,168,163,497,302,319
26-Sep-26,02:50,11878,0,615,576,349,958,620,627,1243,884,1073,1231,810,699,1856,1100,1029,610,262,332,182,168,163,497,302,319
26-Sep-26,02:55,11829,0,615,575,364,958,620,627,1241,884,1059,1231,811,749,1856,1102,1027,610,262,332,182,167,163,497,302,319
26-Sep-26,03:00,11799,0,615,575,346,958,620,631,1240,885,1052,1231,813,762,1856,1103,1027,610,262,332,182,167,163,497,302,319
26-Sep-26,03:05,11735,0,615,574,366,958,620,637,1238,886,1062,1231,814,723,1856,1104,1030,610,261,332,182,167,163,497,302,319
26-Sep-26,03:10,11751,0,615,574,359,958,620,641,1236,886,1067,1231,815,746,1856,1106,1033,610,261,332,182,167,163,497,302,319
26-Sep-26,03:15,11638,0,615,574,352,958,620,637,1234,887,1052,1231,817,744,1856,1107,1036,610,260,332,182,167,163,497,302,319
26-Sep-26,03:20,11608,0,615,573,364,958,619,636,1233,888,1060,1231,818,737,1856,1109,1039,610,260,332,182,166,163,497,302,319
26-Sep-26,03:25,11608,0,615,573,353,958,619,636,1231,888,1068,1231,819,740,1856,1110,1038,610,260,332,182,166,163,497,302,319
26-Sep-26,03:30,11544,0,615,572,354,958,619,634,1229,889,1064,1231,821,758,1856,1112,1037,610,259,332,182,166,163,497,302,319
26-Sep-26,03:35,11523,0,615,572,364,958,619,630,1227,890,1061,1231,822,739,1856,1113,1036,610,259,332,182,166,163,497,302,319
26-Sep-26,03:40,11457,0,615,572,350,958,619,636,1225,890,1057,1231,823,728,1856,1115,1037,610,258,332,182,166,163,497,302,319
26-Sep-26,03:45,11425,0,615,571,358,958,618,640,1224,891,1065,1231,825,698,1856,1116,1038,610,258,332,182,166,163,497,302,319
26-Sep-26,03:50,11371,0,615,571,359,958,618,633,1222,892,1058,1231,826,721,1856,1118,1039,610,258,332,182,165,163,497,302,319
26-Sep-26,03:55,11327,0,615,570,356,958,618,636,1220,892,1055,1231,827,752,1856,1119,1040,610,257,332,182,165,163,497,302,319
26-Sep-26,04:00,11312,0,615,570,364,958,618,631,1218,893,1061,1231,829,709,1856,1121,1040,610,257,332,182,165,163,497,302,319
26-Sep-26,04:05,11321,0,615,570,354,959,618,635,1216,894,1064,1231,830,705,1856,1122,1041,610,256,332,182,165,163,497,302,319
26-Sep-26,04:10,11324,0,615,569,360,959,618,635,1215,895,1064,1231,831,735,1856,1124,1042,610,256,332,182,165,163,497,302,319
26-Sep-26,04:15,11232,0,615,569,363,959,617,644,1213,895,1065,1231,833,762,1856,1125,1042,610,256,332,182,164,163,497,302,319
26-Sep-26,04:20,11202,0,615,568,356,959,617,631,1211,896,1058,1231,834,713,1856,1126,1041,610,255,332,182,164,163,497,302,319
26-Sep-26,04:25,11191,0,615,568,360,959,617,636,1209,897,1066,1231,835,718,1856,1128,1041,610,255,332,182,164,163,497,302,319
26-Sep-26,04:30,11230,0,615,568,354,959,617,639,1208,897,1056,1231,837,741,1856,1129,1040,610,254,332,181,164,163,497,302,319
26-Sep-26,04:35,11191,0,615,567,359,959,617,638,1206,898,1053,1231,838,739,1856,1131,1040,610,254,332,181,164,163,497,302,319
26-Sep-26,04:40,11196,0,615,567,355,959,616,633,1204,899,1056,1231,839,716,1856,1132,1039,610,254,332,181,164,163,497,302,319
26-Sep-26,04:45,11124,0,615,566,356,959,616,635,1202,899,1056,1231,841,773,1856,1134,1039,610,253,332,181,163,163,497,302,319
26-Sep-26,04:50,11085,0,615,566,358,959,616,637,1200,900,1053,1231,842,744,1856,1135,1038,610,253,332,181,163,163,497,302,319
26-Sep-26,04:55,11076,0,615,566,353,959,616,639,1199,901,1056,1231,843,712,1856,1137,1038,610,252,332,181,163,163,497,302,319
26-Sep-26,05:00,11152,0,615,565,367,959,616,646,1197,901,1046,1231,845,768,1856,1138,1037,610,252,332,181,163,163,497,302,319
26-Sep-26,05:05,11001,0,615,565,362,959,616,639,1159,904,1051,1231,846,714,1856,1140,1037,610,252,332,181,163,163,497,302,319
26-Sep-26,05:10,10973,0,615,564,363,959,615,637,1121,907,1055,1231,847,694,1856,1141,1036,610,251,332,181,162,163,497,302,319
26-Sep-26,05:15,11018,0,615,564,362,959,615,637,1083,910,1051,1231,849,734,1856,1143,1036,610,251,332,181,162,163,497,302,319
26-Sep-26,05:20,11047,0,615,564,363,959,615,640,1084,913,1038,1231,850,708,1856,1144,1037,610,250,332,181,162,163,497,302,319
26-Sep-26,05:25,10947,0,615,563,369,959,615,637,1084,917,1051,1231,851,693,1856,1145,1037,610,250,332,181,162,163,497,302,319
26-Sep-26,05:30,10908,0,615,563,353,959,615,632,1085,920,1047,1231,853,685,1856,1147,1038,610,250,332,181,162,163,497,302,319
26-Sep-26,05:35,10837,0,615,562,366,959,614,638,1086,923,1036,1231,854,681,1856,1148,1038,610,249,332,181,162,163,497,302,319
26-Sep-26,05:40,10827,0,615,562,365,959,614,638,1086,926,1042,1231,855,680,1856,1150,1039,610,249,332,181,161,163,497,302,319
26-Sep-26,05:45,10849,0,615,562,348,959,614,628,1087,929,1050,1231,857,731,1856,1151,1039,610,248,332,181,161,163,497,302,319
26-Sep-26,05:50,10755,0,615,561,356,959,614,620,1087,932,1048,1231,858,714,1856,1153,1040,610,248,332,181,161,163,497,302,319
26-Sep-26,05:55,10707,0,615,561,342,959,614,604,1088,935,1052,1231,859,727,1856,1154,1040,610,248,332,181,161,163,497,302,319
26-Sep-26,06:00,10709,0,615,560,352,960,614,628,1089,938,1050,1231,861,791,1856,1156,1041,610,247,332,181,161,163,497,302,319
26-Sep-26,06:05,10502,0,615,560,361,960,613,636,1089,942,1045,1231,907,834,1856,1157,1041,610,247,332,181,160,163,497,302,319
26-Sep-26,06:10,10076,1,615,560,346,960,613,636,1090,945,1053,1231,954,811,1856,1159,1042,610,246,332,181,160,163,497,302,319
26-Sep-26,06:15,10019,3,615,559,363,960,613,647,1091,948,1050,1231,1000,872,1856,1160,1058,610,246,332,181,160,163,497,302,319
26-Sep-26,06:20,10000,6,615,559,347,960,613,647,1091,951,1053,1231,1055,957,1856,1162,1027,610,246,332,181,160,163,497,302,319
26-Sep-26,06:25,10022,9,615,558,351,960,613,649,1092,954,1056,1231,1110,995,1856,1163,1035,610,245,332,181,160,163,497,302,319
26-Sep-26,06:30,10054,12,615,558,362,960,612,644,1092,957,1070,1231,1165,1081,1856,1164,1042,610,245,332,181,160,163,497,302,319
26-Sep-26,06:35,10005,16,615,558,349,960,612,652,1093,960,1050,1231,1146,1165,1856,1166,1050,610,245,332,181,159,163,497,302,319
26-Sep-26,06:40,10094,18,615,557,353,960,612,649,1094,963,1048,1231,1128,1184,1856,1167,1058,610,245,332,181,159,163,497,302,319
26-Sep-26,06:45,10018,20,615,557,357,960,612,640,1094,966,1060,1231,1109,1188,1856,1169,1057,610,245,332,181,159,163,497,302,319
26-Sep-26,06:50,10082,24,615,556,347,960,612,644,1097,970,1059,1231,1091,1179,1856,1170,1056,610,245,332,181,159,163,497,302,319
26-Sep-26,06:55,10087,29,615,556,358,960,612,646,1100,973,1038,1231,1072,1205,1856,1172,1055,610,245,332,181,159,163,497,302,319
26-Sep-26,07:00,10086,33,615,556,363,960,611,649,1104,976,1039,1231,1054,1213,1856,1173,1054,610,245,332,181,158,163,497,302,319
26-Sep-26,07:05,9955,40,615,555,349,960,611,638,1107,979,1039,1231,1003,1196,1856,1175,1054,610,245,332,181,158,163,498,302,319
26-Sep-26,07:10,9959,49,615,555,358,960,611,634,1110,982,1053,1231,952,1090,1856,1176,1053,610,245,332,181,158,163,498,302,319
26-Sep-26,07:15,9959,57,615,554,351,960,611,638,1113,985,1049,1231,901,1053,1856,1178,1052,610,245,332,181,158,163,498,302,319
26-Sep-26,07:20,9950,55,615,554,352,960,611,646,1116,988,1052,1231,845,976,1856,1179,1051,610,245,332,181,158,163,498,302,319
26-Sep-26,07:25,9958,59,615,554,360,960,610,647,1120,991,1058,1231,789,879,1856,1181,1050,610,245,332,181,158,163,498,302,319
26-Sep-26,07:30,10035,64,615,553,347,960,610,642,1123,995,1050,1231,733,787,1856,1182,1043,610,245,332,181,157,163,498,302,319
26-Sep-26,07:35,10075,65,615,553,351,960,610,638,1126,998,1056,1231,734,791,1856,1183,1027,610,245,332,181,157,163,498,302,319
26-Sep-26,07:40,10080,69,615,552,352,960,610,639,1129,1001,1064,1231,736,726,1856,1185,1058,610,245,332,181,157,163,498,302,319
26-Sep-26,07:45,10216,72,615,552,352,960,610,641,1132,1004,1058,1231,737,690,1856,1186,1066,610,245,332,181,157,163,498,302,319
26-Sep-26,07:50,10146,89,615,552,355,960,610,648,1135,1007,1033,1231,738,681,1856,1188,1058,610,245,332,181,157,163,498,302,319
26-Sep-26,07:55,10174,102,615,551,346,960,609,631,1139,1009,1035,1231,740,680,1856,1189,1055,610,245,332,181,156,163,498,302,319
26-Sep-26,08:00,10114,116,615,551,345,961,609,631,1142,1012,1041,1231,741,682,1856,1191,1052,610,245,332,181,156,163,498,302,319
26-Sep-26,08:05,10067,127,615,550,348,961,609,633,1162,1014,1040,1231,743,682,1856,1192,1049,610,245,332,181,156,163,498,302,319
26-Sep-26,08:10,10242,117,615,550,349,961,609,628,1181,1017,1042,1231,744,697,1856,1194,1046,610,245,332,181,156,163,498,302,319
26-Sep-26,08:15,10357,134,615,550,354,961,609,648,1200,1019,1038,1231,745,697,1856,1195,1043,610,245,332,181,156,163,498,302,319
26-Sep-26,08:20,10388,136,615,549,353,961,608,643,1224,1022,1052,1231,747,698,1856,1197,1043,610,245,332,181,156,163,498,302,319
26-Sep-26,08:25,10405,143,615,549,353,961,608,643,1248,1024,1052,1231,748,698,1856,1198,1042,610,245,332,181,155,163,498,302,319
26-Sep-26,08:30,10605,136,615,548,350,961,608,645,1271,1027,1051,1231,749,730,1856,1200,1042,610,245,332,181,155,163,498,302,319
26-Sep-26,08:35,10670,149,615,548,360,961,608,643,1275,1029,1042,1231,751,681,1856,1201,1041,610,245,332,181,155,163,498,302,319
26-Sep-26,08:40,10715,157,615,548,347,961,608,641,1279,1032,1036,1231,752,681,1856,1202,1041,610,245,332,181,155,163,498,302,319
26-Sep-26,08:45,10899,170,615,547,348,961,608,612,1283,1034,1034,1231,753,684,1856,1204,1040,610,245,332,181,155,163,498,302,319
26-Sep-26,08:50,10971,178,615,547,350,961,607,628,1287,1037,1038,1231,755,681,1856,1205,1040,610,245,332,181,154,163,498,302,319
26-Sep-26,08:55,11082,169,615,546,344,961,607,622,1291,1039,1044,1231,756,681,1856,1207,1039,610,245,332,181,154,163,498,302,319
26-Sep-26,09:00,11239,178,615,546,348,961,607,612,1295,1042,1041,1231,757,683,1856,1208,1039,610,245,332,181,154,163,498,302,319
26-Sep-26,09:05,11264,186,615,546,352,961,607,613,1299,1044,1045,1231,759,678,1856,1210,1038,610,245,332,181,154,163,498,302,319
26-Sep-26,09:10,11600,177,615,545,341,961,607,627,1303,1047,1038,1231,760,679,1856,1211,1038,610,245,332,181,154,163,498,302,319
26-Sep-26,09:15,11817,181,615,545,351,961,606,624,1307,1049,1045,1231,762,681,1856,1213,1037,610,245,332,181,154,163,498,302,319
26-Sep-26,09:20,11999,194,615,544,350,961,606,624,1311,1052,1046,1231,763,680,1856,1214,1037,610,245,332,181,155,163,498,302,319
26-Sep-26,09:25,12008,189,615,544,345,961,606,621,1315,1054,1042,1231,764,681,1856,1216,1036,610,245,332,181,155,163,498,302,319
26-Sep-26,09:30,11996,198,615,544,348,961,606,633,1319,1057,1035,1231,766,681,1856,1217,1036,610,245,332,181,155,163,498,302,319
26-Sep-26,09:35,12158,182,615,543,348,961,606,631,1323,1059,1031,1231,767,679,1856,1219,1035,610,245,332,181,155,163,498,302,319
26-Sep-26,09:40,12175,181,615,543,346,961,606,630,1327,1062,1032,1231,768,679,1856,1220,1035,610,245,332,181,155,163,498,302,319
26-Sep-26,09:45,12268,188,615,542,349,961,605,631,1331,1064,1040,1231,770,678,1856,1221,1034,610,245,332,181,156,163,498,302,319
26-Sep-26,09:50,12188,181,615,542,343,961,605,635,1335,1067,1043,1231,771,677,1856,1223,1034,610,245,332,181,156,163,498,302,319
26-Sep-26,09:55,12224,238,615,542,346,962,605,638,1339,1069,1054,1231,772,715,1856,1224,1032,610,245,332,181,156,163,498,302,319
26-Sep-26,10:00,12313,265,615,541,353,962,605,641,1343,1072,1043,1231,774,732,1856,1226,1031,610,245,332,181,156,163,498,302,319
26-Sep-26,10:05,12303,258,615,541,350,962,605,638,1347,1074,1061,1231,775,703,1856,1227,1023,610,245,332,181,156,163,498,302,319
27-Sep-26,11:25,11940,1278,615,540,352,962,604,651,1350,1077,1051,1231,776,698,1856,1229,1042,610,0,0,181,156,163,498,0,0
27-Sep-26,11:30,12016,1254,615,540,352,962,604,656,1352,1079,1051,1231,778,701,1856,1230,1050,610,0,0,181,157,163,498,0,0
27-Sep-26,11:35,12006,1187,615,540,355,962,604,655,1355,1082,1044,1231,779,712,1856,1232,1058,610,0,0,181,157,163,498,0,0
27-Sep-26,11:40,12109,1240,615,539,361,962,604,645,1357,1084,1050,1231,781,688,1856,1233,1065,610,0,0,181,157,163,498,0,0
27-Sep-26,12:10,11972,1207,615,539,358,962,604,637,1360,1087,1048,1231,782,728,1856,1235,1059,610,0,0,181,157,163,498,0,0
27-Sep-26,12:15,11944,1225,615,538,370,962,604,639,1363,1089,1049,1231,783,737,1856,1236,1054,610,0,0,181,157,163,498,0,0
27-Sep-26,12:20,11987,1215,615,538,370,962,603,641,1365,1092,1057,1231,785,738,1856,1238,1048,610,0,0,181,158,163,498,0,0
27-Sep-26,12:25,12036,1205,615,538,362,962,603,644,1368,1094,1052,1231,786,734,1856,1239,1042,610,0,0,181,158,163,498,0,0
27-Sep-26,12:30,12083,1217,615,537,366,962,603,654,1370,1097,1045,1231,787,735,1856,1241,1050,610,0,0,181,158,163,498,0,0
27-Sep-26,12:35,12112,1250,615,537,371,962,603,648,1391,1099,1045,1231,789,740,1856,1242,1073,610,0,0,181,158,163,498,0,0
27-Sep-26,12:40,12144,1296,615,536,383,962,603,650,1412,1102,1047,1231,790,762,1856,1243,1067,610,0,0,181,158,163,498,0,0
27-Sep-26,12:45,12201,1175,615,536,372,962,602,657,1432,1104,1090,1231,791,774,1856,1245,1062,610,0,0,181,158,163,498,0,0
27-Sep-26,12:50,12151,1232,615,536,375,962,602,658,1440,1130,1104,1231,793,774,1856,1246,1056,610,0,0,181,159,163,498,0,0
27-Sep-26,12:55,12116,1220,615,535,361,962,602,646,1448,1156,1124,1231,794,725,1856,1248,1050,610,0,0,181,159,163,498,0,0
27-Sep-26,13:00,12138,1276,615,535,356,962,602,640,1457,1181,1170,1231,795,690,1856,1249,1050,610,0,0,180,159,163,498,0,0
27-Sep-26,13:05,11991,1253,615,534,365,962,602,645,1454,1170,1228,1231,797,718,1856,1251,1047,610,0,0,180,159,163,498,0,0
27-Sep-26,13:10,11866,1266,615,534,362,962,602,656,1451,1160,1248,1231,798,738,1856,1252,1044,610,0,0,180,159,163,498,0,0
27-Sep-26,13:15,11859,1272,615,534,361,962,601,651,1448,1149,1262,1231,800,733,1856,1254,1040,610,0,0,180,160,163,498,0,0
27-Sep-26,13:20,11769,1274,615,533,362,962,601,634,1445,1139,1265,1231,801,749,1856,1255,1037,610,0,0,180,160,163,498,0,0
27-Sep-26,13:25,11887,1236,615,533,358,962,601,631,1442,1128,1232,1231,802,699,1856,1257,1036,610,0,0,180,160,163,499,0,0
27-Sep-26,13:30,11827,1284,615,532,355,962,601,631,1439,1118,1227,1231,804,693,1856,1258,1036,610,0,0,180,160,163,499,0,0
27-Sep-26,13:35,11940,1250,615,532,358,963,601,634,1436,1090,1146,1231,805,682,1856,1260,1035,610,0,0,180,160,163,499,0,0
27-Sep-26,13:40,11891,1220,615,532,347,963,600,625,1433,1062,1056,1231,806,673,1856,1261,1034,610,0,0,180,160,163,499,0,0
27-Sep-26,13:45,11929,1234,615,531,341,963,600,623,1430,1035,1056,1231,808,679,1856,1262,1033,610,0,0,180,161,163,499,0,0
27-Sep-26,13:50,11984,1181,615,531,347,963,600,621,1421,1043,1048,1231,809,699,1856,1264,1033,610,0,0,180,161,163,499,0,0
27-Sep-26,13:55,12010,1173,615,530,347,963,600,626,1412,1050,1032,1231,810,693,1856,1265,1032,610,0,0,180,161,163,499,0,0
27-Sep-26,14:00,12219,1195,615,530,345,963,600,628,1404,1058,1032,1231,812,687,1856,1267,1031,610,0,0,180,161,163,499,0,0
27-Sep-26,14:05,12226,1196,615,530,347,963,600,625,1394,1066,1027,1231,813,681,1856,1268,1030,610,0,0,180,161,163,499,0,0
27-Sep-26,14:10,12106,1288,615,529,335,963,599,624,1384,1073,1014,1231,814,675,1856,1270,1030,610,0,0,180,162,163,499,0,0
27-Sep-26,14:15,12037,1208,615,529,351,963,599,621,1374,1081,1027,1231,816,674,1856,1271,1029,610,0,0,180,162,163,499,0,0
27-Sep-26,14:20,12140,1195,615,528,348,963,599,622,1364,1088,1019,1231,817,681,1856,1273,1028,610,0,0,180,162,163,499,0,0
27-Sep-26,14:25,12185,1166,615,528,342,963,599,624,1354,1096,1020,1231,819,684,1856,1274,1027,610,0,0,180,162,163,499,0,0
27-Sep-26,14:30,12163,1167,615,528,345,963,599,626,1344,1104,1014,1231,820,710,1856,1276,1027,610,0,0,180,162,163,499,0,0
27-Sep-26,14:35,12176,1101,615,527,350,963,598,627,1334,1111,1042,1231,821,723,1856,1277,1026,610,0,0,180,162,163,499,0,0
27-Sep-26,14:40,12085,1074,615,527,357,963,598,645,1324,1119,1035,1231,823,698,1856,1279,1026,610,0,0,180,163,163,499,0,0
27-Sep-26,14:45,12186,1051,615,526,366,963,598,642,1314,1126,1041,1231,824,739,1856,1280,1065,610,0,0,180,163,163,499,0,0
27-Sep-26,14:50,12281,979,615,526,366,963,598,640,1304,1134,1039,1231,825,749,1856,1281,1073,0,0,0,180,163,163,499,0,0
27-Sep-26,14:55,12361,920,615,526,363,963,598,639,1294,1142,1063,1231,827,769,1856,1283,1080,610,0,0,180,163,163,499,0,0
27-Sep-26,15:00,12231,857,615,525,370,963,598,640,1284,1149,1138,1231,828,737,1856,1284,1088,610,0,0,180,163,163,499,0,0
27-Sep-26,15:05,12163,918,615,525,368,963,597,643,1274,1176,1162,1231,829,737,1856,1286,1096,610,0,0,180,164,163,499,0,0
27-Sep-26,15:10,12088,864,615,524,361,963,597,649,1264,1203,1190,1231,831,718,1856,1287,1057,610,0,0,180,164,163,499,0,0
27-Sep-26,15:15,12032,819,615,524,363,963,597,649,1255,1230,1237,1231,832,733,1856,1289,1065,610,0,0,180,164,163,499,0,0
27-Sep-26,15:20,12076,783,615,524,371,963,597,643,1245,1271,1294,1231,833,745,1856,1290,1050,610,0,0,180,164,163,499,0,0
27-Sep-26,15:25,12065,784,615,523,357,963,597,643,1235,1312,1337,1231,835,716,1856,1292,1035,610,0,0,180,164,163,499,0,0
27-Sep-26,15:30,12161,764,615,523,367,964,596,646,1225,1354,1350,1231,836,723,1856,1293,1072,610,0,0,180,164,163,499,0,0
27-Sep-26,15:35,12229,740,615,522,368,964,596,643,1215,1331,1400,1231,838,735,1856,1295,1108,610,0,0,180,165,163,499,0,0
27-Sep-26,15:40,12196,751,615,522,369,964,596,647,1205,1308,1402,1231,839,737,1856,1296,1144,610,0,0,180,165,163,499,0,0
27-Sep-26,15:45,12256,702,615,522,367,964,596,645,1195,1285,1408,1231,840,738,1856,1298,1181,610,0,0,180,165,163,499,0,0
27-Sep-26,15:50,12252,677,615,521,369,964,596,646,1185,1262,1416,1231,842,732,1856,1313,1204,610,0,0,180,165,163,499,0,0
27-Sep-26,15:55,12329,674,615,521,372,964,596,643,1175,1240,1420,1231,843,709,1856,1328,1312,610,0,0,180,165,163,499,0,0
27-Sep-26,16:00,12334,652,615,520,374,964,595,645,1165,1217,1416,1231,844,724,1856,1343,1367,610,0,0,180,166,163,499,0,0
27-Sep-26,16:05,12340,660,615,520,371,964,595,646,1155,1194,1407,1231,846,720,1856,1358,1358,610,0,0,180,166,163,499,0,0
27-Sep-26,16:10,12167,613,615,520,367,964,595,640,1145,1171,1381,1231,847,685,1856,1374,1328,610,0,0,180,166,163,499,0,0
27-Sep-26,16:15,12157,559,615,519,359,964,595,640,1135,1148,1353,1231,848,733,1856,1389,1250,610,0,0,180,166,163,499,0,0
27-Sep-26,16:20,12167,538,615,519,367,964,595,639,1144,1156,1319,1231,850,739,1856,1404,1273,610,0,0,180,166,163,499,0,0
27-Sep-26,16:25,12134,498,615,518,348,964,594,641,1152,1164,1288,1231,851,724,1856,1419,1366,610,0,0,180,166,163,499,0,0
27-Sep-26,16:30,12279,456,615,518,366,964,594,644,1161,1172,1264,1231,852,728,1856,1434,1405,610,0,0,180,167,163,499,0,0
27-Sep-26,16:35,12296,456,615,518,364,964,594,641,1169,1180,1267,1231,854,716,1856,1463,1405,610,0,0,180,167,163,499,0,0
27-Sep-26,16:40,12406,423,615,517,357,964,594,637,1178,1188,1249,1231,855,703,1856,1493,1475,610,0,0,180,167,163,499,0,0
27-Sep-26,16:45,12448,384,615,517,364,964,594,641,1186,1196,1245,1231,857,736,1856,1522,1498,610,0,0,180,167,163,499,0,0
27-Sep-26,16:50,12612,359,615,516,371,964,594,642,1195,1204,1260,1231,858,732,1856,1552,1467,0,0,0,180,167,163,499,0,0
27-Sep-26,16:55,12567,319,615,516,367,964,593,643,1203,1212,1271,1231,859,725,1856,1581,1474,610,0,0,180,168,163,499,0,0
27-Sep-26,17:00,12631,287,615,516,369,964,593,646,1212,1220,1267,1231,861,794,1856,1610,1482,610,0,0,180,168,163,499,0,0
27-Sep-26,17:05,12706,232,615,515,353,964,593,645,1220,1228,1260,1231,907,826,1856,1640,1497,610,0,0,180,168,163,499,0,0
27-Sep-26,17:10,12804,219,615,515,339,964,593,629,1229,1236,1222,1231,954,910,1856,1669,1528,610,0,0,180,168,163,499,0,0
27-Sep-26,17:15,12975,180,615,514,336,964,593,629,1238,1243,1213,1231,1000,935,1856,1699,1428,610,0,0,180,168,163,499,0,0
27-Sep-26,17:20,13001,166,615,514,401,964,592,634,1246,1251,1209,1231,1040,1027,1856,1738,1451,610,0,0,180,168,163,499,0,0
27-Sep-26,17:25,13106,131,615,514,423,964,592,655,1255,1259,1269,1231,1080,1081,1856,1778,1644,610,0,0,180,169,163,499,0,0
27-Sep-26,17:30,13265,112,615,513,429,965,592,655,1263,1267,1273,1231,1120,1105,1856,1817,1713,610,0,0,180,169,163,499,0,0
27-Sep-26,17:35,13310,98,615,513,457,965,592,641,1272,1275,1275,1231,1124,1134,1856,1783,1837,610,0,0,180,169,163,499,0,0
27-Sep-26,17:40,13500,61,615,512,454,965,592,628,1280,1283,1238,1231,1129,1161,1856,1749,1853,610,0,0,180,169,163,499,0,0
27-Sep-26,17:45,13730,42,615,512,452,965,592,631,1289,1291,1249,1231,1133,1188,1856,1715,1860,610,0,0,180,169,163,499,0,0
27-Sep-26,17:50,13826,35,615,512,444,965,591,643,1297,1299,1259,1231,1137,1197,1856,1680,1868,610,0,0,180,170,163,499,0,0
27-Sep-26,17:55,14060,20,615,511,470,965,591,642,1306,1307,1261,1231,1141,1187,1856,1646,1899,610,0,0,180,170,163,499,0,0
27-Sep-26,18:00,14328,0,615,511,470,965,591,642,1314,1315,1256,1231,1146,1195,1856,1612,1868,610,0,0,180,170,163,500,0,0
27-Sep-26,18:05,14559,0,615,510,447,965,591,643,1322,1323,1303,1231,1148,1195,1856,1578,1760,610,0,0,180,170,163,500,0,0
27-Sep-26,18:10,14997,0,615,510,458,965,591,636,1329,1330,1359,1231,1150,1196,1856,1650,1636,610,0,0,180,170,163,500,0,0
27-Sep-26,18:15,15421,0,615,510,488,965,590,640,1337,1338,1389,1231,1152,1202,1856,1650,1659,610,0,0,180,170,163,500,0,0
27-Sep-26,18:20,15812,0,615,509,512,965,590,638,1345,1345,1415,1231,1154,1202,1856,1702,1705,610,0,0,180,171,163,500,0,0
27-Sep-26,18:25,15932,0,615,509,555,965,590,646,1353,1353,1457,1231,1156,1211,1856,1753,1829,610,0,0,180,171,163,500,0,0
27-Sep-26,18:30,16374,0,615,508,582,965,590,651,1355,1355,1499,1231,1158,1220,1856,1804,1829,610,0,0,180,171,163,500,0,0
27-Sep-26,18:35,16631,0,615,508,580,965,590,651,1357,1357,1470,1231,1160,1219,1856,1803,1883,610,0,0,180,171,163,500,0,0
27-Sep-26,18:40,16904,0,615,508,627,965,590,657,1359,1359,1586,1231,1161,1217,1856,1802,1898,610,0,0,180,171,163,500,0,0
27-Sep-26,18:45,17110,0,615,507,634,965,589,652,1361,1361,1604,1231,1163,1220,1856,1801,1875,610,0,0,180,172,163,500,0,0
27-Sep-26,18:50,17121,0,615,506,631,965,589,649,1361,1361,1582,1231,1165,1219,1856,1800,1875,610,0,0,180,172,163,500,0,0
27-Sep-26,18:55,17384,0,615,506,631,965,589,660,1362,1362,1530,1231,1166,1217,1856,1799,1890,610,0,0,180,172,163,500,0,0
27-Sep-26,19:00,17471,0,615,505,625,965,589,651,1362,1362,1558,1231,1168,1214,1856,1798,1890,610,0,0,180,172,163,500,0,0
27-Sep-26,19:05,17616,0,615,504,593,965,589,637,1362,1362,1572,1231,1170,1218,1856,1797,1888,610,0,0,180,172,163,500,0,0
27-Sep-26,19:10,17543,0,615,480,563,965,588,631,1363,1363,1552,1231,1172,1224,1856,1796,1885,610,0,0,180,172,163,500,0,0
27-Sep-26,19:15,17504,0,615,456,518,965,588,640,1363,1363,1513,1231,1173,1197,1856,1795,1882,610,0,0,180,173,163,500,0,0
27-Sep-26,19:20,17524,0,615,450,467,965,588,633,1364,1364,1525,1231,1175,1217,1856,1794,1880,610,0,0,180,173,163,500,0,0
27-Sep-26,19:25,17462,0,615,444,442,966,588,632,1364,1364,1539,1231,1177,1219,1856,1793,1878,610,0,0,180,173,163,500,0,0
27-Sep-26,19:30,17439,0,615,438,438,966,588,629,1364,1364,1544,1231,1178,1201,1856,1792,1875,610,0,0,180,173,163,500,0,0
27-Sep-26,19:35,17461,0,615,441,427,966,588,639,1365,1365,1527,1231,1181,1138,1856,1791,1867,610,0,0,180,173,163,500,0,0
27-Sep-26,19:40,17419,0,615,444,435,966,587,630,1365,1365,1477,1231,1184,1154,1856,1790,1844,610,0,0,180,174,163,500,0,0
27-Sep-26,19:45,17450,0,615,447,411,966,587,627,1366,1366,1497,1231,1187,1156,1856,1789,1836,610,0,0,180,174,163,500,0,0
27-Sep-26,19:50,17417,0,615,450,419,966,587,629,1366,1366,1524,1231,1191,1189,1856,1788,1844,610,0,0,180,174,163,500,0,0
27-Sep-26,19:55,17348,0,615,454,408,966,587,626,1366,1366,1489,1231,1194,1195,1856,1787,1845,610,0,0,180,174,163,500,0,0
27-Sep-26,20:00,17334,0,615,457,406,966,587,633,1367,1367,1487,1231,1197,1149,1856,1786,1846,610,0,0,180,174,163,500,0,0
27-Sep-26,20:05,17252,0,615,460,400,966,586,650,1367,1367,1477,1231,1198,1134,1856,1785,1847,610,0,0,180,174,163,500,0,0
27-Sep-26,20:10,17214,0,615,463,411,966,586,702,1368,1368,1461,1231,1200,1183,1856,1784,1848,610,0,0,180,175,163,500,0,0
27-Sep-26,20:15,17179,0,615,466,405,966,586,718,1368,1368,1435,1231,1201,1208,1856,1783,1848,610,0,0,180,175,163,500,0,0
27-Sep-26,20:20,17129,0,615,469,408,966,586,717,1368,1368,1412,1231,1202,1173,1856,1782,1849,610,0,0,180,175,163,500,0,0
27-Sep-26,20:25,17109,0,615,472,408,966,586,717,1369,1369,1436,1231,1204,1178,1856,1781,1850,610,0,0,180,175,163,500,0,0
27-Sep-26,20:30,17118,0,615,475,410,966,585,731,1369,1369,1433,1231,1205,1186,1856,1780,1851,610,0,0,180,175,163,500,0,0
27-Sep-26,20:35,17110,0,615,478,412,966,585,724,1370,1370,1466,1231,1207,1185,1856,1780,1844,610,0,0,180,176,163,500,0,0
27-Sep-26,20:40,17065,0,615,482,422,966,585,719,1370,1370,1478,1231,1208,1237,1856,1779,1850,610,0,0,180,176,163,500,0,0
27-Sep-26,20:45,17023,0,615,485,459,966,585,744,1371,1371,1499,1231,1209,1226,1856,1778,1856,610,0,0,180,176,163,500,0,0
27-Sep-26,20:50,16973,0,615,488,460,966,584,754,1371,1371,1508,1231,1211,1198,1856,1777,1863,610,0,0,180,176,163,500,0,0
27-Sep-26,20:55,16957,0,615,491,469,966,584,744,1372,1372,1517,1231,1212,1221,1856,1776,1869,610,0,0,180,176,163,500,0,0
27-Sep-26,21:00,16963,0,615,494,465,966,584,735,1372,1372,1509,1231,1213,1222,1856,1775,1869,610,0,0,180,176,163,500,0,0
27-Sep-26,21:05,16962,0,615,497,456,966,584,731,1372,1372,1520,1231,1215,1204,1856,1774,1868,610,0,0,180,177,163,500,0,0
27-Sep-26,21:10,16881,0,615,500,436,966,583,739,1373,1373,1509,1231,1216,1170,1856,1773,1868,610,0,0,180,177,163,500,0,0
27-Sep-26,21:15,16813,0,615,503,447,966,583,725,1373,1373,1516,1231,1217,1212,1856,1772,1867,610,0,0,180,177,163,500,0,0
27-Sep-26,21:20,16819,0,615,506,439,966,583,724,1374,1374,1503,1231,1219,1219,1856,1771,1867,610,0,0,180,177,163,500,0,0
27-Sep-26,21:25,16802,0,615,509,443,967,583,726,1374,1374,1503,1231,1220,1168,1856,1770,1859,610,0,0,180,177,163,500,0,0
27-Sep-26,21:30,16735,0,615,513,444,967,582,725,1374,1374,1513,1231,1221,1196,1856,1769,1867,610,0,0,180,178,162,500,0,0
27-Sep-26,21:35,16734,0,615,516,440,967,582,722,1375,1375,1491,1231,1223,1166,1856,1768,1852,610,0,0,180,178,162,500,0,0
27-Sep-26,21:40,16678,0,615,519,431,967,582,717,1375,1375,1481,1231,1224,1183,1856,1767,1844,610,0,0,180,178,162,500,0,0
27-Sep-26,21:45,16649,0,615,522,448,967,582,718,1376,1376,1480,1231,1226,1163,1856,1766,1845,610,0,0,180,178,162,500,0,0
27-Sep-26,21:50,16668,0,615,545,479,967,581,721,1376,1376,1466,1231,1227,1190,1856,1765,1847,610,0,0,180,178,162,500,0,0
27-Sep-26,21:55,16555,0,615,568,520,967,581,722,1376,1376,1471,1231,1228,1170,1856,1764,1848,610,0,0,180,178,162,500,0,0
27-Sep-26,22:00,16530,0,615,592,542,967,581,717,1377,1377,1473,1231,1230,1184,1856,1763,1849,610,0,0,180,179,161,500,0,0
27-Sep-26,22:05,16340,0,615,590,564,967,580,717,1377,1377,1463,1231,1229,1198,1856,1762,1851,610,0,0,180,179,161,500,0,0
27-Sep-26,22:10,16331,0,615,589,600,967,580,721,1378,1378,1492,1231,1228,1239,1856,1761,1853,610,0,0,180,179,161,500,0,0
27-Sep-26,22:15,16354,0,615,587,597,967,580,721,1378,1378,1467,1231,1226,1242,1856,1760,1854,610,0,0,180,179,161,500,0,0
27-Sep-26,22:20,16270,0,615,585,602,967,580,734,1378,1378,1487,1231,1225,1235,1856,1759,1856,610,0,0,180,179,161,500,0,0
27-Sep-26,22:25,16253,0,615,584,600,967,579,726,1379,1379,1486,1231,1224,1231,1856,1758,1857,610,0,0,180,180,160,500,0,0
27-Sep-26,22:30,16254,0,615,582,620,967,579,727,1379,1379,1484,1231,1223,1241,1856,1757,1859,610,0,0,180,180,160,500,0,0
27-Sep-26,22:35,16128,0,615,580,616,967,579,715,1380,1380,1493,1231,1222,1238,1856,1719,1829,610,0,0,180,180,160,500,0,0
27-Sep-26,22:40,16021,0,615,579,623,967,578,718,1380,1380,1517,1231,1220,1230,1856,1682,1777,610,0,0,180,180,160,501,0,0
27-Sep-26,22:45,16087,0,615,577,622,967,578,715,1380,1380,1486,1231,1219,1228,1856,1644,1724,610,0,0,180,180,160,501,0,0
27-Sep-26,22:50,16119,0,615,575,621,967,578,712,1381,1381,1505,1231,1218,1231,1856,1660,1672,610,0,0,180,180,160,501,0,0
27-Sep-26,22:55,15903,0,615,574,623,967,578,715,1381,1381,1494,1231,1217,1219,1856,1676,1620,610,0,0,180,181,159,501,0,0
27-Sep-26,23:00,15967,0,615,572,620,967,577,714,1382,1382,1466,1231,1216,1220,1856,1692,1605,610,0,0,180,181,159,501,0,0
27-Sep-26,23:05,15933,0,615,570,618,967,577,735,1382,1382,1442,1231,1215,1208,1856,1708,1589,610,0,0,180,181,159,501,0,0
27-Sep-26,23:10,15740,0,615,569,626,967,577,721,1382,1382,1481,1231,1213,1192,1856,1724,1605,610,0,0,180,181,159,501,0,0
27-Sep-26,23:15,15748,0,615,567,615,968,577,708,1383,1383,1459,1231,1212,1189,1856,1740,1651,610,0,0,180,181,159,501,0,0
27-Sep-26,23:20,15739,0,615,565,619,968,576,714,1383,1383,1457,1231,1211,1165,1856,1753,1682,610,0,0,180,182,158,501,0,0
27-Sep-26,23:25,15728,0,615,564,622,968,576,734,1384,1384,1486,1231,1210,1172,1856,1766,1744,610,0,0,180,182,158,501,0,0
27-Sep-26,23:30,15595,0,615,562,618,968,576,710,1384,1384,1493,1231,1209,1214,1856,1779,1759,610,0,0,180,182,158,501,0,0
27-Sep-26,23:35,15673,0,615,560,620,968,576,707,1384,1384,1472,1231,1207,1217,1856,1792,1774,610,0,0,180,182,158,501,0,0
27-Sep-26,23:40,15487,0,615,559,621,968,575,721,1385,1385,1492,1231,1206,1211,1856,1804,1775,610,0,0,180,182,158,501,0,0
27-Sep-26,23:45,15512,0,615,557,617,968,575,726,1385,1385,1489,1231,1205,1206,1856,1817,1767,610,0,0,180,182,158,501,0,0
27-Sep-26,23:50,15460,0,615,555,624,968,575,717,1381,1355,1489,1231,1204,1203,1856,1830,1744,610,0,0,180,183,157,501,0,0
27-Sep-26,23:55,15429,0,615,554,621,968,575,711,1377,1324,1488,1231,1203,1201,1856,1843,1736,610,0,0,180,183,157,501,0,0
28-Sep-26,00:05,15293,0,615,552,623,968,574,723,1373,1294,1488,1231,1201,1201,1856,1805,1790,610,0,0,180,183,157,501,0,0
28-Sep-26,00:10,15225,0,615,550,624,968,574,722,1369,1264,1501,1231,1200,1209,1856,1767,1875,610,0,0,180,183,157,501,0,0
28-Sep-26,00:15,15131,0,615,549,626,968,574,730,1366,1233,1515,1231,1199,1209,1856,1729,1883,610,0,0,180,183,156,501,0,0
28-Sep-26,00:20,15108,0,615,547,628,968,574,727,1362,1203,1507,1231,1198,1207,1856,1692,1876,610,0,0,180,184,156,501,0,0
28-Sep-26,00:25,14968,0,615,545,635,968,573,722,1358,1173,1464,1231,1197,1205,1856,1654,1868,610,0,0,180,184,156,501,0,0
28-Sep-26,00:30,15018,0,615,544,633,968,573,744,1354,1142,1401,1231,1195,1193,1856,1616,1868,610,0,0,180,184,155,501,0,0
28-Sep-26,00:35,14924,0,615,542,639,968,573,703,1350,1070,1346,1231,1194,1196,1856,1537,1789,610,0,0,180,184,154,501,0,0
28-Sep-26,00:40,14847,0,615,540,640,968,573,655,1346,998,1289,1231,1193,1194,1856,1458,1704,610,0,0,180,184,154,501,0,0
28-Sep-26,00:45,14818,0,615,539,646,968,572,648,1342,925,1240,1231,1192,1195,1856,1378,1510,610,0,0,180,184,153,501,0,0
28-Sep-26,00:50,14787,0,615,537,635,968,572,640,1338,929,1230,1231,1191,1199,1856,1289,1464,610,0,0,180,183,159,501,0,0
28-Sep-26,00:55,14719,0,615,535,635,969,572,640,1334,933,1230,1231,1190,1199,1856,1200,1464,610,0,0,180,183,159,501,0,0
28-Sep-26,01:00,14655,0,615,534,638,969,572,649,1331,937,1169,1231,1188,1196,1856,1110,1317,610,0,0,180,183,153,501,0,0
28-Sep-26,01:05,14643,0,615,532,637,969,571,659,1327,941,1203,1231,1187,1195,1856,1137,1156,610,0,0,180,183,152,501,0,0
28-Sep-26,01:10,14518,0,615,530,635,969,571,659,1323,945,1184,1231,1186,1193,1856,1164,1086,610,0,0,180,183,152,501,0,0
28-Sep-26,01:15,14496,0,615,529,637,969,571,639,1319,949,1141,1231,1185,1196,1856,1191,1078,610,0,0,180,182,148,501,0,0
28-Sep-26,01:20,14412,0,615,527,632,969,571,623,1315,1019,1189,1231,1184,1194,1856,1218,1084,610,0,0,180,182,144,501,0,0
28-Sep-26,01:25,14392,0,615,525,632,969,570,623,1311,1088,1189,1231,1182,1194,1856,1245,1090,610,0,0,180,182,144,501,0,0
28-Sep-26,01:30,14342,0,615,524,596,969,570,690,1307,1158,1227,1231,1181,1201,1856,1272,1096,610,0,0,180,182,147,501,0,0
28-Sep-26,01:35,14286,0,615,500,579,969,570,704,1303,1215,1241,1231,1154,1203,1856,1348,1102,610,0,0,180,182,176,501,0,0
28-Sep-26,01:40,14232,0,615,476,553,969,570,708,1299,1272,1308,1231,1128,1190,1856,1425,1287,610,0,0,180,182,201,501,0,0
28-Sep-26,01:45,14160,0,615,453,504,969,569,704,1296,1329,1328,1231,1101,1156,1856,1502,1318,610,0,0,180,181,218,501,0,0
28-Sep-26,01:50,14120,0,615,424,484,969,569,714,1292,1317,1360,1231,1075,1152,1856,1498,1387,610,0,0,180,181,226,501,0,0
28-Sep-26,01:55,14048,0,615,396,444,969,569,729,1288,1304,1387,1231,1048,1177,1856,1494,1432,610,0,0,180,181,238,501,0,0
28-Sep-26,02:00,14049,0,615,368,419,969,569,733,1284,1292,1408,1231,1022,1179,1856,1490,1476,610,0,0,180,181,228,501,0,0
28-Sep-26,02:05,13897,0,615,370,357,970,568,733,1280,1282,1396,1231,995,1161,1856,1486,1520,610,0,0,180,181,227,501,0,0
28-Sep-26,02:10,13964,0,615,372,363,970,568,737,1276,1272,1408,1231,995,1069,1856,1482,1565,610,0,0,180,180,240,501,0,0
28-Sep-26,02:30,13866,0,615,374,347,970,568,643,1272,1262,1430,1231,811,910,1856,1506,1511,610,0,0,180,180,199,501,0,0
28-Sep-26,02:35,13776,0,615,376,353,970,568,649,1268,1252,1429,1231,901,943,1856,1531,1504,610,0,0,180,180,187,501,0,0
28-Sep-26,02:40,13707,0,615,377,354,970,567,636,1264,1241,1429,1231,992,992,1856,1556,1488,610,0,0,180,180,175,501,0,0
28-Sep-26,02:45,13678,0,615,379,347,970,567,635,1259,1231,1427,1231,1082,998,1856,1580,1488,610,0,0,180,180,163,501,0,0
28-Sep-26,02:50,13729,0,615,381,356,970,567,631,1255,1221,1422,1231,1106,1059,1856,1604,1504,610,0,0,180,180,151,501,0,0
28-Sep-26,02:55,13656,0,615,383,346,970,566,618,1251,1211,1410,1231,1131,1089,1856,1629,1489,610,0,0,180,179,157,501,0,0
28-Sep-26,03:00,13655,0,615,385,356,970,566,670,1247,1201,1377,1231,1137,1087,1856,1654,1489,610,0,0,180,179,167,501,0,0
28-Sep-26,03:05,13524,0,615,387,352,970,566,691,1243,1191,1382,1231,1143,1097,1856,1690,1519,610,0,0,180,179,190,501,0,0
28-Sep-26,03:10,13464,0,615,389,351,970,566,727,1239,1181,1385,1231,1149,1113,1856,1727,1612,610,0,0,180,179,199,501,0,0
28-Sep-26,03:15,13441,0,615,391,352,970,565,729,1235,1170,1394,1231,1146,1120,1856,1764,1743,610,0,0,180,179,202,501,0,0
28-Sep-26,03:20,13460,0,615,392,346,970,565,731,1231,1160,1391,1231,1143,1137,1856,1748,1781,610,0,0,180,178,201,501,0,0
28-Sep-26,03:25,13399,0,615,394,358,971,565,730,1227,1150,1372,1231,1141,1138,1856,1732,1804,610,0,0,180,178,206,501,0,0
28-Sep-26,03:30,13417,0,615,396,349,971,565,710,1223,1140,1331,1231,1138,1152,1856,1716,1773,610,0,0,180,178,206,501,0,0
28-Sep-26,03:35,13418,0,615,398,350,971,564,631,1219,1121,1274,1231,1135,1155,1856,1642,1703,610,0,0,180,178,191,502,0,0
28-Sep-26,03:40,13461,0,615,400,350,971,563,636,1214,1102,1260,1231,1132,1157,1856,1569,1672,610,0,0,180,178,176,502,0,0
28-Sep-26,03:45,13358,0,615,402,351,971,562,632,1210,1083,1259,1231,1129,1157,1856,1496,1642,610,0,0,180,178,160,502,0,0
28-Sep-26,03:50,13351,0,615,404,352,971,562,633,1206,1064,1241,1231,1126,1155,1856,1428,1549,610,0,0,180,177,145,502,0,0
28-Sep-26,03:55,13345,0,615,406,352,971,561,633,1202,1045,1214,1231,1124,1164,1856,1359,1479,610,0,0,180,177,154,502,0,0
28-Sep-26,04:00,13363,0,615,408,353,971,561,631,1198,1026,1212,1231,1121,1170,1856,1290,1425,610,0,0,180,177,154,502,0,0
28-Sep-26,04:05,13353,0,615,409,348,972,560,628,1194,1062,1184,1231,1118,1150,1856,1320,1286,610,0,0,180,177,152,502,0,0
28-Sep-26,04:10,13318,0,615,411,352,972,560,628,1190,1099,1155,1231,1115,1150,1856,1350,1248,610,0,0,180,177,152,502,0,0
28-Sep-26,04:15,13299,0,615,413,345,972,560,638,1186,1135,1137,1231,1112,1145,1856,1380,1209,610,0,0,180,176,154,502,0,0
28-Sep-26,04:20,13335,0,615,415,357,972,559,634,1182,1171,1239,1231,1109,1143,1856,1410,1186,610,0,0,180,176,156,502,0,0
28-Sep-26,04:25,13311,0,615,417,347,972,559,631,1178,1207,1195,1231,1107,1145,1856,1440,1171,610,0,0,180,176,157,502,0,0
28-Sep-26,04:30,13383,0,615,419,353,972,558,637,1174,1244,1193,1231,1104,1149,1856,1470,1163,610,0,0,180,176,159,502,0,0
28-Sep-26,04:35,13342,0,615,421,347,973,558,627,1170,1230,1149,1231,1101,1160,1856,1547,1310,610,0,0,180,176,161,502,0,0
28-Sep-26,04:40,13341,0,615,423,352,973,558,624,1165,1216,1174,1231,1098,1148,1856,1624,1426,610,0,0,180,176,162,502,0,0
28-Sep-26,04:45,13415,0,615,424,351,973,557,630,1161,1202,1195,1231,1095,1156,1856,1701,1495,610,0,0,180,175,164,502,0,0
28-Sep-26,04:50,13480,0,615,426,348,973,556,685,1157,1187,1236,1231,1092,1151,1856,1740,1612,610,0,0,180,175,166,502,0,0
28-Sep-26,04:55,13497,0,615,428,347,973,556,728,1153,1173,1284,1231,1090,1144,1856,1778,1736,610,0,0,180,175,195,502,0,0
28-Sep-26,05:00,13613,0,615,430,389,974,556,742,1149,1159,1288,1231,1087,1146,1856,1817,1806,610,0,0,180,175,215,502,0,0
28-Sep-26,05:05,13645,0,615,454,415,974,555,736,1123,1130,1275,1231,1084,1147,1856,1808,1837,610,0,0,180,175,222,502,0,0
28-Sep-26,05:10,13579,0,615,478,435,974,555,757,1097,1102,1261,1231,1081,1142,1856,1800,1868,610,0,0,180,174,234,502,0,0
28-Sep-26,05:15,13598,0,615,501,489,974,554,753,1071,1074,1268,1231,1078,1152,1856,1791,1875,610,0,0,180,174,253,502,0,0
28-Sep-26,05:20,13730,0,615,530,512,974,554,759,1073,1071,1273,1231,1075,1146,1856,1783,1883,610,0,0,180,174,257,502,0,0
28-Sep-26,05:25,13622,0,615,558,556,974,554,750,1074,1069,1244,1231,1073,1152,1856,1774,1891,610,0,0,180,174,266,502,0,0
28-Sep-26,05:30,13490,0,615,586,595,975,553,745,1076,1066,1214,1231,1070,1145,1856,1766,1867,610,0,0,180,174,266,502,0,0
28-Sep-26,05:35,13522,0,615,584,620,975,553,750,1077,1063,1206,1231,1067,1146,1856,1757,1867,610,0,0,180,173,276,502,0,0
28-Sep-26,05:40,13171,0,615,581,635,975,552,759,1079,1061,1184,1231,1064,1137,1856,1749,1871,610,0,0,180,173,279,502,0,0
28-Sep-26,05:45,13085,0,615,579,639,975,552,756,1081,1058,1182,1231,1061,1129,1856,1740,1875,610,0,0,180,173,278,502,0,0
28-Sep-26,05:50,12970,0,615,577,638,975,552,746,1082,1055,1190,1231,1058,1120,1856,1732,1878,610,0,0,180,173,276,502,0,0
28-Sep-26,05:55,12737,0,615,575,647,976,551,742,1084,1053,1172,1231,1056,1127,1856,1723,1882,610,0,0,180,172,275,502,0,0
28-Sep-26,06:00,12800,2,615,572,645,976,551,746,1085,1050,1186,1231,1053,1128,1856,1715,1886,610,0,0,180,172,274,502,0,0
28-Sep-26,06:05,12633,3,615,570,639,976,550,750,1087,1047,1192,1231,1050,1134,1856,1706,1890,610,0,0,180,172,274,502,0,0
28-Sep-26,06:10,12320,8,615,568,642,976,550,744,1089,1045,1186,1231,1047,1138,1856,1698,1898,610,0,0,180,172,274,502,0,0
28-Sep-26,06:15,12231,18,615,565,647,976,550,740,1090,1042,1193,1231,1044,1133,1856,1689,1890,610,0,0,180,172,273,502,0,0
28-Sep-26,06:20,12140,31,615,563,650,976,549,742,1092,1039,1193,1231,1041,1119,1856,1680,1892,610,0,0,180,171,273,502,0,0
28-Sep-26,06:25,12054,41,615,561,643,977,549,753,1094,1036,1201,1231,1039,1115,1856,1672,1893,610,0,0,180,171,275,502,0,0
28-Sep-26,06:30,12049,59,615,559,645,977,548,754,1095,1034,1193,1231,1036,1120,1856,1663,1894,610,0,0,180,171,275,502,0,0
28-Sep-26,06:35,12301,83,615,556,644,977,548,751,1097,1031,1191,1231,1033,1112,1856,1655,1896,610,0,0,180,171,277,502,0,0
28-Sep-26,06:40,12486,94,615,554,637,977,548,752,1098,1028,1193,1231,1030,1127,1856,1646,1896,610,0,0,180,170,277,502,0,0
28-Sep-26,06:45,12532,121,615,552,633,977,547,762,1100,1026,1194,1231,1027,1142,1856,1638,1893,610,0,0,180,170,276,502,0,0
28-Sep-26,06:50,12478,138,615,549,631,978,547,746,1102,1023,1194,1231,1024,1144,1856,1629,1890,610,0,0,180,170,276,502,0,0
28-Sep-26,06:55,12522,179,615,547,633,978,546,742,1103,1020,1190,1231,1022,1119,1856,1621,1887,610,0,0,180,170,275,502,0,0
28-Sep-26,07:00,12641,210,615,545,624,978,546,735,1105,1018,1187,1231,1019,1103,1856,1612,1884,610,0,0,180,170,274,502,0,0
28-Sep-26,07:05,12770,235,615,543,629,978,546,738,1106,1015,1175,1231,1016,1114,1856,1604,1881,610,0,0,180,169,273,502,0,0
28-Sep-26,07:10,13210,275,615,540,633,978,545,726,1108,1012,1162,1231,1013,1125,1856,1595,1813,610,0,0,180,169,272,502,0,0
28-Sep-26,07:15,13588,320,615,538,631,978,545,726,1110,1010,1154,1231,1010,1121,1856,1587,1745,610,0,0,180,169,272,502,0,0
28-Sep-26,07:20,13618,340,615,536,631,979,544,721,1111,983,1111,1231,1007,1127,1856,1515,1677,610,0,0,180,169,271,502,0,0
28-Sep-26,07:25,13617,398,615,533,628,979,544,716,1113,956,1075,1231,1005,1137,1856,1443,1609,610,0,0,180,168,246,502,0,0
28-Sep-26,07:30,13313,452,615,531,628,979,545,674,1114,929,1036,1231,1002,1151,1856,1371,1541,610,0,0,180,168,246,502,0,0
28-Sep-26,07:35,13228,478,615,529,626,979,547,639,1116,934,1038,1231,999,1153,1856,1284,1456,610,0,0,180,168,199,502,0,0
28-Sep-26,07:40,13207,536,615,527,628,979,548,618,1118,939,1043,1231,996,1162,1856,1196,1294,610,0,0,180,168,192,502,0,0
28-Sep-26,07:45,13262,598,615,524,603,980,549,623,1119,944,1056,1231,993,1159,1856,1108,1239,610,0,0,180,168,179,502,0,0
28-Sep-26,07:50,13198,628,615,500,572,980,550,626,1121,948,1034,1231,990,1162,1856,1108,1063,610,0,0,180,167,158,502,0,0
28-Sep-26,07:55,13097,666,615,476,557,980,552,605,1122,953,1030,1231,988,1162,1856,1109,1047,610,0,0,180,167,151,502,0,0
28-Sep-26,08:00,13006,748,615,453,491,980,553,611,1124,958,1032,1231,985,1175,1856,1109,1024,610,0,0,180,167,149,502,0,0
28-Sep-26,08:05,13078,777,615,424,474,980,554,614,1126,963,1037,1231,982,1166,1856,1110,1009,610,0,0,180,167,150,502,0,0
28-Sep-26,08:10,13141,804,615,396,438,980,556,626,1127,968,1055,1231,979,1178,1856,1110,1024,610,0,0,180,166,157,502,0,0
28-Sep-26,08:15,13069,861,615,368,431,981,557,627,1129,973,1056,1231,976,1183,1856,1110,1016,610,0,0,180,166,151,503,0,0
28-Sep-26,08:20,13058,886,615,360,389,981,558,637,1131,978,1061,1231,973,1175,1856,1111,1047,610,0,0,180,166,155,503,0,0
28-Sep-26,08:25,13095,911,615,353,364,981,560,647,1132,983,1066,1231,971,1163,1856,1111,1062,610,0,0,180,166,155,503,0,0
28-Sep-26,08:30,12958,973,615,351,353,981,561,650,1134,988,1067,1231,968,1164,1856,1112,1047,610,0,0,180,166,154,503,0,0
28-Sep-26,08:35,13027,1025,615,349,358,981,562,650,1135,992,1059,1231,959,1118,1856,1112,1070,610,0,0,180,165,156,503,0,0
28-Sep-26,08:40,13040,1058,615,347,379,982,563,654,1137,997,1061,1231,950,1046,1856,1113,1109,610,0,0,180,165,159,503,0,0
28-Sep-26,08:45,13053,1091,615,347,367,982,565,652,1139,1002,1063,1231,941,1007,1856,1113,1086,610,0,0,180,165,157,503,0,0
28-Sep-26,08:50,13114,1136,615,346,369,982,566,654,1140,1017,1051,1231,933,923,1856,1114,1078,610,0,0,180,165,156,503,0,0
28-Sep-26,08:55,12978,1175,615,346,362,982,567,649,1142,1032,1057,1231,924,940,1856,1114,1062,610,0,0,180,164,155,503,0,0
28-Sep-26,09:00,13094,1195,615,345,362,982,569,652,1143,1048,1058,1231,916,942,1856,1114,1039,610,0,0,180,164,154,503,0,0
28-Sep-26,09:05,13207,1277,615,345,373,982,570,650,1151,1063,1041,1231,889,952,1856,1115,1024,610,0,0,180,164,153,503,0,0
28-Sep-26,09:10,13471,1296,615,344,354,983,571,651,1159,1078,1048,1231,861,924,1856,1115,1034,610,0,0,180,164,160,503,0,0
28-Sep-26,09:15,13577,1328,615,344,357,983,573,655,1167,1093,1055,1231,834,916,1856,1116,1044,610,0,0,180,164,157,503,0,0
28-Sep-26,09:20,13788,1357,615,344,356,983,574,644,1174,1108,1055,1231,806,916,1856,1116,1053,610,0,0,180,163,153,503,0,0
28-Sep-26,09:25,13880,1419,615,343,364,983,575,635,1182,1124,1054,1231,779,934,1856,1116,1063,610,0,0,180,163,152,503,0,0
28-Sep-26,09:30,13927,1449,615,343,364,983,576,641,1190,1139,1053,1231,751,939,1856,1117,1078,610,0,0,180,163,154,503,0,0
28-Sep-26,09:35,13941,1454,615,342,371,984,578,652,1198,1154,1052,1231,732,885,1856,1117,1078,610,0,0,180,163,154,503,0,0
28-Sep-26,09:40,14057,1503,615,342,370,984,579,647,1206,1169,1051,1231,714,807,1856,1118,1116,610,0,0,180,163,155,503,0,0
28-Sep-26,09:45,14134,1559,615,342,370,984,580,641,1214,1184,1051,1231,696,737,1856,1118,1055,610,0,0,180,163,156,503,0,0
28-Sep-26,09:50,14098,1593,615,341,356,984,582,635,1221,1199,1057,1231,698,718,1856,1118,1032,610,0,0,180,162,155,503,0,0
28-Sep-26,09:55,14171,1617,615,341,357,984,583,642,1229,1215,1125,1231,700,692,1856,1119,1055,610,0,0,180,162,154,503,0,0
28-Sep-26,10:00,14109,1635,615,340,354,984,584,648,1237,1230,1142,1231,703,689,1856,1119,1055,610,0,0,180,162,154,503,0,0
28-Sep-26,10:05,14159,1647,615,340,347,985,586,648,1238,1213,1160,1231,705,683,1856,1120,1024,610,0,0,180,162,153,503,0,0
28-Sep-26,10:10,14438,1667,615,340,361,985,587,636,1240,1196,1221,1231,707,680,1856,1120,1016,610,0,0,180,162,153,503,0,0
28-Sep-26,10:15,14470,1729,615,339,349,985,588,636,1241,1179,1247,1231,709,677,1856,1108,1039,610,0,0,180,162,152,503,0,0
28-Sep-26,10:20,14398,1729,615,339,356,985,589,631,1242,1161,1244,1231,711,677,1856,1095,1086,610,0,0,180,162,150,503,0,0
28-Sep-26,10:25,14490,1731,615,340,349,985,591,634,1244,1144,1233,1231,713,678,1856,1083,1102,610,0,0,180,161,150,503,0,0
28-Sep-26,10:30,14482,1842,615,342,355,984,592,633,1245,1127,1233,1231,716,679,1856,1070,1109,610,0,0,180,161,153,503,0,0
28-Sep-26,10:35,14500,1832,615,343,353,984,593,627,1246,1110,1222,1231,718,679,1856,1058,1102,610,0,0,180,161,151,503,0,0
28-Sep-26,10:40,14510,1820,615,344,362,984,595,621,1248,1093,1241,1231,720,680,1856,1046,1086,610,0,0,180,161,152,503,0,0
28-Sep-26,10:45,14369,1825,615,346,357,984,596,627,1249,1076,1257,1231,722,681,1856,1033,1079,610,0,0,180,161,152,503,0,0
28-Sep-26,10:50,14467,1869,615,347,356,984,597,638,1251,1058,1239,1231,724,677,1856,1036,1078,610,0,0,180,161,153,503,0,0
28-Sep-26,10:55,14356,1873,615,348,356,984,598,639,1252,1041,1197,1231,727,682,1856,1039,1076,610,0,0,180,160,154,503,0,0
28-Sep-26,11:00,14348,1864,615,350,355,983,600,637,1253,1024,1181,1231,729,676,1856,1042,1074,610,0,0,180,160,154,503,0,0
28-Sep-26,11:05,14420,1896,615,351,354,983,601,640,1255,1016,1144,1231,731,683,1856,1045,1073,610,0,0,180,160,154,503,0,0
28-Sep-26,11:10,14403,1873,615,352,357,983,602,624,1256,1009,1112,1231,733,685,1856,1048,1072,610,0,0,180,160,155,503,0,0
28-Sep-26,11:15,14451,1885,615,354,356,983,604,629,1257,1001,1088,1231,735,700,1856,1051,1070,610,0,0,180,160,155,503,0,0
28-Sep-26,11:20,14352,1893,615,355,356,983,605,649,1259,994,1070,1231,738,736,1856,1054,1068,610,0,0,180,160,156,503,0,0
28-Sep-26,11:25,14385,1898,615,356,360,982,606,627,1260,986,1102,1231,740,717,1856,1057,1067,610,0,0,180,160,156,503,0,0
28-Sep-26,11:30,14232,1934,615,358,355,982,608,648,1261,978,1080,1231,742,749,1856,1060,1066,610,0,0,180,160,156,503,0,0
28-Sep-26,11:35,14282,1927,615,359,363,982,609,658,1263,971,1079,1231,744,710,1856,1063,1064,610,0,0,180,159,157,503,0,0
28-Sep-26,11:40,14210,1963,615,360,366,982,610,647,1264,963,1068,1231,746,713,1856,1066,1095,610,0,0,180,159,160,503,0,0
28-Sep-26,11:45,14207,1976,615,362,375,982,611,655,1265,955,1075,1231,748,745,1856,1069,1090,610,0,0,180,159,160,503,0,0
28-Sep-26,11:50,14259,1953,615,363,376,982,613,646,1267,948,1084,1231,751,762,1856,1072,1084,610,0,0,180,159,159,503,0,0
28-Sep-26,11:55,14267,1983,615,364,371,981,614,646,1268,940,1075,1231,753,768,1856,1075,1078,610,0,0,180,159,158,503,0,0
28-Sep-26,12:00,14282,1949,615,366,356,981,615,645,1269,932,1073,1231,755,758,1856,1078,1073,610,0,0,180,159,157,503,0,0
28-Sep-26,12:05,14440,1942,615,367,353,981,617,652,1271,925,1071,1231,757,742,1856,1081,1057,610,0,0,180,159,157,503,0,0
28-Sep-26,12:10,14382,1901,615,368,364,981,618,637,1272,917,1054,1231,759,704,1856,1084,1034,610,0,0,180,158,156,503,0,0
28-Sep-26,12:15,14408,1892,615,370,352,981,619,642,1273,910,1055,1231,762,708,1856,1087,1033,610,0,0,180,158,155,503,0,0
28-Sep-26,12:20,14324,1875,615,371,352,980,621,648,1275,924,1050,1231,764,698,1856,1090,1031,610,0,0,180,158,154,503,0,0
28-Sep-26,12:25,14246,1806,615,372,348,980,622,626,1276,938,1054,1231,766,686,1856,1093,1030,610,0,0,180,158,149,503,0,0
28-Sep-26,12:30,14320,1859,615,374,348,980,623,629,1278,952,1059,1231,768,683,1856,1096,1028,610,0,0,180,158,148,503,0,0
28-Sep-26,12:35,14324,1837,615,375,349,980,624,620,1279,965,1043,1231,770,680,1856,1100,1027,610,0,0,180,158,145,504,0,0
28-Sep-26,12:40,14459,1864,615,376,345,980,626,623,1280,979,1031,1231,772,676,1856,1103,1025,610,0,0,180,158,147,504,0,0
28-Sep-26,12:45,14364,1886,615,378,353,980,627,616,1282,993,1035,1231,775,674,1856,1106,1024,610,0,0,180,157,150,504,0,0
28-Sep-26,12:50,14392,1877,615,379,346,979,628,617,1283,990,1035,1231,777,678,1856,1109,1022,610,0,0,180,157,150,504,0,0
28-Sep-26,12:55,14338,1900,615,380,350,979,630,623,1284,987,1031,1231,779,692,1856,1112,1021,610,0,0,180,157,151,504,0,0
28-Sep-26,13:00,14315,1945,615,382,349,979,631,624,1286,984,1030,1231,781,679,1856,1115,1019,610,0,0,180,157,150,504,0,0
28-Sep-26,13:05,14178,1908,615,383,345,979,632,626,1287,980,1029,1231,783,689,1856,1118,1017,610,0,0,180,157,150,504,0,0
28-Sep-26,13:10,14103,1900,615,384,349,979,633,608,1288,977,1030,1231,786,691,1856,1121,1015,610,0,0,180,156,149,504,0,0
28-Sep-26,13:15,14032,1868,615,386,348,978,635,632,1290,974,1045,1231,788,677,1856,1124,1013,610,0,0,180,156,149,504,0,0
28-Sep-26,13:20,14030,1846,615,387,348,978,636,630,1291,971,1038,1231,790,684,1856,1127,1010,610,0,0,180,156,150,504,0,0
28-Sep-26,13:25,14094,1787,615,388,347,978,637,625,1292,968,1026,1231,792,676,1856,1130,1007,610,0,0,180,156,151,504,0,0
28-Sep-26,13:30,14024,1819,615,390,349,978,639,614,1294,965,1032,1231,794,677,1856,1133,1004,610,0,0,180,156,151,504,0,0
28-Sep-26,13:35,14096,1833,615,391,348,978,640,611,1295,962,1043,1231,796,675,1856,1136,1015,610,0,0,180,156,152,504,0,0
28-Sep-26,13:40,14155,1853,615,392,346,978,641,625,1296,958,1042,1231,799,675,1856,1139,1026,610,0,0,180,157,153,504,0,0
28-Sep-26,13:45,14171,1773,615,394,347,977,643,635,1298,955,1047,1231,801,674,1856,1142,1038,610,0,22,180,157,154,504,0,0
28-Sep-26,13:50,14108,1754,615,395,351,977,644,632,1299,952,1047,1231,803,673,1856,1145,1049,610,20,33,180,157,154,504,0,0
28-Sep-26,13:55,14109,1771,615,396,353,977,645,630,1300,949,1054,1231,805,675,1856,1148,1060,610,20,45,180,157,155,504,0,0
28-Sep-26,14:00,14384,1765,615,398,354,977,646,629,1302,946,1092,1231,807,679,1856,1151,1071,610,20,67,180,157,156,504,0,0
28-Sep-26,14:05,14569,1756,615,399,382,977,648,630,1303,943,1108,1231,810,707,1856,1154,1075,610,28,70,180,158,153,504,0,0
28-Sep-26,14:10,14568,1755,615,400,366,976,649,640,1305,940,1104,1231,812,727,1856,1157,1079,610,36,71,180,158,153,504,0,0
28-Sep-26,14:15,14435,1668,615,402,381,976,650,647,1306,937,1117,1231,814,715,1856,1160,1082,610,44,75,180,158,154,504,0,0
28-Sep-26,14:20,14373,1683,615,403,364,976,652,652,1307,933,1116,1231,816,696,1856,1163,1086,610,51,85,180,158,154,504,0,0
28-Sep-26,14:25,14424,1683,615,404,365,976,653,649,1309,930,1093,1231,818,693,1856,1166,1090,610,59,81,180,158,154,504,0,0
28-Sep-26,14:30,14496,1662,615,406,373,976,654,646,1310,927,1104,1231,820,695,1856,1169,1094,610,67,89,180,158,155,504,0,0
28-Sep-26,14:35,14615,1544,615,407,378,976,656,653,1311,924,1091,1231,823,693,1856,1172,1098,610,75,97,180,159,155,504,0,0
28-Sep-26,14:40,14625,1520,615,408,373,975,657,659,1313,921,1092,1231,825,702,1856,1175,1102,0,0,0,180,159,156,504,0,0
28-Sep-26,14:45,14668,1437,615,410,381,975,658,656,1314,918,1095,1231,827,711,1856,1178,1106,610,75,118,180,159,156,504,0,0
28-Sep-26,14:50,14678,1408,615,411,372,975,659,648,1315,915,1096,1231,829,712,1856,1181,1103,610,94,134,180,159,156,504,0,0
28-Sep-26,14:55,14897,1448,615,412,365,975,661,645,1317,911,1093,1231,831,712,1856,1184,1100,610,112,153,180,159,157,504,0,0
28-Sep-26,15:00,14947,1413,615,414,371,975,662,656,1318,908,1087,1231,834,711,1856,1187,1097,610,131,157,180,160,158,504,0,0
28-Sep-26,15:05,14897,1354,615,415,365,974,663,651,1319,905,1088,1231,836,710,1856,1190,1094,610,142,148,180,160,158,504,20,0
28-Sep-26,15:10,14650,1332,615,416,358,974,665,645,1321,911,1092,1231,838,707,1856,1193,1040,610,153,168,180,160,158,504,20,20
28-Sep-26,15:15,14567,1311,615,418,359,974,666,643,1322,918,1079,1231,840,701,1856,1196,1047,610,164,187,180,160,159,504,20,53
28-Sep-26,15:20,14600,1307,615,419,360,974,667,653,1323,924,1088,1231,842,701,1856,1199,1047,610,177,198,180,160,158,504,42,60
28-Sep-26,15:25,14651,1270,615,420,358,974,668,649,1325,930,1114,1231,845,705,1856,1202,1040,610,190,204,180,160,156,504,65,72
28-Sep-26,15:30,14611,1259,615,422,359,974,670,635,1326,936,1114,1231,847,704,1856,1205,1040,610,202,207,180,161,155,504,88,78
28-Sep-26,15:35,14616,1230,615,423,363,973,671,635,1327,942,1135,1231,849,703,1856,1208,1034,610,210,212,180,161,154,504,116,134
28-Sep-26,15:40,14531,1159,615,424,355,973,672,607,1329,949,1172,1231,851,696,1856,1211,1028,610,218,213,180,161,155,504,144,154
28-Sep-26,15:45,14647,1117,615,426,361,973,674,619,1330,955,1204,1231,853,694,1856,1214,1021,610,227,224,180,161,157,504,172,160
28-Sep-26,15:50,14696,1055,615,427,369,973,675,624,1332,961,1223,1231,855,694,1856,1217,1015,610,239,242,180,161,157,504,194,182
28-Sep-26,15:55,14629,1018,615,428,367,973,676,630,1333,968,1259,1231,858,693,1856,1220,1016,610,251,251,180,162,155,504,216,200
28-Sep-26,16:00,14823,959,615,430,404,972,678,652,1334,974,1232,1231,860,734,1856,1223,1017,610,263,266,180,162,159,504,238,222
28-Sep-26,16:05,14679,891,615,430,419,972,679,637,1336,980,1232,1231,906,781,1856,1226,1018,610,281,260,180,162,158,504,254,225
28-Sep-26,16:10,14596,883,615,431,408,972,680,618,1337,986,1271,1231,953,867,1856,1229,1019,610,299,299,180,162,152,504,270,225
28-Sep-26,16:15,14527,809,615,443,437,972,681,605,1338,992,1272,1231,1000,884,1856,1232,1020,610,317,289,180,162,154,504,286,239
28-Sep-26,16:20,14614,774,615,454,441,972,683,609,1340,999,1271,1231,1058,905,1856,1236,1020,610,322,301,180,162,154,504,290,252
28-Sep-26,16:25,14713,753,615,466,426,972,684,632,1341,1005,1283,1231,1116,999,1856,1239,1021,610,327,325,180,163,158,504,294,280
28-Sep-26,16:30,14701,698,615,478,426,971,685,631,1342,1011,1289,1231,1121,1093,1856,1242,1022,610,332,316,180,163,157,504,297,306
28-Sep-26,16:35,14742,669,615,490,423,971,687,614,1344,1018,1272,1231,1125,1120,1856,1245,1023,610,337,323,180,163,157,504,301,308
28-Sep-26,16:40,14797,621,615,502,445,971,688,619,1345,1024,1268,1231,1130,1205,1856,1248,1024,610,342,325,180,163,155,505,305,310
28-Sep-26,16:45,14907,497,615,513,477,971,689,624,1346,1030,1258,1231,1135,1220,1856,1251,1036,610,347,330,180,163,156,505,309,306
28-Sep-26,16:50,14883,457,615,538,496,971,691,639,1348,1036,1234,1231,1139,1238,1856,1254,1048,610,352,324,180,164,156,505,313,303
28-Sep-26,16:55,14914,426,615,564,524,970,692,643,1349,1042,1205,1231,1144,1253,1856,1257,1059,610,357,331,180,164,157,505,317,301
28-Sep-26,17:00,14991,379,615,590,567,970,693,633,1350,1049,1173,1231,1149,1259,1856,1260,1071,610,362,340,180,164,157,505,320,301
28-Sep-26,17:05,15096,334,615,590,585,970,694,638,1352,1055,1140,1231,1153,1253,1856,1263,1032,610,367,343,180,164,158,505,324,304
28-Sep-26,17:10,15081,315,615,589,596,970,696,641,1353,1061,1119,1231,1158,1249,1856,1266,1036,610,372,348,180,164,158,505,328,304
28-Sep-26,17:15,15049,184,615,589,610,970,697,639,1354,1068,1081,1231,1159,1235,1856,1269,1040,610,378,347,180,164,159,505,332,311
28-Sep-26,17:20,15175,167,615,588,622,969,698,634,1356,1074,1056,1231,1159,1233,1856,1272,1043,610,383,347,180,165,161,505,336,311
28-Sep-26,17:25,15288,131,615,588,626,969,700,637,1357,1080,1073,1231,1160,1235,1856,1275,1047,610,388,348,180,165,162,505,339,313
28-Sep-26,17:30,15463,104,615,588,634,969,701,642,1359,1086,1088,1231,1160,1241,1856,1278,1059,610,393,348,180,165,163,505,343,313
28-Sep-26,17:35,15575,88,615,587,632,969,702,650,1360,1092,1081,1231,1160,1241,1856,1281,1070,610,398,351,180,165,165,505,347,312
28-Sep-26,17:40,15852,66,615,586,631,968,704,653,1361,1099,1073,1231,1161,1239,1856,1284,1082,610,403,349,180,165,166,505,351,312
28-Sep-26,17:45,16171,46,615,586,641,968,705,648,1363,1105,1071,1231,1161,1242,1856,1287,1094,610,408,349,180,166,168,505,355,311
28-Sep-26,17:50,16320,39,615,586,645,968,706,649,1364,1111,1078,1231,1162,1242,1856,1290,1094,610,413,351,180,166,169,505,359,310
28-Sep-26,17:55,16568,23,615,585,637,968,707,665,1364,1118,1098,1231,1162,1248,1856,1293,1109,610,418,365,180,166,170,505,362,311
28-Sep-26,18:00,16937,0,615,585,639,967,709,680,1365,1124,1111,1231,1162,1248,1856,1296,1163,610,423,383,180,166,172,505,366,311
28-Sep-26,18:05,17334,0,615,584,629,966,751,745,1365,1185,1121,1231,1163,1250,1856,1322,1086,610,448,421,180,166,173,505,362,343
28-Sep-26,18:10,17882,0,615,584,599,964,792,737,1366,1246,1179,1231,1163,1253,1856,1348,1163,610,472,440,180,166,182,505,358,354
28-Sep-26,18:15,18297,0,615,584,632,963,834,822,1366,1307,1255,1231,1164,1251,1856,1374,1326,610,496,458,180,167,196,505,354,370
28-Sep-26,18:20,18637,0,615,583,638,962,880,887,1366,1291,1273,1231,1164,1256,1856,1355,1364,610,524,477,180,167,221,505,350,378
28-Sep-26,18:25,19068,0,615,582,634,957,926,942,1367,1274,1312,1231,1164,1250,1856,1335,1378,610,553,505,180,167,243,505,346,382
28-Sep-26,18:30,19274,0,615,582,640,951,972,980,1367,1258,1325,1231,1165,1243,1856,1316,1363,610,582,520,180,167,251,505,342,380
28-Sep-26,18:35,19639,0,615,582,634,945,960,1035,1368,1241,1384,1231,1165,1247,1856,1296,1413,610,569,543,180,167,268,505,338,383
28-Sep-26,18:40,20356,0,615,581,637,940,948,1078,1368,1225,1393,1231,1166,1244,1856,1277,1436,610,556,556,180,168,274,505,334,382
28-Sep-26,18:45,20478,0,615,581,633,934,936,1094,1368,1209,1428,1231,1166,1251,1856,1258,1428,610,543,563,180,168,277,505,330,381
28-Sep-26,18:50,20534,0,615,580,634,928,924,1086,1369,1192,1423,1231,1166,1252,1856,1238,1444,596,546,563,180,168,276,505,326,380
28-Sep-26,18:55,20597,0,615,580,635,923,912,1096,1369,1176,1448,1231,1167,1253,1856,1219,1452,582,549,567,180,168,276,505,322,380
28-Sep-26,19:00,20739,0,615,580,621,917,899,1094,1370,1160,1443,1231,1167,1251,1856,1200,1419,569,552,569,180,168,277,505,318,379
28-Sep-26,19:05,20866,0,615,579,617,911,887,1108,1370,1143,1450,1231,1168,1249,1856,1180,1390,555,530,569,180,168,275,505,314,379
28-Sep-26,19:10,20861,0,615,579,624,906,875,1111,1370,1127,1444,1231,1168,1249,1856,1161,1398,555,507,570,180,169,274,505,310,378
28-Sep-26,19:15,20960,0,615,578,622,900,863,1111,1371,1110,1435,1231,1168,1240,1856,1141,1359,555,484,570,180,169,272,505,306,378
28-Sep-26,19:20,20949,0,615,578,622,894,837,1067,1371,1136,1406,1231,1169,1241,1856,1131,1236,555,462,553,180,169,268,505,308,378
28-Sep-26,19:25,20983,0,615,577,621,888,812,999,1372,1162,1351,1231,1169,1243,1856,1121,1151,555,462,516,180,169,264,505,309,377
28-Sep-26,19:30,20958,0,615,577,622,883,786,991,1372,1187,1341,1231,1170,1248,1856,1111,1151,555,462,502,180,169,259,505,309,377
28-Sep-26,19:35,20914,0,615,576,623,877,761,956,1373,1213,1293,1231,1170,1246,1856,1100,1143,555,462,467,180,170,249,505,310,362
28-Sep-26,19:40,20838,0,615,576,622,871,735,952,1373,1239,1328,1231,1170,1247,1856,1090,1143,0,0,0,180,170,238,505,310,346
28-Sep-26,19:45,20856,0,615,576,627,866,710,951,1374,1265,1293,1231,1171,1250,1856,1080,1135,555,462,466,180,170,228,505,311,330
28-Sep-26,19:50,20869,0,615,575,623,860,668,901,1374,1291,1297,1231,1171,1252,1856,1065,1128,555,430,446,180,170,218,505,311,315
28-Sep-26,19:55,20803,0,615,575,624,854,626,821,1374,1316,1329,1231,1172,1253,1856,1050,1089,555,398,407,180,170,201,505,311,314
28-Sep-26,20:00,20818,0,615,574,622,849,585,796,1375,1342,1337,1231,1172,1251,1856,1036,1074,555,367,382,180,170,201,505,312,312
28-Sep-26,20:05,20768,0,615,574,617,843,603,705,1375,1339,1361,1231,1172,1250,1856,1074,1058,555,370,352,180,171,192,505,312,310
28-Sep-26,20:10,20894,0,615,574,618,837,621,637,1376,1336,1364,1231,1173,1239,1856,1111,1043,555,373,343,180,171,182,505,313,309
28-Sep-26,20:15,20542,0,615,573,616,832,639,628,1376,1333,1380,1231,1173,1239,1856,1149,1028,555,377,338,180,171,173,505,313,308
28-Sep-26,20:20,20512,0,615,572,618,826,656,622,1376,1330,1392,1231,1174,1244,1856,1186,1028,555,380,343,180,171,164,506,313,306
28-Sep-26,20:25,20366,0,615,572,619,820,674,618,1377,1328,1431,1231,1174,1239,1856,1224,1036,555,383,342,180,171,171,506,314,312
28-Sep-26,20:30,20444,0,615,572,620,815,692,630,1377,1325,1430,1231,1174,1241,1856,1261,1036,555,386,341,180,172,171,506,314,312
28-Sep-26,20:35,20363,0,615,571,620,809,671,702,1378,1322,1470,1231,1175,1246,1856,1227,1144,555,389,340,180,172,185,506,314,305
28-Sep-26,20:40,20246,0,615,571,621,803,649,745,1378,1319,1468,1231,1175,1245,1856,1192,1260,555,393,342,180,172,185,506,314,305
28-Sep-26,20:45,20200,0,615,570,622,798,628,780,1378,1316,1477,1231,1176,1235,1856,1158,1260,555,396,339,180,172,199,506,314,306
28-Sep-26,20:50,20237,0,615,570,622,792,607,787,1379,1313,1469,1231,1176,1236,1856,1124,1291,555,399,342,180,172,199,506,314,306
28-Sep-26,20:55,20146,0,615,570,623,786,586,797,1379,1310,1496,1231,1176,1239,1856,1090,1291,555,402,341,180,173,192,506,314,308
28-Sep-26,21:00,20169,0,615,569,623,781,564,780,1378,1307,1485,1231,1177,1240,1856,1055,1213,555,406,340,180,173,173,506,314,307
28-Sep-26,21:05,20063,0,615,569,626,775,585,742,1377,1304,1475,1231,1177,1243,1856,1090,1144,555,409,341,180,174,165,506,314,306
28-Sep-26,21:10,19975,0,615,568,623,769,606,670,1376,1301,1494,1231,1178,1246,1856,1125,1058,555,412,337,180,174,158,506,313,305
28-Sep-26,21:15,20089,0,615,568,623,764,627,634,1374,1298,1478,1231,1178,1246,1856,1160,1043,555,415,338,180,176,156,506,313,304
28-Sep-26,21:20,20064,0,615,567,620,758,647,634,1373,1296,1494,1231,1178,1244,1856,1194,1028,555,418,338,180,177,154,506,313,305
28-Sep-26,21:25,20043,0,615,567,630,752,668,625,1372,1293,1482,1231,1179,1239,1856,1229,1028,555,422,344,180,182,156,506,313,310
28-Sep-26,21:30,19952,0,615,566,622,747,689,646,1371,1290,1506,1231,1179,1240,1856,1264,1046,555,425,380,180,187,167,506,313,344
28-Sep-26,21:35,19914,0,615,566,624,741,736,671,1370,1287,1508,1231,1180,1213,1856,1342,1178,555,449,397,180,198,181,506,313,361
28-Sep-26,21:40,19873,0,615,566,628,735,782,759,1369,1284,1516,1231,1180,1174,1856,1421,1285,555,473,430,180,210,202,506,313,374
28-Sep-26,21:45,19856,0,615,565,624,730,829,782,1367,1281,1510,1231,1180,1177,1856,1500,1309,555,497,454,180,211,202,506,313,374
28-Sep-26,21:50,19773,0,615,565,622,724,805,855,1366,1278,1528,1231,1181,1185,1856,1471,1355,555,487,487,180,212,219,506,313,376
28-Sep-26,21:55,19849,0,615,564,622,718,781,944,1365,1275,1507,1231,1181,1192,1856,1443,1501,555,477,524,180,212,243,506,313,377
28-Sep-26,22:00,19739,0,615,564,624,712,758,967,1364,1272,1507,1231,1182,1186,1856,1414,1532,555,467,541,180,213,243,506,313,378
28-Sep-26,22:05,19655,0,615,564,623,707,734,974,1363,1270,1490,1231,1182,1186,1856,1385,1555,555,458,529,180,214,240,506,313,378
28-Sep-26,22:10,19641,0,615,563,621,701,710,980,1362,1267,1502,1231,1182,1180,1856,1356,1571,555,448,536,180,214,238,506,313,370
28-Sep-26,22:15,19610,0,615,562,623,695,876,980,1360,1264,1504,1231,1183,1181,1856,1328,1578,555,438,532,180,214,235,506,313,363
28-Sep-26,22:20,19566,0,615,562,625,690,864,913,1359,1261,1523,1231,1183,1178,1856,1364,1455,555,428,525,180,215,232,506,312,355
28-Sep-26,22:25,19405,0,615,562,632,684,852,872,1358,1258,1528,1231,1184,1179,1856,1399,1393,555,428,513,180,215,232,506,312,348
28-Sep-26,22:30,19423,0,615,561,627,678,840,811,1357,1255,1518,1231,1184,1186,1856,1435,1316,0,0,0,180,216,202,506,312,340
28-Sep-26,22:35,19365,0,615,561,635,673,828,779,1356,1252,1510,1231,1184,1174,1856,1471,1332,555,440,441,180,216,195,506,312,313
28-Sep-26,22:40,19290,0,615,560,637,667,816,788,1355,1249,1486,1231,1185,1196,1856,1507,1316,555,440,469,180,216,193,506,312,306
28-Sep-26,22:45,19260,0,615,560,635,661,805,798,1353,1246,1501,1231,1185,1167,1856,1542,1301,555,440,467,180,217,196,506,312,306
28-Sep-26,22:50,19197,0,615,560,636,656,793,792,1352,1243,1463,1231,1186,1154,1856,1588,1471,0,0,0,180,217,197,506,312,304
28-Sep-26,22:55,19252,0,615,559,635,650,781,800,1351,1240,1480,1231,1186,1170,1856,1635,1517,555,440,436,180,218,195,506,312,305
28-Sep-26,23:00,19038,0,615,558,628,644,769,800,1350,1238,1462,1231,1186,1190,1856,1682,1563,555,440,449,180,218,195,506,312,308
28-Sep-26,23:05,18901,0,615,558,636,639,757,790,1349,1235,1468,1231,1187,1172,1856,1663,1610,555,440,451,180,218,193,506,312,308
28-Sep-26,23:10,18855,0,615,558,632,633,745,790,1348,1232,1470,1231,1187,1175,1856,1643,1656,555,440,453,180,219,194,506,312,327
28-Sep-26,23:15,18961,0,615,557,630,627,733,783,1346,1229,1471,1231,1188,1144,1856,1624,1702,555,440,451,180,219,194,506,312,325
28-Sep-26,23:20,18850,0,615,557,627,622,721,802,1345,1226,1470,1231,1188,1140,1856,1604,1733,555,440,452,180,220,193,506,312,324
28-Sep-26,23:25,18826,0,615,556,615,616,709,788,1344,1223,1474,1231,1188,1167,1856,1585,1717,555,440,445,180,220,196,506,312,322
28-Sep-26,23:30,18798,0,615,556,613,610,697,780,1343,1220,1484,1231,1189,1193,1856,1566,1702,555,440,449,180,220,199,506,312,321
28-Sep-26,23:35,18670,0,615,556,616,605,686,782,1342,1217,1483,1231,1190,1197,1856,1546,1717,555,440,445,180,221,197,506,312,321
28-Sep-26,23:40,18624,0,615,555,623,599,674,788,1341,1214,1486,1231,1190,1187,1856,1527,1717,555,440,444,180,221,194,506,312,320
28-Sep-26,23:45,18628,0,615,555,624,593,662,790,1339,1212,1484,1231,1190,1169,1856,1507,1725,555,440,445,180,222,197,506,312,320
28-Sep-26,23:50,18485,0,615,554,623,588,650,788,1338,1209,1503,1231,1191,1168,1856,1488,1725,555,347,436,180,222,198,507,312,320
28-Sep-26,23:55,18450,0,615,554,626,582,638,796,1337,1206,1502,1231,1191,1185,1856,1468,1717,555,347,403,180,222,193,507,311,319
29-Sep-26,00:05,18312,0,615,554,623,576,628,735,1336,1203,1498,1231,1192,1180,1856,1426,1516,610,335,359,180,223,189,507,311,319
29-Sep-26,00:10,18174,0,615,553,640,571,619,722,1335,1200,1509,1231,1192,1181,1856,1384,1415,610,335,360,180,223,188,507,311,318
29-Sep-26,00:15,18109,0,615,552,634,565,610,736,1334,1197,1505,1231,1192,1175,1856,1341,1415,610,335,359,180,224,187,507,311,318
29-Sep-26,00:20,18074,0,615,552,636,559,600,731,1332,1194,1529,1231,1193,1181,1856,1293,1446,610,335,358,180,224,186,507,311,318
29-Sep-26,00:25,18076,0,615,552,639,554,590,733,1331,1191,1529,1231,1193,1185,1856,1245,1361,610,335,356,180,224,186,507,311,317
29-Sep-26,00:30,18009,0,615,551,637,548,581,744,1330,1188,1525,1231,1194,1184,1856,1197,1307,610,335,355,180,225,186,507,311,316
29-Sep-26,00:35,17984,0,615,551,634,542,572,720,1329,1185,1536,1231,1194,1183,1856,1153,1190,610,335,355,180,225,185,507,311,316
29-Sep-26,00:40,17818,0,615,550,636,536,562,745,1328,1182,1532,1231,1194,1186,1856,1109,1205,610,335,354,180,226,185,507,311,316
29-Sep-26,00:45,17774,0,615,550,634,531,552,699,1327,1180,1522,1231,1195,1190,1856,1065,1151,610,335,354,180,226,185,507,311,316
29-Sep-26,00:50,17689,0,615,550,634,525,527,639,1325,1177,1549,1231,1195,1192,1856,1067,1126,610,335,353,180,226,185,507,311,315
29-Sep-26,00:55,17607,0,615,549,632,519,502,653,1324,1174,1512,1231,1196,1205,1856,1069,1101,610,335,353,180,227,185,507,311,314
29-Sep-26,01:00,17556,0,615,548,631,514,478,636,1323,1171,1449,1231,1196,1170,1856,1070,1077,610,335,352,180,227,185,507,311,314
29-Sep-26,01:05,17518,0,615,548,631,508,453,629,1322,1181,1412,1231,1196,1153,1856,1072,1052,610,335,352,180,228,185,507,311,314
29-Sep-26,01:10,17352,0,615,548,633,502,428,626,1321,1190,1391,1231,1197,1137,1856,1074,1044,610,335,352,180,228,185,507,311,314
29-Sep-26,01:15,17337,0,615,547,632,497,403,622,1320,1200,1364,1231,1197,1195,1856,1076,1036,610,335,351,180,228,185,507,311,313
29-Sep-26,01:20,17277,0,615,547,632,491,379,559,1318,1210,1348,1231,1198,1174,1856,1078,1034,610,335,351,180,229,185,507,311,313
29-Sep-26,01:25,17176,0,615,546,633,485,354,340,1317,1220,1372,1231,1198,1213,1856,1079,1032,610,335,350,180,229,185,507,310,313
29-Sep-26,01:30,17139,0,615,546,634,480,329,377,1316,1229,1381,1231,1198,1211,1856,1081,1031,610,335,350,180,230,185,507,310,312
29-Sep-26,01:35,17084,0,615,546,633,474,304,384,1315,1239,1359,1231,1199,1192,1856,1083,1029,610,335,350,180,230,185,507,310,312
29-Sep-26,01:40,17068,0,615,545,636,468,280,374,1314,1249,1382,1231,1199,1181,1856,1085,1032,610,335,349,180,230,185,507,310,312
29-Sep-26,01:45,16975,0,615,545,637,463,255,378,1313,1258,1382,1231,1197,1179,1856,1087,1036,610,335,349,180,231,185,507,310,312
29-Sep-26,01:50,16951,0,615,544,636,465,256,364,1311,1244,1411,1231,1194,1177,1856,1088,1040,610,335,348,180,231,185,507,310,312
29-Sep-26,01:55,16929,0,615,544,636,467,257,341,1310,1230,1418,1231,1192,1179,1856,1090,1039,610,335,348,180,232,185,507,310,312
29-Sep-26,02:00,16847,0,615,543,633,468,258,332,1309,1216,1423,1231,1190,1182,1856,1092,1038,610,335,348,180,232,185,507,310,312
29-Sep-26,02:05,16772,0,615,543,636,470,259,328,1308,1202,1436,1231,1188,1184,1856,1094,1038,610,335,348,180,232,185,507,310,311
29-Sep-26,02:10,16734,0,615,542,636,472,260,331,1307,1188,1452,1231,1185,1209,1856,1096,1037,610,335,348,180,233,185,507,310,311
29-Sep-26,02:15,16646,0,615,542,638,474,261,342,1306,1174,1449,1231,1183,1197,1856,1098,1036,610,335,348,180,233,185,507,310,311
29-Sep-26,02:20,16614,0,615,542,635,475,262,341,1304,1160,1442,1231,1181,1192,1856,1099,1037,610,335,348,180,234,185,507,310,311
29-Sep-26,02:25,16542,0,615,541,637,477,263,339,1303,1146,1405,1231,1178,1203,1856,1101,1038,610,335,348,180,234,185,507,310,311
29-Sep-26,02:30,16456,0,615,541,636,479,264,342,1302,1132,1369,1231,1176,1216,1856,1103,1040,610,335,348,180,235,185,507,309,311
29-Sep-26,02:35,16398,0,615,540,638,481,265,339,1301,1167,1365,1231,1174,1210,1856,1105,1041,610,335,348,180,235,185,507,309,311
29-Sep-26,02:40,16328,0,615,540,638,482,266,340,1300,1203,1324,1231,1171,1229,1856,1107,1042,610,335,348,180,235,185,507,309,311
29-Sep-26,02:45,16336,0,615,540,635,484,267,344,1299,1238,1310,1231,1169,1219,1856,1108,1043,610,335,348,180,236,185,507,309,311
29-Sep-26,02:50,16260,0,615,539,635,486,268,345,1297,1274,1308,1231,1167,1210,1856,1110,1044,610,335,348,180,236,185,507,309,311
29-Sep-26,02:55,16206,0,615,538,636,488,269,338,1296,1309,1334,1231,1164,1205,1856,1112,1045,610,335,348,180,237,185,507,309,311
29-Sep-26,03:00,16200,0,615,538,636,489,270,353,1295,1345,1408,1231,1162,1187,1856,1114,1046,610,335,348,180,237,185,507,309,311
29-Sep-26,03:05,16098,0,615,538,637,491,271,345,1294,1340,1418,1231,1160,1190,1856,1116,1048,610,335,348,180,237,185,508,309,311
29-Sep-26,03:10,16201,0,615,537,636,493,272,351,1293,1335,1446,1231,1158,1178,1856,1117,1049,610,335,348,180,238,185,508,308,311
29-Sep-26,03:15,16022,0,615,537,636,495,273,353,1292,1330,1478,1231,1155,1199,1856,1119,1050,610,335,348,180,238,185,508,308,310
29-Sep-26,03:20,16032,0,615,536,635,496,274,351,1290,1325,1517,1231,1153,1189,1856,1144,1104,610,335,348,180,239,185,508,308,310
29-Sep-26,03:25,16000,0,615,536,635,498,275,346,1289,1320,1512,1231,1151,1199,1856,1170,1129,610,335,348,180,239,185,508,308,310
29-Sep-26,03:30,16004,0,615,536,634,500,276,347,1288,1315,1465,1231,1148,1207,1856,1196,1154,610,335,348,180,239,185,508,308,310
29-Sep-26,03:35,15854,0,615,535,632,502,277,382,1287,1310,1466,1231,1146,1170,1856,1188,1179,610,335,348,180,239,185,508,308,310
29-Sep-26,03:40,15888,0,615,535,636,503,278,415,1286,1305,1461,1231,1144,1192,1856,1181,1204,610,335,348,180,240,185,508,307,310
29-Sep-26,03:45,15861,0,615,534,636,505,279,464,1285,1300,1461,1231,1142,1188,1856,1174,1220,610,335,348,180,240,185,508,307,310
29-Sep-26,03:50,15806,0,615,534,637,518,292,399,1283,1295,1435,1231,1139,1197,1856,1166,1227,610,335,348,180,241,185,508,307,310
29-Sep-26,03:55,15810,0,615,533,634,531,304,379,1282,1290,1425,1231,1137,1190,1856,1158,1226,610,335,348,180,241,185,508,307,310
29-Sep-26,04:00,15796,0,615,533,632,544,317,437,1281,1285,1419,1231,1135,1194,1856,1151,1224,610,335,348,180,241,185,508,307,310
29-Sep-26,04:05,15732,0,615,532,635,560,333,457,1271,1257,1423,1231,1132,1168,1856,1144,1223,610,335,348,180,242,185,508,306,310
29-Sep-26,04:10,15656,0,615,532,634,576,348,466,1260,1229,1435,1231,1130,1194,1856,1136,1221,610,335,348,180,242,185,508,306,310
29-Sep-26,04:15,15749,0,615,532,633,591,364,466,1250,1202,1423,1231,1128,1225,1856,1128,1220,610,335,348,180,243,185,508,306,310
29-Sep-26,04:20,15797,0,615,531,637,608,380,469,1239,1174,1423,1231,1125,1228,1856,1101,1150,610,335,348,180,243,185,508,306,310
29-Sep-26,04:25,15782,0,615,531,636,624,397,509,1229,1146,1451,1231,1123,1226,1856,1074,1120,610,335,348,180,243,185,508,306,310
29-Sep-26,04:30,15794,0,615,530,636,640,414,545,1218,1118,1446,1231,1121,1226,1856,1048,1104,610,335,348,180,244,185,508,306,310
29-Sep-26,04:35,15876,0,615,530,633,657,430,524,1208,1090,1427,1231,1118,1223,1856,1055,1035,610,335,348,180,244,185,508,305,310
29-Sep-26,04:40,15840,0,615,530,637,674,447,553,1197,1063,1387,1231,1116,1226,1856,1063,1035,610,335,348,180,245,185,508,305,309
29-Sep-26,04:45,15872,0,615,529,635,690,464,551,1187,1035,1321,1231,1114,1219,1856,1070,1034,610,335,348,180,245,185,508,305,309
29-Sep-26,04:50,15978,0,615,528,634,707,480,595,1176,1002,1243,1231,1112,1189,1856,1078,1034,610,335,348,180,245,185,508,305,309
29-Sep-26,04:55,15971,0,615,528,639,724,497,597,1166,968,1199,1231,1109,1189,1856,1085,1033,610,335,348,180,246,185,508,305,309
29-Sep-26,05:00,16039,0,615,528,634,740,514,599,1155,935,1168,1231,1107,1188,1856,1092,1032,610,335,348,180,246,186,508,304,309
29-Sep-26,05:05,16018,0,615,527,633,757,521,615,1156,943,1129,1231,1105,1199,1856,1100,1031,610,335,348,180,247,186,508,304,309
29-Sep-26,05:10,16069,0,615,527,636,774,528,622,1156,950,1081,1231,1102,1219,1856,1107,1030,610,335,348,180,247,186,508,304,309
29-Sep-26,05:15,16162,0,615,526,635,790,536,635,1157,958,1090,1231,1100,1221,1856,1114,1030,610,335,348,180,247,186,508,304,309
29-Sep-26,05:20,16236,0,615,526,636,807,537,639,1157,965,1046,1231,1098,1217,1856,1122,1029,610,335,348,180,248,186,508,304,309
29-Sep-26,05:25,16262,0,615,526,636,824,538,639,1158,973,1046,1231,1096,1217,1856,1129,1028,610,335,348,180,248,186,508,304,309
29-Sep-26,05:30,16375,0,615,525,632,840,540,645,1158,981,1044,1231,1093,1214,1856,1137,1028,610,335,348,180,249,186,508,305,309
29-Sep-26,05:35,16411,0,615,524,636,857,541,649,1159,988,1020,1231,1091,1222,1856,1144,1029,610,335,348,180,249,186,508,305,309
29-Sep-26,05:40,16406,0,615,524,634,874,542,647,1159,996,1022,1231,1089,1239,1856,1151,1029,610,335,348,180,249,186,508,305,309
29-Sep-26,05:45,16475,0,615,524,635,890,543,645,1160,1003,1053,1231,1086,1220,1856,1159,1030,610,335,348,180,250,186,508,305,309
29-Sep-26,05:50,16461,0,615,523,636,922,544,642,1160,1011,1056,1231,1084,1222,1856,1166,1031,610,335,348,180,250,186,508,305,309
29-Sep-26,05:55,16472,0,615,523,637,954,545,639,1161,1018,1049,1231,1082,1221,1856,1174,1032,610,335,348,180,251,186,508,306,308
29-Sep-26,06:00,16409,1,615,505,614,986,547,646,1161,1026,1032,1231,1079,1217,1856,1181,1032,610,335,348,180,251,186,509,306,308
29-Sep-26,06:05,15741,5,615,486,569,1018,548,654,1162,1034,1032,1231,1077,1211,1856,1188,1033,610,335,348,180,251,186,509,306,308
29-Sep-26,06:10,15563,8,615,468,548,1018,549,647,1162,1041,1058,1231,1075,1203,1856,1196,1034,610,335,348,180,251,186,509,306,308
29-Sep-26,06:15,15497,20,615,449,533,1018,550,647,1163,1049,1070,1231,1072,1217,1856,1203,1034,610,335,348,180,251,186,509,306,308
29-Sep-26,06:20,15483,26,615,445,485,1018,551,648,1163,1056,1085,1231,1070,1229,1856,1210,1035,610,335,348,180,251,186,509,306,308
29-Sep-26,06:25,15351,44,615,440,479,1018,552,648,1164,1064,1099,1231,1068,1222,1856,1218,1042,610,335,348,180,251,186,509,307,308
29-Sep-26,06:30,15373,61,615,436,486,1018,554,654,1164,1072,1091,1231,1066,1225,1856,1225,1073,610,335,348,180,251,187,509,307,308
29-Sep-26,06:35,15364,75,615,443,480,1018,555,655,1165,1079,1094,1231,1063,1229,1856,1233,1073,610,335,348,180,251,187,509,307,308
29-Sep-26,06:40,15278,97,615,450,492,1018,556,655,1165,1087,1155,1231,1061,1231,1856,1240,1065,610,335,348,180,251,187,509,307,308
29-Sep-26,06:45,15248,129,615,457,494,1018,557,661,1166,1094,1240,1231,1059,1232,1856,1247,1080,610,335,348,180,251,187,509,307,308
29-Sep-26,06:50,15051,161,615,463,494,1018,558,659,1166,1107,1230,1231,1056,1230,1856,1255,1080,610,335,348,180,251,187,509,308,308
29-Sep-26,06:55,15007,182,615,470,497,1018,560,657,1167,1120,1267,1231,1054,1231,1856,1262,1104,610,335,348,180,251,187,509,308,307
29-Sep-26,07:00,14819,222,615,477,496,1018,561,655,1167,1132,1273,1231,1052,1232,1856,1269,1072,610,335,348,180,251,187,509,308,307
29-Sep-26,07:05,14700,243,615,484,473,1018,562,650,1168,1120,1259,1231,1050,1212,1856,1277,1049,610,335,348,180,251,187,509,308,307
29-Sep-26,07:10,14452,294,615,491,464,1018,563,655,1169,1107,1263,1231,1047,1232,1856,1284,1065,610,335,348,180,251,187,509,308,307
29-Sep-26,07:15,14382,338,615,498,479,1018,564,650,1169,1094,1260,1231,1045,1213,1856,1292,1149,610,335,348,180,251,187,509,308,307
29-Sep-26,07:20,14344,365,615,504,471,1018,565,649,1170,1082,1233,1231,1043,1194,1856,1256,1249,610,335,348,180,251,187,509,309,307
29-Sep-26,07:25,14280,434,615,511,444,1018,567,638,1170,1070,1213,1231,1040,1180,1856,1220,1303,610,335,348,180,251,187,509,309,307
29-Sep-26,07:30,14210,487,615,518,447,1018,568,630,1171,1057,1206,1231,1038,1138,1856,1185,1288,610,335,348,180,251,187,509,309,307
29-Sep-26,07:35,14201,520,615,512,484,1018,569,641,1171,1044,1194,1231,1036,1099,1856,1144,1157,610,335,348,180,251,188,509,309,306
29-Sep-26,07:40,14129,567,615,506,496,1018,570,642,1172,1032,1194,1231,1033,1098,1856,1103,1157,610,335,348,180,251,188,509,309,306
29-Sep-26,07:45,13946,626,615,501,455,1018,571,631,1172,1020,1134,1231,1031,1134,1856,1062,1033,610,335,348,180,251,188,509,310,306
29-Sep-26,07:50,13930,643,615,495,440,1018,572,631,1173,1022,1129,1231,1029,1140,1856,1063,1025,610,335,348,180,251,188,509,310,306
29-Sep-26,07:55,13794,713,615,495,428,1018,574,609,1173,1023,1075,1231,1026,1133,1856,1065,1031,610,335,348,180,251,188,509,310,306
29-Sep-26,08:00,13795,769,615,494,404,1018,575,609,1174,1025,1053,1231,1024,1130,1856,1066,1036,610,335,348,180,251,188,509,310,306
29-Sep-26,08:05,13726,798,615,494,357,1018,576,628,1174,1026,1026,1231,1022,1129,1856,1067,1042,610,335,348,180,251,188,509,310,305
29-Sep-26,08:10,13785,840,615,494,373,1018,577,626,1175,1028,1046,1231,1020,1150,1856,1069,1048,610,335,348,180,251,188,509,310,305
29-Sep-26,08:15,13812,899,615,493,384,1018,578,638,1175,1029,1069,1231,1017,1166,1856,1070,1048,610,335,348,180,251,188,509,311,305
29-Sep-26,08:20,13831,951,615,493,369,1018,580,618,1176,1031,1114,1231,970,1102,1856,1071,1040,0,0,0,180,251,188,509,311,305
29-Sep-26,08:25,13887,984,615,492,365,1018,581,637,1176,1033,1116,1231,924,1066,1856,1073,1025,610,335,348,180,251,189,509,311,305
29-Sep-26,08:30,13790,1023,615,492,372,1018,582,646,1177,1034,1142,1231,878,1042,1856,1074,1025,610,335,348,180,251,189,510,311,304
29-Sep-26,08:35,13793,1087,615,491,368,1018,583,651,1177,1036,1123,1231,828,1008,1856,1075,1026,610,335,348,180,251,189,510,311,304
29-Sep-26,08:40,13805,1111,615,491,368,1018,584,640,1178,1037,1084,1231,778,906,1856,1077,1026,610,335,348,180,251,189,510,312,304
29-Sep-26,08:45,13909,1161,615,491,357,1018,585,640,1178,1039,1078,1231,727,827,1856,1078,1027,610,335,348,180,251,189,510,312,304
29-Sep-26,08:50,13870,1184,615,490,357,1018,587,644,1179,1041,1069,1231,729,785,1856,1079,1028,610,335,348,180,251,189,510,312,304
29-Sep-26,08:55,13912,1269,615,490,358,1018,588,642,1179,1042,1072,1231,730,720,1856,1081,1028,610,335,348,180,251,190,510,312,304
29-Sep-26,09:00,13954,1287,615,489,360,1018,589,644,1180,1044,1058,1231,732,731,1856,1082,1029,610,335,348,180,251,190,510,312,305
29-Sep-26,09:05,14050,1342,615,489,356,1018,590,632,1180,1045,1045,1231,733,715,1856,1083,1030,610,335,348,180,251,190,510,312,305
29-Sep-26,09:10,14366,1404,615,488,352,1018,591,632,1181,1047,1038,1231,735,700,1856,1085,1031,610,335,348,180,251,190,510,313,305
29-Sep-26,09:15,14758,1439,615,488,363,1018,592,644,1181,1048,1057,1231,736,711,1856,1086,1031,610,335,348,180,251,190,510,313,305
29-Sep-26,09:20,14766,1458,615,488,365,1018,594,653,1182,1050,1068,1231,738,723,1856,1087,1032,610,335,348,180,251,190,510,313,305
29-Sep-26,09:25,14855,1469,615,488,372,1018,595,644,1183,1052,1060,1231,739,737,1856,1089,1033,610,335,348,180,251,191,510,313,306
29-Sep-26,09:30,15030,1511,615,487,361,1018,596,632,1183,1053,1077,1231,741,709,1856,1090,1033,610,335,348,180,251,191,510,314,306
29-Sep-26,09:35,15128,1560,615,486,374,1018,597,638,1184,1055,1084,1231,742,684,1856,1091,1035,610,335,348,180,251,191,510,314,306
29-Sep-26,09:40,15227,1565,615,486,366,1018,598,648,1184,1056,1079,1231,744,722,1856,1093,1038,610,335,348,180,251,191,510,314,306
29-Sep-26,09:45,15244,1618,615,486,366,1018,599,646,1185,1058,1071,1231,745,694,1856,1094,1040,610,335,348,180,251,191,510,314,306
29-Sep-26,09:50,15312,1651,615,485,364,1018,601,647,1185,1060,1051,1231,747,679,1856,1095,1042,610,335,348,180,251,192,510,315,307
29-Sep-26,09:55,15300,1678,615,485,362,1018,602,648,1186,1061,1058,1231,748,682,1856,1097,1042,610,335,348,180,251,192,510,315,307
29-Sep-26,10:00,15370,1707,615,485,353,1018,603,648,1186,1063,1044,1231,750,681,1856,1098,1034,610,335,347,180,251,192,510,315,307
29-Sep-26,10:05,15426,1705,615,484,357,1018,604,641,1187,1064,1032,1231,752,685,1856,1099,1039,610,335,347,180,251,192,510,315,308
29-Sep-26,10:10,15581,1728,615,484,356,1018,605,631,1187,1066,1049,1231,753,700,1856,1101,1043,610,335,346,180,251,192,510,316,308
29-Sep-26,10:15,15661,1755,615,483,352,1018,607,623,1188,1067,1056,1231,755,711,1856,1102,1048,610,335,346,180,251,192,510,316,308
29-Sep-26,10:20,15523,1753,615,483,368,1018,608,638,1188,1069,1066,1231,756,708,1856,1103,1052,610,335,348,180,251,193,510,316,308
29-Sep-26,10:25,15539,1739,615,483,372,1018,609,647,1189,1071,1083,1231,758,727,1856,1105,1057,610,335,344,180,251,193,510,316,309
29-Sep-26,10:30,15644,1750,615,483,366,1018,610,657,1189,1072,1084,1231,759,713,1856,1106,1027,610,335,346,180,251,193,510,317,309
29-Sep-26,10:35,15568,1814,615,483,368,1018,611,654,1190,1074,1070,1231,761,698,1856,1107,1027,610,335,345,180,251,193,510,317,309
29-Sep-26,10:40,15655,1831,615,483,366,1018,612,653,1190,1075,1079,1231,762,696,1856,1109,1050,610,335,344,180,251,193,510,317,309
29-Sep-26,10:45,15475,1810,615,483,365,1018,614,653,1191,1077,1034,1231,764,708,1856,1110,1050,610,335,345,180,251,194,511,317,310
29-Sep-26,10:50,15485,1824,615,483,370,1018,615,644,1191,1079,1042,1231,765,685,1856,1111,1049,610,335,344,180,251,194,511,318,310
29-Sep-26,10:55,15458,1878,615,483,364,1018,616,647,1192,1080,1049,1231,767,688,1856,1113,1047,610,335,342,180,251,194,511,318,310
29-Sep-26,11:00,15489,1848,615,483,367,1018,617,646,1192,1082,1064,1231,768,698,1856,1114,1046,610,335,345,180,251,194,511,318,310
29-Sep-26,11:05,15429,1813,615,483,366,1018,618,638,1193,1083,1020,1231,770,701,1856,1115,1045,610,335,339,180,251,194,511,318,311
29-Sep-26,11:10,15360,1847,615,483,365,1018,619,636,1193,1085,1049,1231,771,698,1856,1116,1043,610,335,342,180,251,194,511,319,311
29-Sep-26,11:15,15333,1869,615,483,368,1018,621,638,1194,1086,1067,1231,773,739,1856,1118,1042,610,335,342,180,251,195,511,319,311
29-Sep-26,11:20,15366,1868,615,483,368,1018,622,628,1194,1088,1083,1231,775,781,1856,1119,1057,610,335,347,180,251,195,511,319,311
29-Sep-26,11:25,15391,1878,615,483,374,1018,623,643,1195,1090,1088,1231,776,762,1856,1120,1073,610,335,348,180,251,195,511,319,310
29-Sep-26,11:30,15298,1876,615,483,373,1018,624,652,1196,1091,1102,1231,778,761,1856,1122,1080,610,335,346,180,251,195,511,320,310
29-Sep-26,11:35,15254,1858,615,483,380,1018,625,648,1196,1093,1108,1231,779,763,1856,1123,1073,610,335,350,180,251,195,511,320,310
29-Sep-26,11:40,15229,1848,615,483,373,1018,627,650,1197,1094,1102,1231,781,764,1856,1124,1080,610,335,351,180,251,196,511,320,310
29-Sep-26,11:45,15260,1922,615,483,373,1018,628,659,1197,1096,1100,1231,782,761,1856,1126,1072,610,335,350,180,251,196,511,320,309
29-Sep-26,11:50,15317,1908,615,483,371,1018,629,657,1198,1098,1099,1231,784,751,1856,1127,1064,610,335,353,180,251,196,511,321,309
29-Sep-26,11:55,15262,1859,615,483,367,1018,630,654,1198,1099,1082,1231,785,716,1856,1128,1057,610,335,351,180,251,196,511,321,309
29-Sep-26,12:00,15253,1891,615,483,367,1018,631,637,1199,1101,1062,1231,787,680,1856,1130,1049,610,335,349,180,251,196,511,321,309
29-Sep-26,12:05,15287,1882,615,483,361,1018,632,645,1199,1102,1036,1231,788,682,1856,1131,1044,610,335,350,180,251,196,511,321,308
29-Sep-26,12:10,15269,1829,615,483,352,1018,634,636,1200,1104,1047,1231,790,684,1856,1132,1040,610,335,346,180,251,197,511,322,308
29-Sep-26,12:15,15320,1808,615,483,348,1018,635,627,1200,1105,1056,1231,791,685,1856,1134,1035,610,335,345,180,251,197,511,322,308
29-Sep-26,12:20,15245,1825,615,483,350,1018,636,632,1201,1107,1053,1231,793,683,1856,1135,1031,610,335,343,180,251,197,511,322,308
29-Sep-26,12:25,15196,1882,615,483,354,1018,637,624,1201,1109,1039,1231,794,684,1856,1136,1026,610,335,342,180,251,197,511,322,309
29-Sep-26,12:30,15196,1888,615,483,354,1018,638,634,1202,1110,1035,1231,796,684,1856,1138,1028,610,335,342,180,251,197,511,323,309
29-Sep-26,12:35,15098,1832,615,483,357,1018,639,635,1202,1112,1049,1231,798,685,1856,1139,1030,610,335,343,180,251,198,512,323,309
29-Sep-26,12:40,15170,1885,615,483,357,1018,641,634,1203,1113,1050,1231,799,687,1856,1140,1031,610,335,341,180,251,198,512,323,310
29-Sep-26,12:45,15165,1850,615,483,355,1018,642,636,1203,1115,1074,1231,801,710,1856,1142,1029,610,335,340,180,251,198,512,323,310
29-Sep-26,12:50,15061,1839,615,483,373,1018,643,644,1204,1117,1051,1231,802,731,1856,1143,1027,610,335,342,180,251,198,512,324,310
29-Sep-26,12:55,15072,1813,615,483,364,1018,644,645,1204,1118,1078,1231,804,695,1856,1144,1024,610,335,342,180,251,198,512,324,310
29-Sep-26,13:00,14895,1812,615,483,368,1018,645,627,1205,1120,1044,1231,805,680,1856,1146,1022,610,335,341,180,251,198,512,324,311
29-Sep-26,13:05,14982,1843,615,483,356,1018,647,627,1205,1121,1043,1231,807,682,1856,1147,1020,610,335,342,180,251,199,512,324,311
29-Sep-26,13:10,14930,1793,615,483,350,1018,648,633,1206,1123,1055,1231,808,685,1856,1148,1018,610,335,340,180,251,199,512,325,311
29-Sep-26,13:15,14734,1831,615,483,355,1018,649,632,1206,1124,1043,1231,810,684,1856,1150,1016,610,335,341,180,251,199,512,325,312
29-Sep-26,13:20,14687,1830,615,483,349,1018,650,634,1207,1126,1034,1231,811,686,1856,1151,1013,610,335,343,180,251,199,512,325,312
29-Sep-26,13:25,14721,1819,615,483,359,1018,651,637,1207,1128,1051,1231,813,699,1856,1152,1011,610,335,341,180,251,199,512,326,312
29-Sep-26,13:30,14660,1807,615,483,365,1018,652,632,1208,1129,1050,1231,814,704,1856,1154,1021,610,335,341,180,251,200,512,326,312
29-Sep-26,13:35,14722,1825,615,483,363,1018,654,630,1209,1131,1054,1231,816,687,1856,1155,1032,610,335,342,180,251,200,512,326,313
29-Sep-26,13:40,14783,1787,615,483,368,1018,655,639,1209,1132,1076,1231,818,715,1856,1156,1042,610,335,340,180,251,200,512,326,313
29-Sep-26,13:45,14932,1751,615,483,375,1018,656,637,1210,1134,1089,1231,819,764,1856,1158,1053,610,335,339,180,251,200,512,327,313
29-Sep-26,13:50,15062,1746,615,483,375,1018,657,637,1210,1136,1118,1231,821,761,1856,1159,1063,610,335,339,180,251,200,512,327,314
29-Sep-26,13:55,15091,1712,615,483,367,1018,658,647,1211,1137,1116,1231,822,762,1856,1160,1055,610,335,340,180,251,200,512,327,314
29-Sep-26,14:00,15201,1703,615,483,368,1018,659,652,1211,1139,1109,1231,824,761,1856,1162,1040,610,335,340,180,251,201,512,328,314
29-Sep-26,14:05,15297,1748,615,483,368,1018,661,648,1212,1140,1135,1231,825,741,1856,1163,1055,610,335,341,180,251,201,512,328,314
29-Sep-26,14:10,15281,1700,615,483,358,1018,662,644,1212,1142,1167,1231,827,705,1856,1164,1086,610,335,341,180,251,201,513,328,315
29-Sep-26,14:15,15479,1714,615,483,369,1018,663,642,1213,1143,1160,1231,828,746,1856,1166,1094,610,335,342,180,251,201,513,328,311
29-Sep-26,14:20,15522,1685,615,483,366,1018,664,648,1213,1129,1249,1231,830,759,1856,1167,1048,0,0,0,180,251,201,513,329,312
29-Sep-26,14:25,15560,1647,615,483,361,1018,665,658,1214,1116,1304,1231,831,722,1856,1168,1077,610,335,343,180,251,202,513,329,312
29-Sep-26,14:30,15544,1596,615,483,364,1018,666,656,1214,1102,1292,1231,833,744,1856,1170,1106,610,335,345,180,251,202,513,329,311
29-Sep-26,14:35,15584,1650,615,483,367,1018,668,655,1215,1089,1321,1231,834,676,1856,1149,1135,610,335,343,180,251,202,513,329,305
29-Sep-26,14:40,15426,1583,615,483,350,1018,669,656,1215,1075,1260,1231,836,684,1856,1127,1164,610,335,342,180,251,202,513,330,310
29-Sep-26,14:45,15653,1517,615,483,346,1018,670,655,1216,1061,1311,1231,837,730,1856,1106,1187,610,335,343,180,251,202,513,330,310
29-Sep-26,14:50,15725,1461,615,483,346,1018,671,646,1216,1048,1289,1231,839,693,1856,1085,1187,610,335,343,180,251,202,513,330,306
29-Sep-26,14:55,15634,1437,615,483,347,1018,672,642,1217,1034,1245,1231,841,682,1856,1064,1148,610,335,341,180,250,203,513,330,305
29-Sep-26,15:00,15832,1394,615,483,349,1018,674,643,1217,1021,1234,1231,842,684,1856,1042,1110,610,335,342,180,250,203,513,331,317
29-Sep-26,15:05,15784,1403,615,483,349,1018,675,640,1218,1039,1165,1231,844,685,1856,1050,1071,610,335,340,180,250,203,513,331,300
29-Sep-26,15:10,15490,1384,615,483,345,1018,676,643,1218,1056,1127,1231,845,684,1856,1058,1032,610,335,342,180,250,203,513,331,299
29-Sep-26,15:15,15438,1339,615,483,349,1018,677,638,1219,1074,1088,1231,847,683,1856,1066,1040,610,335,341,180,250,204,513,331,304
29-Sep-26,15:20,15508,1251,615,483,352,1018,678,636,1219,1092,1101,1231,848,683,1856,1074,1024,610,335,342,180,250,204,514,332,307
29-Sep-26,15:25,15438,1209,615,483,349,1018,679,640,1220,1110,1133,1231,850,682,1856,1082,1017,610,335,342,180,249,204,514,332,308
29-Sep-26,15:30,15397,1180,615,484,343,1018,681,635,1220,1127,1163,1231,851,686,1856,1090,1018,610,335,341,180,249,204,514,332,306
29-Sep-26,15:35,15350,1130,615,484,347,1018,682,642,1221,1131,1222,1231,853,681,1856,1098,1020,610,335,340,180,249,205,514,332,307
29-Sep-26,15:40,15333,1108,615,484,348,1018,683,646,1221,1135,1205,1231,854,682,1856,1106,1021,610,335,340,180,249,205,514,333,307
29-Sep-26,15:45,15430,1044,615,484,349,1018,684,634,1222,1139,1235,1231,856,682,1856,1115,1022,610,335,345,180,249,205,514,333,310
29-Sep-26,15:50,15497,1025,615,484,346,1018,685,627,1223,1142,1247,1231,857,696,1856,1123,1023,610,335,343,180,248,205,514,333,309
29-Sep-26,15:55,15506,952,615,484,348,1018,686,633,1223,1146,1262,1231,859,683,1856,1131,1025,610,335,343,180,248,206,514,333,308
29-Sep-26,16:00,15533,901,615,484,351,1018,688,642,1224,1150,1270,1231,860,685,1856,1139,1026,610,335,344,180,248,206,514,334,306
29-Sep-26,16:05,15480,891,615,485,367,1018,689,629,1224,1154,1250,1231,906,735,1856,1147,1027,610,335,350,180,248,206,514,334,305
29-Sep-26,16:10,15370,835,615,485,389,1018,690,615,1225,1158,1226,1231,953,794,1856,1155,1028,610,335,344,180,248,206,514,334,306
29-Sep-26,16:15,15441,799,615,485,410,1018,691,634,1225,1162,1223,1231,1000,826,1856,1163,1030,610,335,347,180,248,207,515,334,308
29-Sep-26,16:20,15482,755,615,486,420,1018,692,641,1226,1166,1239,1231,1050,873,1856,1186,1031,610,335,345,180,247,207,515,335,310
29-Sep-26,16:25,15445,717,615,486,430,1018,694,639,1226,1169,1254,1231,1100,957,1856,1208,1155,610,335,345,180,247,207,515,335,309
29-Sep-26,16:30,15378,665,615,487,439,1018,695,636,1227,1173,1270,1231,1150,1002,1856,1231,1162,610,335,346,180,247,207,515,335,314
29-Sep-26,16:35,15462,630,615,497,453,1018,696,631,1227,1177,1286,1231,1152,1081,1856,1253,1170,610,335,344,180,247,208,515,335,315
29-Sep-26,16:40,15492,589,615,506,467,1018,697,623,1228,1181,1302,1231,1154,1116,1856,1276,1162,610,335,344,180,247,208,515,336,311
29-Sep-26,16:45,15552,516,615,516,481,1018,698,623,1228,1185,1318,1231,1157,1175,1856,1298,1193,610,335,345,180,246,208,516,336,312
29-Sep-26,16:50,15610,467,615,541,495,1018,699,627,1229,1189,1333,1231,1159,1202,1856,1308,1308,610,335,344,180,246,208,516,336,312
29-Sep-26,16:55,15595,431,615,566,517,1018,701,645,1229,1193,1349,1231,1161,1230,1856,1318,1339,610,335,343,180,246,209,516,336,313
29-Sep-26,17:00,15604,385,615,572,547,1018,702,646,1230,1196,1339,1231,1163,1233,1856,1329,1362,610,335,343,180,246,209,516,337,314
29-Sep-26,17:05,15810,356,615,578,590,1018,703,639,1230,1200,1337,1231,1165,1221,1856,1339,1362,610,335,342,180,246,209,516,337,315
29-Sep-26,17:10,15909,315,615,585,605,1018,704,636,1231,1204,1288,1231,1168,1203,1856,1349,1330,610,335,344,180,246,209,516,337,315
29-Sep-26,17:15,16163,222,615,586,619,1018,705,639,1231,1208,1307,1231,1170,1194,1856,1359,1376,610,335,346,180,245,210,517,338,314
29-Sep-26,17:20,16283,172,615,587,619,1018,706,640,1232,1212,1317,1231,1172,1231,1856,1369,1384,610,335,349,180,245,210,517,338,312
29-Sep-26,17:25,16297,139,615,588,630,1018,708,635,1232,1216,1290,1231,1174,1243,1856,1380,1377,610,335,351,180,245,210,517,338,311
29-Sep-26,17:30,16488,109,615,590,644,1018,709,703,1233,1220,1296,1231,1176,1257,1856,1390,1376,610,335,353,180,245,211,517,338,310
29-Sep-26,17:35,16517,93,615,590,636,1018,729,745,1233,1223,1322,1231,1178,1259,1856,1419,1392,610,335,356,180,245,212,517,339,357
29-Sep-26,17:40,16754,71,615,591,637,1018,750,776,1234,1227,1334,1231,1181,1266,1856,1448,1407,610,335,358,180,244,218,518,339,385
29-Sep-26,17:45,16943,50,615,591,653,1018,770,810,1234,1231,1350,1231,1183,1265,1856,1476,1422,610,335,360,180,244,223,518,339,387
29-Sep-26,17:50,17324,24,615,592,643,1018,816,851,1268,1265,1375,1231,1185,1262,1856,1505,1438,610,382,397,180,244,228,518,339,387
29-Sep-26,17:55,17528,17,615,592,643,1018,863,910,1301,1300,1414,1231,1187,1269,1856,1534,1431,610,428,439,180,244,246,518,340,385
29-Sep-26,18:00,17875,0,615,592,647,1018,910,978,1334,1334,1432,1231,1189,1259,1856,1563,1424,610,474,477,180,244,262,518,340,384
29-Sep-26,18:05,18301,0,615,592,638,1018,937,1010,1333,1310,1446,1231,1192,1262,1856,1592,1417,610,508,489,180,243,270,518,340,380
29-Sep-26,18:10,19159,0,615,592,626,1018,964,1037,1333,1286,1483,1231,1194,1253,1856,1620,1410,610,542,525,180,243,272,519,340,379
29-Sep-26,18:15,19710,0,615,592,649,1018,991,1065,1332,1262,1513,1231,1196,1270,1856,1649,1448,610,576,569,180,243,273,519,341,388
29-Sep-26,18:20,19913,0,615,592,647,1018,971,1078,1332,1238,1531,1231,1198,1271,1856,1674,1549,610,568,589,180,242,270,519,341,400
29-Sep-26,18:25,20179,0,615,592,647,1018,951,1078,1331,1214,1548,1231,1200,1272,1856,1700,1587,610,559,599,180,242,268,519,341,404
29-Sep-26,18:30,20377,0,615,592,645,1018,931,1091,1331,1190,1548,1231,1203,1252,1856,1725,1643,610,551,599,180,242,265,519,341,380
29-Sep-26,18:35,20695,0,615,592,642,1018,911,1111,1330,1166,1531,1231,1205,1249,1856,1688,1699,610,542,607,180,241,262,520,342,370
29-Sep-26,18:40,21522,0,615,592,644,1018,891,1130,1330,1142,1547,1231,1207,1252,1856,1652,1755,610,534,603,180,240,259,520,342,359
29-Sep-26,18:45,21675,0,615,592,640,1018,871,1105,1329,1118,1532,1231,1209,1255,1856,1615,1811,610,525,604,180,239,256,520,342,349
29-Sep-26,18:50,21631,0,615,592,639,1018,886,1079,1328,1129,1515,1231,1210,1255,1856,1620,1750,610,517,592,180,243,254,520,342,338
29-Sep-26,18:55,22032,0,615,592,646,1018,900,1018,1328,1140,1488,1231,1210,1252,1856,1625,1735,610,517,535,180,246,251,520,343,328
29-Sep-26,19:00,22434,0,615,592,639,1018,915,988,1327,1151,1461,1231,1211,1251,1856,1630,1719,610,517,522,180,250,256,520,343,326
29-Sep-26,19:05,22721,0,615,592,644,1018,930,951,1327,1161,1399,1231,1211,1255,1856,1635,1704,610,517,513,180,253,247,521,343,323
29-Sep-26,19:10,22788,0,615,592,647,1018,944,955,1326,1172,1371,1231,1212,1256,1856,1640,1688,610,517,526,180,257,246,521,344,324
29-Sep-26,19:15,22907,0,615,592,644,1018,959,969,1326,1183,1379,1231,1212,1260,1856,1645,1673,610,517,516,180,261,251,521,344,325
29-Sep-26,19:20,22935,0,615,592,645,1018,974,972,1325,1229,1405,1231,1212,1259,1856,1698,1681,0,0,0,180,264,251,521,350,325
29-Sep-26,19:25,23111,0,615,592,643,1018,989,1003,1324,1276,1501,1231,1213,1256,1856,1750,1689,610,517,520,180,268,250,521,357,322
29-Sep-26,19:30,23201,0,615,592,639,1018,1003,1037,1324,1322,1490,1231,1213,1252,1856,1803,1735,610,517,522,180,271,256,522,363,337
29-Sep-26,19:35,23080,0,615,592,626,1018,999,1108,1323,1321,1522,1231,1213,1252,1856,1801,1781,610,610,548,180,270,271,522,358,373
29-Sep-26,19:40,22915,0,615,592,640,1018,995,1093,1323,1321,1531,1231,1213,1257,1856,1800,1827,610,610,583,180,269,276,522,354,380
29-Sep-26,19:45,23161,0,615,592,632,1018,991,1108,1322,1320,1540,1231,1213,1252,1856,1798,1830,610,610,583,180,268,277,522,349,383
29-Sep-26,19:50,23051,0,615,592,636,1018,987,1116,1322,1320,1543,1231,1213,1279,1856,1797,1834,610,610,588,180,267,278,522,344,384
29-Sep-26,19:55,23072,0,615,592,635,1018,982,1104,1321,1319,1534,1231,1213,1267,1856,1795,1837,610,610,591,180,266,277,522,340,380
29-Sep-26,20:00,22961,0,615,592,632,1018,978,1113,1320,1319,1516,1231,1213,1227,1856,1794,1840,0,0,0,180,265,275,523,335,381
29-Sep-26,20:05,22900,0,615,592,625,1018,974,1109,1320,1318,1521,1231,1213,1194,1856,1792,1843,610,610,620,180,264,273,523,330,380
29-Sep-26,20:10,22772,0,615,592,632,1018,970,1108,1319,1318,1529,1231,1213,1195,1856,1790,1847,610,610,615,180,263,272,523,325,379
29-Sep-26,20:15,22607,0,615,592,626,1018,966,1118,1319,1317,1519,1231,1213,1217,1856,1789,1850,610,610,615,180,262,270,523,321,378
29-Sep-26,20:20,22586,0,615,592,634,1018,962,1106,1318,1317,1533,1231,1213,1245,1856,1787,1853,610,564,600,180,261,268,523,316,377
29-Sep-26,20:25,22538,0,615,592,631,1018,958,1118,1318,1316,1544,1231,1213,1252,1856,1786,1856,610,517,553,180,260,266,524,311,380
29-Sep-26,20:30,22458,0,615,592,634,1018,954,1114,1317,1316,1533,1231,1213,1253,1856,1784,1860,610,470,535,180,259,266,524,307,380
29-Sep-26,20:35,22449,0,615,592,632,1018,950,1118,1317,1315,1535,1231,1213,1268,1856,1783,1863,610,474,491,180,258,278,524,312,358
29-Sep-26,20:40,22254,0,615,592,645,1018,945,1125,1316,1314,1540,1231,1213,1294,1856,1781,1866,610,477,460,180,257,282,524,317,331
29-Sep-26,20:45,22230,0,615,592,638,1018,941,1119,1315,1314,1538,1231,1213,1289,1856,1780,1866,610,481,453,180,256,288,524,322,316
29-Sep-26,20:50,22229,0,615,592,634,1018,937,1116,1315,1313,1531,1231,1213,1271,1856,1778,1874,610,484,432,180,255,277,524,326,312
29-Sep-26,20:55,22223,0,615,592,633,1018,933,1120,1314,1313,1531,1231,1212,1270,1856,1776,1876,610,488,439,180,254,275,525,331,313
29-Sep-26,21:00,22163,0,615,592,646,1018,929,1112,1314,1312,1557,1231,1212,1283,1856,1775,1878,610,492,432,180,253,279,525,336,312
29-Sep-26,21:05,22204,0,615,592,643,1018,925,1109,1313,1312,1560,1231,1212,1256,1856,1773,1880,610,495,425,180,251,279,525,341,307
29-Sep-26,21:10,22148,0,615,592,643,1018,921,1113,1313,1311,1542,1231,1212,1237,1856,1772,1883,610,499,428,180,250,277,525,346,304
29-Sep-26,21:15,22138,0,615,592,639,1018,917,1115,1312,1311,1542,1231,1212,1247,1856,1770,1885,610,503,427,180,249,276,525,351,311
29-Sep-26,21:20,22115,0,615,592,628,1018,913,1119,1312,1310,1528,1231,1212,1254,1856,1769,1887,610,506,428,180,248,274,526,355,311
29-Sep-26,21:25,21995,0,615,592,633,1018,909,1108,1311,1310,1516,1231,1212,1252,1856,1767,1889,610,510,427,180,247,272,526,360,308
29-Sep-26,21:30,22032,0,615,592,633,1018,904,1109,1310,1309,1521,1231,1212,1251,1856,1766,1886,610,513,427,180,246,272,526,365,308
29-Sep-26,21:35,22005,0,615,592,629,1018,900,1112,1310,1309,1530,1231,1212,1246,1856,1764,1884,610,537,450,180,245,273,526,360,352
29-Sep-26,21:40,21948,0,615,592,632,1018,896,1119,1309,1308,1528,1231,1212,1241,1856,1762,1881,610,562,501,180,244,273,527,355,372
29-Sep-26,21:45,21944,0,615,592,628,1018,892,1115,1309,1307,1512,1231,1211,1232,1856,1761,1878,610,586,551,180,243,272,527,350,370
29-Sep-26,21:50,21978,0,615,592,630,1018,888,1110,1308,1307,1518,1231,1211,1230,1856,1759,1875,610,579,568,180,242,271,527,346,374
29-Sep-26,21:55,21906,0,615,592,628,1018,884,1114,1308,1306,1522,1231,1211,1247,1856,1758,1872,610,572,579,180,241,270,528,341,379
29-Sep-26,22:00,21815,0,615,592,631,1018,880,1116,1307,1306,1516,1231,1211,1206,1856,1756,1870,610,565,594,180,240,270,528,336,373
29-Sep-26,22:05,21621,0,615,592,630,1018,876,1114,1306,1305,1502,1231,1211,1207,1856,1755,1867,610,558,599,180,239,269,528,331,371
29-Sep-26,22:10,21558,0,615,592,630,1018,872,1105,1306,1305,1504,1231,1211,1269,1856,1753,1867,610,552,608,180,238,268,528,326,378
29-Sep-26,22:15,21502,0,615,592,633,1018,867,1108,1305,1304,1546,1231,1211,1281,1856,1751,1874,610,545,616,180,237,267,529,321,377
29-Sep-26,22:20,21393,0,615,592,639,1018,863,1120,1305,1304,1521,1231,1210,1281,1856,1750,1874,610,538,616,180,236,267,529,317,377
29-Sep-26,22:25,21417,0,615,592,649,1018,859,1118,1304,1303,1521,1231,1210,1289,1856,1748,1873,610,531,615,180,235,266,529,312,374
29-Sep-26,22:30,21391,0,615,592,643,1018,855,1117,1304,1303,1522,1231,1210,1277,1856,1747,1871,610,524,615,180,234,265,529,307,357
29-Sep-26,22:35,21258,0,615,592,646,1018,862,1091,1303,1302,1534,1231,1210,1282,1856,1745,1870,610,533,599,180,240,260,530,311,339
29-Sep-26,22:40,21225,0,615,592,650,1018,868,1030,1302,1302,1557,1231,1210,1279,1856,1744,1868,610,541,542,180,246,238,530,315,321
29-Sep-26,22:45,21198,0,615,592,640,1018,875,995,1302,1301,1553,1231,1209,1280,1856,1742,1867,610,550,525,180,252,229,530,319,306
29-Sep-26,22:50,21117,0,615,592,635,1018,881,984,1301,1300,1558,1231,1209,1277,1856,1740,1871,610,558,533,180,257,228,530,323,306
29-Sep-26,22:55,21070,0,615,592,638,1018,888,984,1301,1300,1558,1231,1208,1272,1856,1739,1874,610,567,532,180,263,231,531,327,307
29-Sep-26,23:00,21046,0,615,592,636,1018,894,992,1300,1299,1555,1231,1208,1255,1856,1737,1878,610,576,524,180,269,241,531,331,307
29-Sep-26,23:05,20952,0,615,592,633,1018,925,992,1300,1299,1550,1231,1207,1249,1856,1736,1878,610,584,532,180,266,256,531,335,312
29-Sep-26,23:10,20869,0,615,592,633,1018,956,1013,1299,1298,1553,1231,1205,1261,1856,1734,1877,610,593,541,180,263,266,531,338,308
29-Sep-26,23:15,20827,0,615,592,631,1018,987,1022,1299,1298,1551,1231,1204,1254,1856,1733,1876,610,601,560,180,260,268,532,342,306
29-Sep-26,23:20,20808,0,615,592,632,1018,986,1060,1298,1297,1553,1231,1202,1242,1856,1731,1874,610,592,583,180,257,271,532,346,307
29-Sep-26,23:25,20808,0,615,592,634,1018,984,1101,1297,1297,1546,1231,1201,1245,1856,1730,1873,610,582,609,180,254,275,532,350,307
29-Sep-26,23:30,20646,0,615,592,636,1018,983,1103,1297,1296,1544,1231,1199,1249,1856,1728,1872,610,573,615,180,252,274,532,354,306
29-Sep-26,23:35,20638,0,615,592,634,1018,982,1112,1296,1296,1545,1231,1198,1263,1856,1726,1868,610,564,612,180,249,273,533,358,308
29-Sep-26,23:40,20469,0,615,592,629,1018,980,1114,1296,1295,1546,1231,1196,1257,1856,1725,1863,610,554,615,180,246,272,533,362,311
29-Sep-26,23:45,20347,0,615,592,631,1018,979,1115,1295,1295,1550,1231,1195,1246,1856,1723,1859,610,545,616,180,243,272,533,366,311
29-Sep-26,23:50,20319,0,615,592,631,1018,977,1126,1295,1294,1519,1231,1193,1184,1856,1722,1851,610,536,616,180,240,271,533,380,353
29-Sep-26,23:55,20272,0,615,592,628,1018,976,1119,1294,1293,1498,1231,1192,1206,1856,1720,1843,610,526,617,180,237,271,534,394,362
30-Sep-26,00:05,20053,0,615,592,628,1018,975,1098,1294,1293,1498,1231,1191,1164,1856,1719,1851,610,500,604,180,226,250,534,408,386
30-Sep-26,00:10,19968,0,615,592,645,1018,973,1104,1293,1292,1528,1231,1189,1273,1856,1717,1867,610,475,542,180,216,236,535,422,390
30-Sep-26,00:15,19928,0,615,592,631,1018,972,1123,1292,1292,1534,1231,1188,1238,1856,1716,1874,610,450,520,180,205,216,536,436,395
30-Sep-26,00:20,19864,0,615,592,634,1018,971,1114,1292,1291,1537,1231,1186,1222,1856,1714,1874,610,421,508,180,199,211,538,444,399
30-Sep-26,00:25,19794,0,615,592,630,1018,969,1118,1291,1291,1552,1231,1185,1225,1856,1712,1882,610,392,442,180,192,194,539,452,421
30-Sep-26,00:30,19666,0,615,592,629,1018,968,1122,1291,1290,1501,1231,1183,1202,1856,1711,1874,610,364,424,180,186,180,544,459,453
30-Sep-26,00:35,19605,0,615,592,628,1018,966,1118,1290,1290,1514,1231,1182,1197,1856,1709,1874,610,373,425,180,186,176,549,472,457
30-Sep-26,00:40,19580,0,615,592,629,1018,965,1117,1290,1289,1527,1231,1180,1256,1856,1708,1872,610,382,382,180,185,171,549,485,485
30-Sep-26,00:45,19456,0,615,592,630,1018,964,1117,1289,1289,1539,1231,1179,1244,1856,1706,1869,610,391,348,180,185,173,549,498,484
30-Sep-26,00:50,19408,0,615,592,632,1018,962,1116,1288,1288,1553,1231,1177,1237,1856,1705,1866,610,401,340,180,184,174,549,510,486
30-Sep-26,00:55,19302,0,615,592,626,1018,961,1134,1288,1288,1525,1231,1176,1231,1856,1703,1864,610,410,351,180,184,174,549,523,495
30-Sep-26,01:00,19174,0,615,591,621,1018,960,1132,1287,1287,1507,1231,1175,1228,1856,1701,1862,610,419,375,180,184,175,549,536,516
30-Sep-26,01:05,19165,0,615,590,615,1018,958,1122,1287,1286,1479,1231,1173,1202,1856,1700,1859,610,434,386,180,183,175,549,535,531
30-Sep-26,01:10,19137,0,615,590,610,1018,957,1117,1286,1286,1484,1231,1172,1185,1856,1698,1866,610,448,420,180,183,176,549,534,540
30-Sep-26,01:15,18954,0,615,589,604,1018,955,1111,1286,1285,1461,1231,1170,1206,1856,1697,1867,610,463,448,180,182,176,549,533,549
30-Sep-26,01:20,18907,0,615,588,601,1018,954,1106,1285,1285,1481,1231,1169,1164,1856,1695,1859,610,477,444,180,182,176,549,533,548
30-Sep-26,01:25,18869,0,615,587,593,1018,953,1103,1284,1284,1470,1231,1167,1180,1856,1694,1851,610,492,448,180,182,177,549,532,550
30-Sep-26,01:30,18835,0,615,586,587,1018,951,1101,1284,1284,1469,1231,1166,1178,1856,1692,1851,610,506,459,180,181,177,549,531,554
30-Sep-26,01:35,18779,0,615,586,584,1018,950,1115,1283,1283,1478,1231,1164,1158,1856,1690,1859,610,532,490,180,181,178,549,530,552
30-Sep-26,01:40,18676,0,615,585,585,1018,949,1109,1283,1283,1485,1231,1163,1195,1856,1689,1859,610,558,532,180,180,178,549,529,550
30-Sep-26,01:45,18666,0,615,584,585,1018,947,1107,1282,1282,1473,1231,1161,1221,1856,1687,1855,610,565,538,180,180,178,549,528,554
30-Sep-26,01:50,18653,0,615,583,584,1018,946,1109,1282,1282,1479,1231,1160,1185,1856,1686,1852,610,572,547,180,180,179,549,527,553
30-Sep-26,01:55,18531,0,615,583,585,1018,944,1114,1281,1281,1484,1231,1158,1169,1856,1684,1848,610,578,559,180,179,179,549,526,553
30-Sep-26,02:00,18442,0,615,582,581,1018,943,1097,1281,1281,1435,1231,1157,1148,1856,1683,1844,610,585,598,180,178,180,549,526,560
30-Sep-26,02:05,18325,0,615,581,584,1018,942,1107,1277,1277,1421,1231,1156,1160,1856,1681,1844,610,585,609,180,178,180,549,525,552
30-Sep-26,02:10,18341,0,615,580,582,1018,940,1108,1274,1274,1402,1231,1154,1208,1856,1680,1848,610,586,618,180,178,180,549,524,552
30-Sep-26,02:15,18244,0,615,579,582,1018,939,1113,1270,1270,1399,1231,1153,1204,1856,1678,1852,610,586,617,180,177,181,549,523,558
30-Sep-26,02:20,18227,0,615,579,583,1018,938,1115,1266,1266,1392,1231,1151,1212,1856,1676,1855,610,587,617,180,177,182,549,522,558
30-Sep-26,02:25,18259,0,615,578,579,1018,936,1108,1263,1263,1396,1231,1150,1177,1856,1675,1858,610,587,616,180,176,182,549,521,555
30-Sep-26,02:30,18051,0,615,577,579,1018,935,1110,1259,1259,1406,1231,1148,1173,1856,1673,1861,610,588,616,180,176,182,549,520,551
30-Sep-26,02:35,18059,0,615,576,583,1018,933,1108,1255,1255,1380,1231,1147,1177,1856,1672,1864,610,588,615,180,176,183,549,519,548
30-Sep-26,02:40,18036,0,615,575,578,1018,932,1114,1252,1252,1393,1231,1145,1188,1856,1670,1864,610,588,613,180,175,183,549,519,552
30-Sep-26,02:45,17996,0,615,575,583,1018,931,1119,1248,1248,1392,1231,1144,1228,1856,1669,1863,610,589,616,180,175,183,549,518,547
30-Sep-26,02:50,17942,0,615,574,594,1018,929,1104,1244,1244,1413,1231,1142,1180,1856,1667,1863,610,589,614,180,174,184,549,517,544
30-Sep-26,02:55,17906,0,615,573,598,1018,928,1126,1241,1241,1391,1231,1141,1198,1856,1666,1862,610,587,602,180,174,184,549,516,549
30-Sep-26,03:00,17829,0,615,572,592,1018,927,1117,1237,1237,1392,1231,1139,1208,1856,1664,1862,610,586,609,180,174,185,549,515,554
30-Sep-26,03:05,17767,0,615,572,586,1018,925,1117,1233,1233,1384,1231,1138,1186,1856,1662,1861,606,584,603,180,173,185,549,514,558
30-Sep-26,03:10,17713,0,615,571,592,1018,924,1116,1230,1230,1406,1231,1137,1235,1856,1661,1861,602,583,587,180,173,185,549,513,562
30-Sep-26,03:15,17667,0,615,570,588,1018,922,1113,1226,1226,1401,1231,1135,1252,1856,1659,1860,598,581,596,180,172,185,549,512,559
30-Sep-26,03:20,17628,0,615,569,593,1018,921,1121,1222,1222,1402,1231,1134,1248,1856,1658,1860,594,580,588,180,172,184,549,512,557
30-Sep-26,03:25,17563,0,615,568,592,1018,920,1122,1219,1219,1414,1231,1132,1242,1856,1656,1861,590,578,592,180,172,184,549,511,558
30-Sep-26,03:30,17587,0,615,568,591,1018,918,1115,1215,1215,1427,1231,1131,1234,1856,1655,1863,586,576,586,180,171,184,549,510,565
30-Sep-26,03:35,17517,0,615,567,596,1018,917,1114,1211,1211,1409,1231,1129,1236,1856,1653,1864,582,575,582,180,171,184,549,509,562
30-Sep-26,03:40,17450,0,615,566,608,1018,916,1117,1207,1207,1412,1231,1128,1242,1856,1651,1866,578,573,578,180,170,183,549,508,569
30-Sep-26,03:45,17374,0,615,565,613,1018,914,1109,1204,1204,1425,1231,1126,1250,1856,1650,1868,574,572,578,180,170,183,549,507,564
30-Sep-26,03:50,17303,0,615,564,610,1018,913,1107,1200,1200,1423,1231,1125,1253,1856,1648,1870,568,566,574,180,170,183,549,506,564
30-Sep-26,03:55,17369,0,615,564,609,1018,911,1119,1196,1196,1426,1231,1123,1238,1856,1647,1873,562,561,581,180,169,183,549,505,566
30-Sep-26,04:00,17325,0,615,563,607,1018,910,1120,1193,1193,1400,1231,1122,1245,1856,1645,1875,556,556,579,180,169,182,549,505,567
30-Sep-26,04:05,17303,0,615,562,605,1018,909,1118,1189,1189,1393,1231,1120,1202,1856,1644,1867,555,555,569,180,168,182,549,504,562
30-Sep-26,04:10,17262,0,615,561,609,1018,907,1109,1185,1185,1408,1231,1119,1192,1856,1642,1875,554,554,554,180,168,182,549,503,561
30-Sep-26,04:15,17236,0,615,561,605,1018,906,1113,1182,1182,1434,1231,1118,1238,1856,1640,1867,553,553,552,180,168,182,549,502,560
30-Sep-26,04:20,17287,0,615,560,610,1018,905,1119,1178,1178,1431,1231,1116,1237,1856,1639,1867,552,552,552,180,167,182,549,501,560
30-Sep-26,04:25,17183,0,615,559,608,1018,903,1128,1174,1174,1434,1231,1115,1248,1856,1637,1869,551,551,557,180,167,182,549,500,559
30-Sep-26,04:30,17192,0,615,558,604,1018,902,1120,1171,1171,1429,1231,1113,1244,1856,1636,1871,550,550,554,180,166,182,549,499,560
30-Sep-26,04:35,17264,0,615,557,591,1018,900,1117,1167,1167,1440,1231,1112,1223,1856,1634,1873,549,549,552,180,166,181,549,498,561
30-Sep-26,04:40,17322,0,615,557,587,1018,899,1111,1163,1163,1454,1231,1110,1228,1856,1633,1870,548,548,553,180,166,181,549,498,562
30-Sep-26,04:45,17298,0,615,556,589,1018,898,1118,1160,1160,1437,1231,1109,1251,1856,1631,1866,547,547,553,180,165,181,549,497,563
30-Sep-26,04:50,17341,0,615,555,595,1018,896,1114,1156,1156,1435,1231,1107,1253,1856,1630,1862,546,546,552,180,164,181,549,496,560
30-Sep-26,04:55,17430,0,615,554,606,1018,895,1124,1152,1152,1411,1231,1106,1247,1856,1628,1859,546,546,552,180,164,181,549,495,562
30-Sep-26,05:00,17432,0,615,553,603,1018,894,1118,1149,1149,1361,1231,1104,1264,1856,1626,1856,545,545,554,180,164,180,549,494,562
30-Sep-26,05:05,17331,0,615,553,605,1018,892,1111,1123,1123,1290,1231,1103,1198,1856,1625,1852,544,544,553,180,163,180,549,493,561
30-Sep-26,05:10,17292,0,615,552,608,1018,891,1117,1097,1097,1232,1231,1101,1199,1856,1623,1858,543,543,556,180,163,180,549,492,565
30-Sep-26,05:15,17350,0,615,551,629,1018,889,1118,1071,1071,1209,1231,1100,1255,1856,1622,1864,542,542,555,180,162,180,549,491,564
30-Sep-26,05:20,17397,0,615,550,620,1018,888,1119,1045,1069,1185,1231,1099,1247,1856,1620,1869,541,541,554,180,162,180,549,491,561
30-Sep-26,05:25,17506,0,615,550,621,1018,887,1126,1045,1066,1198,1231,1097,1242,1856,1619,1868,540,540,554,180,162,179,549,490,558
30-Sep-26,05:30,17516,0,615,549,622,1018,885,1115,1045,1064,1153,1231,1096,1258,1856,1617,1868,539,539,553,180,161,179,549,489,558
30-Sep-26,05:35,17562,0,615,548,618,1018,884,1115,1045,1062,1155,1231,1094,1235,1856,1616,1868,538,538,551,180,161,179,549,488,563
30-Sep-26,05:40,17502,0,615,547,622,1018,883,1120,1045,1060,1185,1231,1093,1214,1856,1614,1867,537,537,546,180,160,179,549,487,563
30-Sep-26,05:45,17463,0,615,546,631,1018,881,1118,1045,1057,1191,1231,1091,1254,1856,1612,1865,536,536,543,180,160,178,549,486,560
30-Sep-26,05:50,17596,0,615,546,631,1018,880,1118,1045,1055,1183,1231,1090,1257,1856,1611,1863,534,534,540,180,160,178,549,485,561
30-Sep-26,05:55,17590,0,615,545,636,1018,878,1126,1045,1053,1187,1231,1088,1266,1856,1609,1861,531,531,535,180,159,178,549,484,564
30-Sep-26,06:00,17622,1,615,544,636,1018,877,1128,1045,1050,1183,1231,1087,1264,1856,1608,1859,529,529,534,180,159,178,549,484,564
30-Sep-26,06:05,17646,1,615,543,633,1018,876,1121,1045,1048,1177,1231,1085,1212,1856,1606,1851,527,527,536,180,158,177,549,483,563
30-Sep-26,06:10,17563,4,615,542,639,1018,874,1118,1045,1046,1184,1231,1084,1248,1856,1605,1859,525,525,528,180,158,177,549,482,562
30-Sep-26,06:15,16947,12,615,542,646,1018,873,1119,1045,1044,1167,1231,1083,1270,1856,1603,1859,522,522,529,180,158,177,549,481,560
30-Sep-26,06:20,16657,18,615,541,649,1018,872,1134,1045,1041,1175,1231,1081,1285,1856,1601,1874,523,516,524,180,157,177,549,480,559
30-Sep-26,06:25,16442,27,615,540,648,1018,870,1128,1045,1039,1181,1231,1080,1279,1856,1600,1876,523,510,514,180,157,176,549,479,566
30-Sep-26,06:30,16320,44,615,539,647,1018,869,1125,1045,1037,1190,1231,1078,1281,1856,1598,1878,524,504,516,180,156,176,549,478,566
30-Sep-26,06:35,16345,52,615,539,649,1018,867,1120,1045,1034,1189,1231,1077,1279,1856,1597,1880,524,498,521,180,156,176,549,477,564
30-Sep-26,06:40,16413,74,615,538,648,1018,866,1116,1045,1032,1192,1231,1075,1278,1856,1595,1882,525,492,521,180,156,176,549,477,564
30-Sep-26,06:45,16378,96,615,537,644,1018,865,1150,1045,1030,1190,1231,1074,1271,1856,1594,1879,525,486,523,180,155,175,549,476,563
30-Sep-26,06:50,16270,124,615,536,645,1018,863,1129,1045,1028,1192,1231,1072,1273,1856,1592,1876,526,480,524,180,155,175,549,475,563
30-Sep-26,06:55,16232,142,615,535,641,1018,862,1115,1045,1025,1191,1231,1071,1265,1856,1590,1873,526,474,523,180,154,175,549,474,561
30-Sep-26,07:00,16261,176,615,535,634,1018,861,1135,1045,1023,1173,1231,1069,1205,1856,1589,1870,527,469,525,180,154,174,549,473,561
30-Sep-26,07:05,16190,201,615,534,636,1018,859,1128,1045,1021,1169,1231,1068,1190,1856,1587,1868,527,463,530,180,154,173,549,472,549
30-Sep-26,07:10,16274,247,615,533,637,1018,858,1114,1045,1018,1130,1231,1066,1253,1856,1586,1865,528,457,538,180,153,172,549,471,555
30-Sep-26,07:15,15348,355,615,532,632,1018,856,1126,1045,1016,1116,1231,1065,1214,1856,1584,1862,528,451,534,180,152,171,549,470,546
30-Sep-26,07:20,15313,397,615,531,636,1018,855,1120,1045,1014,1140,1231,1064,1175,1856,1583,1859,529,445,529,180,152,166,549,470,548
30-Sep-26,07:25,15305,432,615,531,633,1018,854,1104,1045,1012,1110,1231,1062,1181,1856,1581,1867,529,439,527,180,152,161,549,469,547
30-Sep-26,07:30,15247,492,615,530,625,1018,852,1097,1045,1009,1084,1231,1061,1149,1856,1580,1743,530,433,528,180,151,156,549,468,517
30-Sep-26,07:35,15172,526,615,529,626,1018,810,1065,1045,1011,1072,1231,1059,1148,1856,1510,1704,530,408,520,180,151,151,549,447,501
30-Sep-26,07:40,15027,577,615,528,638,1018,768,984,1045,1013,1069,1231,1058,1218,1856,1440,1572,531,384,475,180,151,163,549,426,480
30-Sep-26,07:45,14946,655,615,528,627,1018,726,874,1045,1015,1064,1231,1056,1208,1856,1369,1518,531,360,439,180,151,153,549,405,442
30-Sep-26,07:50,14809,715,615,527,628,1018,680,836,1045,1017,1060,1231,1055,1158,1856,1314,1371,532,335,397,180,151,153,549,379,425
30-Sep-26,07:55,14757,750,615,526,624,1018,634,785,1045,1018,1050,1231,1053,1157,1856,1260,1302,534,335,373,180,151,151,549,354,406
30-Sep-26,08:00,14695,805,615,525,619,1018,589,681,1045,1020,1050,1231,1052,1160,1856,1205,1118,535,335,348,180,151,151,549,328,368
30-Sep-26,08:05,14744,865,615,524,627,1018,543,650,1045,1022,1048,1231,1050,1161,1856,1212,1141,536,335,349,180,151,147,549,302,336
30-Sep-26,08:10,14794,895,615,524,628,1018,543,634,1045,1024,1047,1231,1049,1182,1856,1220,1149,537,335,351,180,151,147,549,302,331
30-Sep-26,08:15,14766,949,615,523,608,1018,543,619,1045,1026,1056,1231,1047,1226,1856,1227,1149,539,335,348,180,151,148,549,302,324
30-Sep-26,08:20,14715,983,615,500,580,1018,543,629,1045,1028,1091,1231,1001,1148,1856,1234,1133,540,335,347,180,151,150,549,302,319
30-Sep-26,08:25,14768,1040,615,476,565,1018,543,646,1045,1030,1107,1231,954,1090,1856,1242,1156,541,335,346,180,151,156,549,302,306
30-Sep-26,08:30,14759,1091,615,452,512,1018,543,633,1045,1032,1130,1231,908,1056,1856,1249,1141,542,335,343,180,151,156,549,302,306
30-Sep-26,08:35,14799,1120,615,424,490,1018,543,628,1045,1034,1145,1231,850,1034,1856,1256,1149,544,335,345,180,151,158,549,302,311
30-Sep-26,08:40,14873,1165,615,396,445,1018,543,642,1045,1036,1138,1231,792,936,1856,1263,1180,545,335,345,180,151,159,549,302,308
30-Sep-26,08:45,14881,1228,615,367,411,1018,543,650,1045,1037,1159,1231,735,835,1856,1271,1179,546,335,341,180,151,152,549,302,326
30-Sep-26,08:50,14911,1245,615,360,395,1018,543,646,1045,1039,1161,1231,677,788,1856,1278,1172,547,335,341,180,151,154,549,302,323
30-Sep-26,08:55,14825,1304,615,352,373,1018,543,638,1045,1041,1181,1231,677,716,1856,1285,1180,549,335,342,180,151,153,549,302,327
30-Sep-26,09:00,14879,1337,615,345,363,1018,543,635,1045,1043,1157,1231,677,709,1856,1293,1208,550,335,342,180,151,153,549,302,315
30-Sep-26,09:05,15086,1393,615,338,354,1018,543,636,1045,1038,1119,1231,677,698,1856,1254,1236,551,335,343,180,151,152,549,302,314
30-Sep-26,09:10,15321,1408,615,338,355,1018,543,634,1045,1033,1077,1231,677,686,1856,1216,1264,552,335,344,180,151,152,549,302,318
30-Sep-26,09:15,15510,1473,615,338,354,1018,543,645,1045,1028,1078,1231,677,686,1856,1177,1293,554,335,344,180,151,155,549,302,327
30-Sep-26,09:20,15623,1497,615,338,357,1018,543,640,1045,1022,1108,1231,677,710,1856,1138,1321,555,335,345,180,151,154,549,302,316
30-Sep-26,09:30,15795,1578,615,338,365,1018,543,632,1045,1017,1121,1231,677,745,1856,1099,1349,556,335,346,180,151,156,549,302,318
30-Sep-26,09:45,16075,1683,615,338,378,1018,543,652,1045,1012,1149,1231,677,747,1856,1061,1334,557,335,346,180,151,156,549,302,324
30-Sep-26,09:55,16160,1739,615,338,372,1018,543,656,1045,1007,1121,1231,677,732,1856,1022,1063,559,335,347,180,151,157,549,302,315
30-Sep-26,10:20,16508,1895,615,338,360,1018,543,640,1045,1007,1127,1231,677,746,1856,1021,1033,560,335,345,180,151,159,549,302,312
30-Sep-26,10:30,16448,1940,615,338,366,1018,543,632,1045,1007,1077,1231,677,673,1856,1021,1031,560,335,343,180,151,158,549,302,315
30-Sep-26,10:45,16683,2110,615,338,365,1018,543,636,1045,1007,1020,1231,677,678,1856,1021,1028,560,335,344,180,151,158,549,302,312
30-Sep-26,10:50,16663,2144,615,338,368,1018,543,633,1045,1007,1016,1231,677,679,1856,1021,1026,560,335,344,180,151,157,549,302,312
30-Sep-26,10:55,16736,2131,615,338,364,1018,543,628,1045,1007,1026,1231,677,684,1856,1021,1024,560,335,344,180,151,158,549,302,313
30-Sep-26,11:00,16747,2180,615,338,364,1018,543,624,1045,1007,1047,1231,677,695,1856,1021,1021,560,335,345,180,151,160,549,302,320
30-Sep-26,11:05,16686,2179,615,338,365,1018,543,631,1045,1007,1062,1231,677,700,1856,1021,1019,560,335,346,180,151,158,549,302,315
